# source: refractiveindex.info database (CC0), main/Ag/nk/Yang.yml
# freq_cm1,eps_real,eps_imag
401.284,-20442.9,15076.4
416.667,-19435,13809.7
432.152,-18514.2,12681.5
447.427,-17649.7,11670.6
462.963,-16815.2,10753.1
478.469,-16038.9,9925.99
493.827,-15318.5,9183.44
509.165,-14628.9,8505.63
524.659,-13993.9,7895.44
539.957,-13388.7,7337.61
555.556,-12813,6826.96
571.102,-12288.9,6366.51
586.51,-11769.9,5940.21
601.685,-11300.8,5554.63
617.284,-10836.6,5197.48
632.511,-10399.7,4868.08
648.088,-10009.4,4569.45
663.57,-9623.48,4291.1
678.887,-9256,4035.14
694.444,-8910.65,3799.34
709.723,-8585.14,3580.42
725.163,-8275.03,3376.83
740.741,-7979.51,3189.69
755.858,-7700.61,3015.01
771.605,-7434.25,2851.55
786.782,-7181.44,2700.88
802.568,-6940.39,2560.42
817.661,-6710.74,2429.73
833.333,-6492.43,2306.76
848.896,-6283.21,2192.52
864.304,-6084.68,2085.34
879.507,-5894.95,1984.66
895.255,-5712.22,1889.99
910.747,-5539.34,1801.58
925.926,-5373.03,1718.7
941.62,-5213.34,1639.69
956.938,-5061.31,1566.07
971.817,-4915.3,1497.41
987.167,-4775.36,1432.13
1003.01,-4641.32,1370.11
1018.43,-4512.92,1311.93
1033.91,-4388.72,1256.97
1049.32,-4269.99,1204.93
1064.74,-4155.25,1155.64
1080.26,-4045.72,1109.07
1095.65,-3939.99,1064.96
1110.99,-3839.24,1023.25
1126.51,-3740.87,983.426
1141.94,-3647.27,945.865
1157.27,-3555.92,909.945
1172.75,-3469.16,876.035
1188.21,-3384.54,843.542
1203.66,-3303.14,812.8
1219.07,-3224.94,783.411
1234.57,-3148.7,755.426
1249.84,-3075.52,728.824
1265.34,-3004.22,703.324
1280.74,-2935.86,679.023
1296.18,-2870.38,655.883
1311.65,-2806.62,633.749
1327.14,-2744.58,612.596
1342.46,-2684.21,592.292
1357.96,-2626.52,572.927
1373.44,-2570.42,554.465
1388.89,-2515.89,536.682
1404.3,-2462.9,519.659
1419.65,-2412.4,503.38
1435.13,-2362.39,487.721
1450.54,-2314.8,472.767
1466.06,-2267.65,458.307
1481.48,-2222.85,444.614
1496.78,-2178.47,431.292
1512.4,-2136.36,418.61
1527.65,-2094.64,406.279
1543.21,-2054.21,394.472
1558.6,-2015.05,383.175
1574.06,-1977.14,372.286
1589.32,-1940.46,361.795
1604.88,-1904.1,351.612
1620.22,-1868.92,341.897
1635.59,-1834.92,332.467
1651.25,-1802.06,323.486
1666.67,-1769.49,314.698
1682.09,-1738.03,306.342
1697.5,-1707.67,298.241
1712.92,-1678.38,290.472
1728.31,-1649.34,282.874
1743.68,-1620.53,275.528
1759.32,-1592.77,268.415
1774.62,-1566.03,261.609
1790.19,-1540.29,255.104
1805.38,-1514.76,248.748
1820.83,-1489.43,242.542
1836.21,-1465.07,236.544
1851.85,-1441.67,230.825
1867.06,-1418.44,225.244
1882.53,-1395.4,219.799
1897.89,-1373.28,214.545
1913.51,-1352.06,209.552
1929.01,-1331.01,204.611
1944.39,-1310.11,199.868
1959.63,-1290.1,195.228
1975.11,-1270.22,190.78
1990.84,-1251.21,186.43
2006.02,-1232.34,182.195
2021.43,-1213.6,178.143
2037.07,-1195.7,174.182
2052.55,-1178.62,170.31
2067.82,-1160.96,166.564
2083.33,-1144.11,162.971
2098.64,-1128.06,159.461
2114.16,-1111.45,156.005
2129.47,-1095.62,152.694
2145,-1080.56,149.461
2160.29,-1065.6,146.324
2175.81,-1050.74,143.281
2191.06,-1035.98,140.331
2206.53,-1021.96,137.452
2222.22,-1008.04,134.599
2237.64,-994.204,131.898
2252.76,-980.465,129.223
2268.6,-967.444,126.613
2283.63,-954.506,124.088
2299.38,-942.269,121.625
2314.81,-930.107,119.245
2329.92,-917.413,116.908
2345.77,-906.012,114.668
2361.28,-894.078,112.47
2376.43,-882.819,110.328
2391.77,-871.631,108.204
2407.32,-860.51,106.157
2422.48,-849.461,104.127
2438.43,-839.059,102.208
2453.39,-828.721,100.306
2469.14,-818.444,98.4758
2484.47,-808.231,96.6611
2500,-798.647,94.8951
2515.09,-789.117,93.1997
2531,-779.644,91.5178
2546.47,-770.229,89.8496
2561.48,-760.866,88.2502
2577.32,-752.111,86.6953
2592.69,-742.856,85.176
2608.24,-734.205,83.6455
2623.29,-725.598,82.235
2638.52,-717.581,80.812
2653.93,-709.072,79.4233
2669.51,-701.144,78.0749
2685.28,-693.26,76.7367
2700.51,-685.418,75.4612
2715.92,-677.623,74.1431
2731.49,-669.867,72.9389
2746.5,-662.674,71.72
2762.43,-655.004,70.5338
2777.78,-647.888,69.3838
2793.3,-640.811,68.2422
2808.2,-633.773,67.109
2824.06,-627.272,66.0607
2839.3,-620.306,64.9936
2854.7,-613.875,63.9602
2870.26,-606.983,62.9085
2886,-600.619,61.939
2901.07,-594.291,60.9274
2916.3,-587.993,59.9716
2931.69,-582.212,59.047
2947.24,-575.977,58.1526
2962.96,-569.777,57.2166
2977.96,-564.084,56.3586
2994.01,-558.42,55.5064
3009.33,-552.784,54.6599
3024.8,-547.176,53.8192
3040.44,-541.595,53.0308
3055.3,-536.045,52.2014
3071.25,-530.982,51.4461
3086.42,-525.484,50.6736
3101.74,-520.471,49.9282
3117.21,-515.026,49.2115
3132.83,-510.063,48.4758
3147.62,-505.122,47.79
3163.56,-500.205,47.1086
3178.64,-495.315,46.387
3193.87,-490.446,45.7145
3209.24,-486.04,45.1111
3224.77,-481.217,44.447
3240.44,-476.854,43.8512
3256.27,-472.076,43.1998
3271.18,-467.755,42.5985
3287.31,-463.452,42.0096
3302.51,-459.17,41.4285
3317.85,-454.907,40.8554
3333.33,-450.664,40.29
3348.96,-446.44,39.7366
3363.61,-442.657,39.2095
3379.52,-438.471,38.6712
3394.43,-434.304,38.1404
3410.64,-430.572,37.6352
3425.83,-426.856,37.1371
3441.16,-422.744,36.6324
3456.62,-419.062,36.1485
3472.22,-415.395,35.6755
3487.97,-411.745,35.2054
3502.63,-408.11,34.746
3518.65,-404.492,34.2894
3533.57,-400.889,33.8436
3549.88,-397.701,33.417
3565.06,-394.128,32.9842
3580.38,-390.571,32.5539
3595.83,-387.424,32.1465
3611.41,-383.898,31.729
3625.82,-380.777,31.3339
3641.66,-377.67,30.9449
3657.64,-374.187,30.5462
3672.42,-371.106,30.1655
3688.68,-368.038,29.7907
3703.7,-364.982,29.4257
3718.85,-361.939,29.0588
3734.13,-358.909,28.7016
3749.53,-356.268,28.3652
3765.06,-353.262,28.0156
3780.72,-350.267,27.6717
3796.51,-347.286,27.3297
3810.98,-344.688,27.0116
3827.02,-341.73,26.6807
3841.72,-339.153,26.3696
3858.02,-336.219,26.046
3872.97,-333.663,25.7419
3888.02,-331.116,25.443
3904.72,-328.579,25.1457
3920.03,-325.691,24.8433
3935.46,-323.174,24.5528
3951.01,-320.668,24.2708
3965.11,-318.171,23.9904
3980.89,-315.684,23.7114
3996.8,-313.206,23.4374
4012.84,-311.091,23.1815
4027.39,-308.632,22.9138
4043.67,-306.182,22.6509
4058.44,-303.741,22.393
4073.32,-301.658,22.1491
4089.98,-299.236,21.8937
4105.09,-296.824,21.6431
4120.31,-294.764,21.4097
4135.65,-292.712,21.1774
4151.1,-290.326,20.934
4182.35,-285.92,20.4732
4198.15,-283.899,20.2522
4212.3,-281.884,20.0357
4228.33,-279.877,19.8202
4244.48,-277.877,19.6057
4258.94,-275.884,19.3955
4275.33,-273.898,19.1897
4304.78,-269.947,18.7811
4321.52,-267.983,18.5815
4336.51,-266.025,18.3828
4351.61,-264.075,18.1884
4382.12,-260.195,17.8024
4397.54,-258.588,17.625
4413.06,-256.665,17.4374
4428.7,-254.749,17.254
4460.3,-251.256,16.9004
4474.27,-249.676,16.7333
4490.35,-247.786,16.5564
4506.53,-246.217,16.3939
4537.21,-242.783,16.0608
4551.66,-241.23,15.9005
4568.3,-239.372,15.7339
4597.7,-236.293,15.4261
4614.67,-234.761,15.2748
4644.68,-231.711,14.9772
4659.83,-229.89,14.8211
4675.08,-228.379,14.6755
4705.88,-225.371,14.3922
4721.44,-223.874,14.2514
4752.85,-221.194,13.9842
4768.72,-219.711,13.8483
4798.46,-216.76,13.5811
4814.64,-215.293,13.4498
4844.96,-212.663,13.201
4861.45,-211.21,13.0715
4892.37,-208.605,12.8316
4906.77,-207.165,12.7066
4938.27,-204.586,12.4726
4952.95,-203.445,12.3607
4985.04,-200.889,12.1352
5000,-199.476,12.0133
5015.05,-198.349,11.9117
5025.13,-197.506,11.8385
5030.18,-197.226,11.8076
5050.51,-195.546,11.6621
5060.73,-194.709,11.5896
5076.14,-193.596,11.4896
5102.04,-191.379,11.31
5107.25,-191.103,11.2797
5128.21,-189.449,11.1399
5138.75,-188.9,11.0825
5154.64,-187.53,10.971
5170.63,-186.437,10.8788
5181.35,-185.62,10.8059
5184.03,-185.348,10.7843
5208.33,-183.72,10.6392
5216.48,-183.178,10.5964
5235.6,-181.829,10.4763
5246.59,-181.022,10.4127
5263.16,-179.949,10.3146
5277.04,-178.878,10.233
5291.01,-177.811,10.1491
5293.81,-177.811,10.1437
5319.15,-175.951,9.98966
5324.81,-175.686,9.96887
5347.59,-174.101,9.834
5353.32,-173.574,9.79538
5376.34,-172.261,9.67944
5385.03,-171.737,9.63585
5405.41,-170.431,9.52596
5417.12,-169.649,9.4702
5434.78,-168.61,9.37618
5446.62,-167.833,9.31306
5464.48,-166.541,9.21774
5479.45,-165.768,9.1551
5494.51,-164.741,9.07018
5509.64,-163.973,9.00543
5524.86,-162.951,8.92368
5540.17,-162.187,8.8594
5555.56,-161.17,8.78078
5571.03,-160.411,8.71443
5586.59,-159.4,8.63639
5602.24,-158.392,8.56624
5617.98,-157.639,8.49558
5633.8,-156.637,8.42846
5649.72,-155.639,8.34912
5662.51,-155.141,8.29836
5681.82,-153.899,8.21046
5694.76,-153.404,8.16501
5714.29,-152.169,8.07283
5724.1,-151.676,8.03264
5747.13,-150.448,7.93869
5757.05,-149.958,7.9037
5780.35,-148.738,7.80312
5787.04,-148.251,7.77571
5813.95,-147.037,7.67101
5817.34,-146.795,7.65742
5847.95,-145.105,7.53607
5865.1,-144.384,7.47884
5882.35,-143.425,7.40604
5896.23,-142.947,7.36497
5917.16,-141.755,7.27939
5924.17,-141.279,7.24814
5952.38,-140.094,7.15136
5955.93,-139.858,7.13822
5988.02,-138.444,7.02669
6002.4,-137.739,6.97826
6024.1,-136.569,6.89944
6035,-136.336,6.87251
6060.61,-134.939,6.77678
6064.28,-134.94,6.76981
6097.56,-133.319,6.65742
6112.47,-132.859,6.61822
6134.97,-131.709,6.53901
6142.51,-131.48,6.51955
6172.84,-130.109,6.42155
6188.12,-129.426,6.37508
6211.18,-128.518,6.30504
6218.91,-128.065,6.28034
6250,-126.712,6.18624
6265.66,-126.263,6.14603
6289.31,-125.142,6.07169
6297.23,-124.919,6.05509
6329.11,-123.583,5.96032
6341.15,-123.139,5.9274
6369.43,-122.032,5.84987
6373.49,-121.812,5.84016
6410.26,-120.492,5.74254
6418.49,-120.054,5.71674
6451.61,-118.743,5.62876
6464.12,-118.308,5.59667
6493.51,-117.224,5.5233
6497.73,-117.224,5.52113
6535.95,-115.714,5.41874
6544.5,-115.499,5.4051
6578.95,-114.214,5.31721
6587.62,-113.787,5.29232
6622.52,-112.724,5.21442
6635.7,-112.3,5.18552
6666.67,-111.033,5.10979
6680.03,-110.612,5.07906
6711.41,-109.564,5.01094
6756.76,-108.104,4.91296
6802.72,-106.655,4.81585
6807.35,-106.448,4.80912
6849.32,-105.215,4.72165
6896.55,-103.581,4.62172
6944.44,-102.162,4.52928
6958.94,-101.758,4.50216
6993.01,-100.753,4.43768
7007.71,-100.352,4.41481
7052.19,-99.0149,4.33155
7097.23,-97.6869,4.24703
7142.86,-96.3874,4.16761
7204.61,-94.7072,4.06297
7251.63,-93.4664,3.98791
7315.29,-91.8502,3.89
7358.35,-90.6664,3.81722
7407.41,-89.4524,3.74616
7423.9,-89.1124,3.72581
7462.69,-88.0964,3.66508
7468.26,-87.9652,3.65671
7518.8,-86.7508,3.5848
7530.12,-86.4904,3.57011
7575.76,-85.3971,3.50679
7633.59,-84.0723,3.42995
7639.42,-83.9807,3.42442
7692.31,-82.7578,3.35389
7698.23,-82.5942,3.34512
7751.94,-81.4357,3.27824
7763.98,-81.2374,3.26704
7812.5,-80.1421,3.20553
7824.73,-79.9275,3.19229
7874.02,-78.8411,3.13144
7886.44,-78.6282,3.12011
7936.51,-77.5683,3.06025
8000,-76.2884,2.98946
8064.52,-75.0365,2.9215
8130.08,-73.7777,2.85221
8196.72,-72.5296,2.78539
8264.46,-71.309,2.71961
8333.33,-70.082,2.65424
8403.36,-68.8656,2.59126
8474.58,-67.6764,2.52929
8547.01,-66.4811,2.4677
8620.69,-65.2966,2.40682
8695.65,-64.1226,2.34664
8771.93,-62.9593,2.28874
8849.56,-61.8066,2.23152
8928.57,-60.6802,2.17525
9009.01,-59.5487,2.11936
9090.91,-58.4278,2.06568
9174.31,-57.3024,2.01086
9259.26,-56.2029,1.95848
9345.79,-55.1141,1.90823
9433.96,-54.036,1.85712
9523.81,-52.9684,1.8081
9615.38,-51.9115,1.75971
9708.74,-50.851,1.71168
9803.92,-49.8156,1.66451
9900.99,-48.7768,1.61912
10001,-47.7628,1.57455
10102,-46.7457,1.53034
10205.1,-45.7531,1.4883
10311.4,-44.7578,1.44526
10417.8,-43.7867,1.40434
10527.4,-42.8131,1.36377
10639.4,-41.8504,1.32506
10753.8,-40.8987,1.2856
10870.7,-39.9579,1.24822
10990.2,-39.0281,1.21136
11112.3,-38.1092,1.17528
11237.2,-37.2013,1.14009
11364.9,-36.3043,1.10565
11495.6,-35.4063,1.07201
11629.3,-34.5313,1.03917
11766.1,-33.6557,1.00711
11906.2,-32.8027,0.975937
12049.6,-31.9494,0.945408
12196.6,-31.1073,0.915684
12347.2,-30.2765,0.886753
12501.6,-29.4569,0.858492
12659.8,-28.6486,0.831
12822.2,-27.8515,0.804367
12988.7,-27.0552,0.778219
13159.6,-26.2705,0.752907
13335.1,-25.5074,0.728354
13515.3,-24.7456,0.70446
13700.5,-23.9954,0.681255
13890.8,-23.2567,0.658725
14086.5,-22.52,0.636723
14287.8,-21.7952,0.615468
14494.9,-21.0915,0.595069
14708,-20.3902,0.575158
14927.6,-19.6919,0.555815
15153.8,-19.0145,0.537188
15387,-18.3404,0.519185
15627.4,-17.6785,0.501741
15875.5,-17.0204,0.484888
16131.6,-16.383,0.468758
16396.1,-15.7418,0.453066
16669.4,-15.1211,0.438057
16952,-14.5054,0.423561
17244.4,-13.895,0.409558
17546.9,-13.305,0.396246
17860.3,-12.7135,0.383416
18185.1,-12.1354,0.371116
18521.9,-11.564,0.359282
18871.5,-11.0064,0.348058
19234.5,-10.4496,0.337202
19611.7,-9.90721,0.326951
20004,-9.37316,0.317223
20412.3,-8.842,0.307809
20837.7,-8.32631,0.299047
21281.1,-7.80932,0.290568
21743.9,-7.30348,0.282572
22227.2,-6.8041,0.275041
22732.4,-6.31233,0.267986
23261.2,-5.81964,0.261135
23815.2,-5.33306,0.254793
24396.2,-4.85002,0.248807
25006.3,-4.36472,0.243151
25647.6,-3.8812,0.2379
26322.7,-3.38528,0.232886
27034.3,-2.88208,0.228583
27777.8,-2.35391,0.225454
28571.4,-1.79115,0.226441
29411.8,-1.16276,0.240431
30303,-0.41084,0.299225
31250,0.559769,0.546176
32258.1,1.61556,1.42572
33333.3,1.75604,2.93675
34482.8,0.979737,3.57642
35714.3,0.643929,3.66296
37037,0.123372,3.5955
