# source: refractiveindex.info database (CC0), main/Al2O3/nk/Querry-e.yml
# freq_cm1,eps_real,eps_imag
180,13.6078,0.22134
190,13.8892,0.275798
200,14.197,0.211008
210,14.5463,0.122048
220,14.9377,0.17006
230,15.3725,0.329364
240,15.868,0.51792
250,16.4402,0.42983
260,17.105,0.322608
270,17.8568,0.405696
280,18.4583,0.661738
290,19.2556,0.772464
300,20.5719,0.526176
310,22.2501,0.028302
320,24.4698,-0.54417
330,27.1753,0.072982
340,30.6606,1.04114
350,35.5003,1.74032
360,43.6116,0.46228
370,59.1075,-1.76847
380,100.04,4.92246
390,152.898,155.316
400,-100.401,147.649
410.001,-82.7876,37.5369
420,-53.4118,16.3955
430,-37.7282,7.95469
439.999,-24.9855,3.53777
450,-16.9828,1.83239
460.001,-12.7404,1.15051
470,-9.99846,0.86721
480.001,-7.87449,0.82614
489.999,-4.888,0.59805
500,-2.30975,0.3843
510.001,-0.30832,0.388008
519.999,1.58994,0.799568
530.001,3.76349,1.60938
540.001,6.64759,1.97535
550.001,11.1099,1.96076
560.001,18.969,1.93628
569.999,35.1647,21.1734
579.999,-5.41859,58.1292
589.998,-29.0513,23.4744
599.999,-22.7773,10.6515
610.002,-18.2477,6.34498
620.001,-13.8666,3.3834
630.001,-10.5244,2.22468
640,-8.48258,1.76266
650.001,-7.62552,1.57677
660.001,-6.91288,1.31522
669.999,-6.11871,1.01266
679.999,-5.21588,0.76944
689.998,-4.47614,0.6363
700.001,-3.97926,0.576
710,-3.59772,0.536364
719.999,-3.25399,0.492048
730.002,-2.84622,0.436536
740.001,-2.48784,0.386008
750.002,-2.19307,0.365556
760,-1.9753,0.35275
770.001,-1.77512,0.329148
780.001,-1.55405,0.290464
790.002,-1.3326,0.26448
800,-1.14455,0.24748
809.999,-0.997481,0.22512
820.001,-0.850368,0.193024
830,-0.691353,0.160704
839.997,-0.525336,0.13889
850,-0.372552,0.127514
860.001,-0.235625,0.124248
869.996,-0.111853,0.131196
880.003,-0.001575,0.137808
889.996,0.102675,0.1369
900.001,0.2046,0.13775
910.001,0.291787,0.136284
919.997,0.38628,0.137558
929.999,0.4672,0.149472
940,0.5376,0.148
950.001,0.609332,0.144624
959.997,0.678188,0.142416
969.998,0.750011,0.14442
979.998,0.812301,0.14842
990.001,0.873444,0.15008
1000,0.920645,0.157932
1010,0.970668,0.146224
1020,1.02242,0.154128
1030,1.07462,0.14546
1040,1.12632,0.161728
1050,1.15044,0.1548
1060,1.19055,0.139904
1070,1.23505,0.135786
1080,1.2852,0.12485
1090,1.32144,0.133516
1100,1.36097,0.133152
1110,1.40142,0.12561
1120,1.43011,0.124488
1129.99,1.46887,0.1213
1140,1.50804,0.120442
1149.99,1.54235,0.129272
1160,1.55719,0.132394
1170,1.57513,0.123088
1180,1.6086,0.106596
1189.99,1.65477,0.10296
1200,1.68036,0.111542
1209.99,1.70109,0.11484
1220,1.71958,0.110208
1230,1.74888,0.100548
1240,1.77811,0.101384
1250,1.7996,0.099308
1260,1.82398,0.09457
1270,1.84844,0.09248
1280,1.87568,0.0959
1290.01,1.89759,0.099216
1300,1.917,0.09695
1310,1.93644,0.09744
1319.99,1.95598,0.09793
1330,1.97273,0.10116
1340,1.99252,0.09884
1350,2.00957,0.096424
1360.01,2.02669,0.093984
1369.99,2.04374,0.09724
1380,2.05807,0.09758
1390.01,2.07533,0.097988
1399.99,2.08983,0.095436
1413.99,2.10438,0.092864
1419.99,2.11891,0.093184
1434.51,2.13343,0.096426
1440.63,2.14507,0.09962
1449.99,2.15981,0.09702
1460,2.17171,0.091388
1470,2.18642,0.094656
1479.99,2.19833,0.091946
1490,2.21015,0.095168
1499.99,2.2251,0.092504
1510,2.23712,0.08976
1520.01,2.24916,0.087
1530.01,2.25811,0.09018
1540,2.27009,0.093434
1550,2.27914,0.09362
1559.99,2.28827,0.09078
1570.01,2.30045,0.087986
1580,2.30956,0.08816
1590,2.31863,0.09138
1600,2.32771,0.094612
1609.99,2.33694,0.09174
1620.01,2.34618,0.088856
1629.99,2.35544,0.08596
1639.99,2.3646,0.089204
1650,2.37076,0.08932
1660,2.38001,0.089494
1670.01,2.38933,0.086576
1679.99,2.39867,0.083646
1689.99,2.40482,0.086856
1699.99,2.41413,0.087024
1709.99,2.42035,0.087136
1719.99,2.42664,0.084132
1730.01,2.43605,0.081172
1740.01,2.44229,0.081276
1750,2.45163,0.084564
1760.01,2.45784,0.087808
1770.01,2.46417,0.08478
1779.99,2.47365,0.081796
1790,2.48,0.07875
1799.99,2.48625,0.082004
1809.99,2.49251,0.085266
1820,2.49883,0.085374
1829.99,2.50521,0.082316
1839.96,2.5116,0.07925
1850,2.51789,0.082524
1860.02,2.52419,0.085806
1870,2.53055,0.085914
1880.02,2.53692,0.086022
1890,2.54016,0.082888
1899.98,2.54649,0.086184
1910,2.54962,0.089432
1920.01,2.55276,0.092684
1929.87,2.55602,0.089544
1940.01,2.56247,0.086454
1951.91,2.56568,0.086508
1960.02,2.56888,0.086562
1970.02,2.57203,0.089824
1980,2.57845,0.089936
1990.01,2.58172,0.086778
2000,2.58499,0.083616
2010.01,2.58815,0.086886
2020,2.59137,0.08694
2030,2.59459,0.086994
2039.98,2.60109,0.083876
2050.02,2.60437,0.0807
2059.99,2.6076,0.08075
2070.01,2.61083,0.0808
2080,2.61725,0.084136
2090,2.62054,0.08095
2100,2.62382,0.07776
2110.02,2.62706,0.077808
2119.99,2.63026,0.0811
2130.02,2.6335,0.08115
2140,2.63675,0.0812
2149.98,2.64005,0.078
2160.01,2.64339,0.071544
2170,2.6466,0.074842
2179.98,2.64981,0.078144
2190,2.65307,0.078192
2199.98,2.65637,0.07498
2209.99,2.65972,0.068502
2220,2.66294,0.071808
2230,2.66616,0.075118
2239.99,2.66943,0.075164
2250.02,2.67274,0.07194
2259.99,2.67605,0.068712
2269.99,2.67933,0.068754
2279.98,2.6826,0.068796
2290.01,2.68912,0.07216
2300.01,2.6924,0.072204
2310,2.69572,0.068964
2320.02,2.69901,0.069006
2330.02,2.69896,0.072292
2340,2.70221,0.075624
2350.01,2.7055,0.07567
2359.99,2.70883,0.072424
2370.01,2.70883,0.072424
2379.99,2.70883,0.072424
2390,2.71212,0.072468
2399.98,2.71208,0.075762
2409.99,2.71546,0.069216
2420.02,2.71876,0.069258
2430.02,2.7221,0.066
2439.98,2.72536,0.069342
2450.02,2.72532,0.072644
2460.02,2.72536,0.069342
2469.99,2.7287,0.06608
2479.97,2.73205,0.062814
2489.98,2.73205,0.062814
2500,2.73532,0.06616
2509.98,2.73863,0.0662
2519.97,2.74197,0.062928
2529.98,2.74533,0.059652
2540.01,2.74864,0.059688
2549.98,2.75192,0.063042
2559.97,2.75188,0.06636
2569.97,2.7552,0.0664
2579.98,2.75524,0.06308
2590,2.75856,0.063118
2599.97,2.75856,0.063118
2610.01,2.75856,0.063118
2620.13,2.76188,0.063156
2629.99,2.76525,0.059868
2639.99,2.76861,0.056576
2649.99,2.7719,0.05994
2660,2.77186,0.06327
2670.01,2.77186,0.06327
2680.03,2.77523,0.059976
2689.98,2.7786,0.056678
2700,2.7786,0.056678
2710.03,2.7819,0.060048
2719.98,2.78524,0.060084
2730,2.78527,0.056746
2740.03,2.78861,0.05678
2749.97,2.78861,0.05678
2759.99,2.79195,0.056814
2770.01,2.79526,0.060192
2780.02,2.79861,0.060228
2790.02,2.79864,0.056882
2800.02,2.80199,0.056916
2810.01,2.80199,0.056916
2820,2.8053,0.0603
2829.98,2.8053,0.0603
2840.02,2.80869,0.056984
2849.98,2.80869,0.056984
2860,2.81204,0.057018
2870.02,2.81201,0.060372
2880.02,2.81532,0.063764
2890.01,2.81532,0.063764
2899.98,2.81536,0.060408
2910.02,2.81536,0.060408
2919.96,2.81872,0.060444
2929.97,2.82204,0.06384
2939.97,2.82204,0.06384
2950.03,2.82544,0.060516
2959.98,2.82544,0.060516
2970,2.8254,0.063878
2980,2.82876,0.063916
2989.98,2.82872,0.06728
3000.03,2.82876,0.063916
3009.96,2.83213,0.063954
3019.96,2.83213,0.063954
3030.03,2.83209,0.06732
3039.98,2.83205,0.070686
3049.99,2.83209,0.06732
3059.98,2.83213,0.063954
3070.03,2.83213,0.063954
3079.96,2.83549,0.063992
3090.04,2.83546,0.06736
3100.01,2.83546,0.06736
3110.03,2.83549,0.063992
3120.03,2.83549,0.063992
3129.99,2.83886,0.06403
3140.01,2.83886,0.06403
3150,2.83886,0.06403
3159.96,2.84223,0.064068
3169.97,2.84227,0.060696
3179.95,2.84561,0.064106
3190,2.84223,0.064068
3200,2.8422,0.06744
3209.96,2.84223,0.064068
3219.99,2.84565,0.060732
3229.97,2.84568,0.057358
3240.02,2.84902,0.060768
3250.02,2.84898,0.064144
3259.98,2.84898,0.064144
3270,2.84902,0.060768
3279.98,2.85243,0.057426
3290.01,2.8524,0.060804
3300,2.8524,0.060804
3310.05,2.85574,0.06422
3320.05,2.85578,0.06084
3330,2.85578,0.06084
3340.01,2.85578,0.06084
3349.97,2.85578,0.06084
3359.99,2.85578,0.06084
3369.95,2.85581,0.05746
3379.98,2.85919,0.057494
3389.95,2.85923,0.054112
3399.97,2.85919,0.057494
3409.94,2.86257,0.057528
3419.97,2.86257,0.057528
3429.94,2.86261,0.054144
3439.97,2.86599,0.054176
3449.94,2.86599,0.054176
3459.97,2.86596,0.057562
3470.05,2.86935,0.057596
3479.96,2.86938,0.054208
3490.04,2.86938,0.054208
3500.05,2.86938,0.054208
3510,2.87277,0.05424
3520.01,2.87274,0.05763
3529.95,2.87274,0.05763
3539.95,2.87277,0.05424
3550,2.87277,0.05424
3559.99,2.87277,0.05424
3570.03,2.87616,0.054272
3579.99,2.87616,0.054272
3590.02,2.87955,0.054304
3599.97,2.87958,0.05091
3609.98,2.87955,0.054304
3620.04,2.87952,0.057698
3630.03,2.87949,0.061092
3639.94,2.87952,0.057698
3650.03,2.87952,0.057698
3660.05,2.87616,0.054272
3669.99,2.87616,0.054272
3679.99,2.87955,0.054304
3690.04,2.87955,0.054304
3700,2.88298,0.05094
3710.02,2.88298,0.05094
3719.96,2.88295,0.054336
3729.95,2.88295,0.054336
3740,2.88295,0.054336
3749.95,2.88298,0.05094
3759.96,2.88301,0.047544
3770.03,2.88298,0.05094
3780,2.88298,0.05094
3790.03,2.88298,0.05094
3799.97,2.88641,0.047572
3809.96,2.88643,0.044174
3820,2.88643,0.044174
3829.95,2.88983,0.0442
3839.95,2.88983,0.0442
3850,2.89326,0.040824
3859.96,2.89326,0.040824
3869.97,2.89666,0.040848
3880.03,2.89666,0.040848
3889.99,2.90004,0.044278
3900,2.90004,0.044278
3910.07,2.90007,0.040872
3920.03,2.90347,0.040896
3930.05,2.90347,0.040896
3939.96,2.90345,0.044304
3950.07,2.90686,0.04433
3959.93,2.90688,0.04092
3969.99,2.91029,0.040944
3979.94,2.91029,0.040944
3989.95,2.91368,0.044382
4000,2.91024,0.047768
4016.06,2.91368,0.044382
4032.26,2.91709,0.044408
4048.58,2.91707,0.047824
4065.04,2.92049,0.047852
4081.63,2.92046,0.05127
4098.36,2.92043,0.054688
4115.23,2.92046,0.05127
4132.23,2.92046,0.05127
4149.38,2.92043,0.054688
4166.67,2.92046,0.05127
4184.1,2.92039,0.058106
4201.68,2.92043,0.054688
4219.41,2.92043,0.054688
4237.29,2.92384,0.05472
4255.32,2.92384,0.05472
4273.5,2.92384,0.05472
4291.85,2.92384,0.05472
4310.34,2.92384,0.05472
4329,2.92384,0.05472
4347.83,2.92727,0.054752
4366.81,2.92727,0.054752
4385.96,2.92727,0.054752
4405.29,2.92723,0.058174
4424.78,2.92727,0.054752
4444.44,2.92723,0.058174
4464.29,2.92723,0.058174
4484.3,2.92723,0.058174
4504.5,2.92723,0.058174
4524.89,2.92727,0.054752
4545.45,2.92727,0.054752
4566.21,2.93069,0.054784
4587.16,2.93069,0.054784
4608.29,2.93069,0.054784
4629.63,2.93069,0.054784
4651.16,2.93069,0.054784
4672.9,2.93072,0.05136
4694.84,2.93414,0.05139
4716.98,2.93414,0.05139
4739.34,2.93411,0.054816
4761.9,2.93754,0.054848
4784.69,2.93757,0.05142
4807.69,2.93757,0.05142
4830.92,2.93757,0.05142
4854.37,2.93757,0.05142
4878.05,2.93757,0.05142
4901.96,2.93757,0.05142
4926.11,2.941,0.05145
4950.5,2.941,0.05145
4975.12,2.941,0.05145
5000,2.94443,0.05148
5025.13,2.94443,0.05148
5050.51,2.94786,0.05151
5076.14,2.94786,0.05151
5102.04,2.9513,0.05154
5128.21,2.95127,0.054976
5154.64,2.95127,0.054976
5181.35,2.9478,0.058378
5208.33,2.95124,0.058412
5235.6,2.95127,0.054976
5263.16,2.95124,0.058412
5291.01,2.94777,0.061812
5319.15,2.94777,0.061812
5347.59,2.9444,0.054912
5376.34,2.9444,0.054912
5405.41,2.94786,0.05151
5434.78,2.9513,0.05154
5464.48,2.9513,0.05154
5494.51,2.9513,0.05154
5524.86,2.95474,0.05157
5555.56,2.95474,0.05157
5586.59,2.95817,0.0516
5617.98,2.95817,0.0516
5649.72,2.95811,0.05848
5681.82,2.95814,0.05504
5714.29,2.95814,0.05504
5747.13,2.95811,0.05848
5780.35,2.95814,0.05504
5813.95,2.96159,0.055072
5847.95,2.96155,0.058514
5882.35,2.96155,0.058514
5917.16,2.96155,0.058514
5952.38,2.96159,0.055072
5988.02,2.96159,0.055072
6024.1,2.96159,0.055072
6060.61,2.96159,0.055072
6097.56,2.96159,0.055072
6134.97,2.96162,0.05163
6172.84,2.96159,0.055072
6211.18,2.96503,0.055104
6250,2.96503,0.055104
6289.31,2.96503,0.055104
6329.11,2.96503,0.055104
6369.43,2.9685,0.05169
6410.26,2.96847,0.055136
6451.61,2.96847,0.055136
6493.51,2.96847,0.055136
6535.95,2.97534,0.05865
6578.95,2.96847,0.055136
6622.52,2.97192,0.055168
6666.67,2.97192,0.055168
6711.41,2.97189,0.058616
6756.76,2.97189,0.058616
6802.72,2.97189,0.058616
6849.32,2.97534,0.05865
6896.55,2.97534,0.05865
6944.44,2.97185,0.062064
6993.01,2.97185,0.062064
7042.25,2.9753,0.0621
7092.2,2.9753,0.0621
7142.86,2.97185,0.062064
7194.24,2.97185,0.062064
7246.38,2.97185,0.062064
7299.27,2.97185,0.062064
7352.94,2.97185,0.062064
7407.41,2.97185,0.062064
7462.69,2.97185,0.062064
7518.8,2.97185,0.062064
7575.76,2.97534,0.05865
7633.59,2.97534,0.05865
7692.31,2.9753,0.0621
7751.94,2.9753,0.0621
7812.5,2.97875,0.062136
7874.02,2.97875,0.062136
7936.51,2.97875,0.062136
8000,2.97871,0.065588
8064.52,2.97871,0.065588
8130.08,2.97871,0.065588
8196.72,2.97871,0.065588
8264.46,2.97871,0.065588
8333.33,2.97523,0.069
8403.36,2.97526,0.06555
8474.58,2.97526,0.06555
8547.01,2.97526,0.06555
8620.69,2.9753,0.0621
8695.65,2.97875,0.062136
8771.93,2.97871,0.065588
8849.56,2.97871,0.065588
8928.57,2.97871,0.065588
9009.01,2.97871,0.065588
9090.91,2.97871,0.065588
9174.31,2.97871,0.065588
9259.26,2.97871,0.065588
9345.79,2.97875,0.062136
9433.96,2.97871,0.065588
9523.81,2.97871,0.065588
9615.38,2.97871,0.065588
9708.74,2.97871,0.065588
9803.92,2.97871,0.065588
9900.99,2.97871,0.065588
10000,2.97871,0.065588
10101,2.97871,0.065588
10204.1,2.97871,0.065588
10309.3,2.97871,0.065588
10416.7,2.97871,0.065588
10526.3,2.97871,0.065588
10638.3,2.97871,0.065588
10752.7,2.97871,0.065588
10869.6,2.97871,0.065588
10989,2.97871,0.065588
11111.1,2.97871,0.065588
11236,2.97871,0.065588
11363.6,2.97871,0.065588
11494.3,2.97871,0.065588
11627.9,2.97871,0.065588
11764.7,2.97871,0.065588
11904.8,2.97871,0.065588
12048.2,2.97868,0.06904
12195.1,2.97871,0.065588
12345.7,2.97871,0.065588
12500,2.98217,0.065626
12658.2,2.98217,0.065626
12820.5,2.98217,0.065626
12987,2.98213,0.06908
13157.9,2.98213,0.06908
13333.3,2.98213,0.06908
13513.5,2.98213,0.06908
13698.6,2.98213,0.06908
13888.9,2.98217,0.065626
14084.5,2.98213,0.06908
14285.7,2.98213,0.06908
14492.8,2.98213,0.06908
14705.9,2.98213,0.06908
14925.4,2.98213,0.06908
15151.5,2.98213,0.06908
15384.6,2.98213,0.06908
15625,2.98217,0.065626
15873,2.98558,0.06912
16129,2.98558,0.06912
16393.4,2.98558,0.06912
16666.7,2.98558,0.06912
16949.2,2.98558,0.06912
17241.4,2.98558,0.06912
17543.9,2.98558,0.06912
17857.1,2.98558,0.06912
18181.8,2.98904,0.06916
18518.5,2.98904,0.06916
18867.9,2.98904,0.06916
19230.8,2.98904,0.06916
19607.8,2.989,0.072618
20000,2.98904,0.06916
20408.2,2.989,0.072618
20833.3,2.98904,0.06916
21276.6,2.9925,0.0692
21739.1,2.9925,0.0692
22222.2,2.9925,0.0692
22727.3,2.9925,0.0692
23255.8,2.9925,0.0692
23809.5,2.99254,0.06574
24390.2,2.996,0.065778
25000,2.9995,0.062352
25641,3.00297,0.062388
26315.8,3.00297,0.062388
27027,3.00297,0.062388
27777.8,3.003,0.058922
28571.4,3.00653,0.05202
29411.8,3.0135,0.048608
30303,3.017,0.045162
31250,3.0205,0.041712
32258.1,3.02054,0.03476
33333.3,3.02058,0.027808
34482.8,3.03805,0.006972
35714.3,3.0555,0
37037,3.06599,-0.010506
38461.5,3.07996,-0.02808
40000,3.10797,-0.049364
41666.7,3.12554,-0.060112
43478.3,3.16782,-0.08544
45454.5,3.20288,-0.1253
47619,3.25211,-0.173184
