# source: refractiveindex.info database (CC0), main/Al2O3/nk/Querry-o.yml
# freq_cm1,eps_real,eps_imag
180,11.0622,0.073172
190,11.209,0.060264
200,11.3701,0.121392
210,11.5456,0.190288
220,11.7367,0.191856
230,11.9573,0.145236
240,12.1939,0.090792
250,12.4601,0.19768
260,12.7497,0.342816
270,13.0782,0.484678
280,13.2874,0.561484
290,13.441,0.564718
300,13.8606,0.096798
310,14.4624,0.144514
320,15.1533,0.358156
330,15.9999,0.08
340,16.989,-0.354492
350,18.3019,-0.761662
360,20.7888,-0.62928
370,24.0277,1.05905
380,30.507,14.8964
390,14.6794,4.70135
400,25.196,0.66264
410.001,32.6839,1.23509
420,47.2508,4.29374
430,88.4309,23.3496
439.999,-72.2734,162.008
450,-52.1943,21.7061
460.001,-22.1108,4.84352
470,-7.89489,1.59838
480.001,-1.09276,1.53476
489.999,3.47807,2.23585
500,7.07634,3.22095
510.001,10.0076,4.27917
519.999,14.1868,3.64512
530.001,20.0466,3.77748
540.001,27.7627,6.81547
550.001,41.6748,17.1078
560.001,58.5186,65.716
569.999,-45.6158,87.3894
579.999,-43.2701,33.3289
589.998,-31.7277,17.7734
599.999,-23.0687,10.448
610.002,-17.5485,6.59448
620.001,-12.6077,5.33022
630.001,-9.17602,11.5702
640,-17.6216,5.644
650.001,-13.4283,2.71805
660.001,-11.0032,1.61644
669.999,-9.26682,1.04886
679.999,-8.03602,0.76626
689.998,-6.98234,0.61893
700.001,-6.06816,0.562248
710,-5.32772,0.526908
719.999,-4.73266,0.45738
730.002,-4.25181,0.375648
740.001,-3.7883,0.31168
750.002,-3.35365,0.289614
760,-2.9556,0.271918
770.001,-2.61152,0.25888
780.001,-2.31602,0.246888
790.002,-2.06383,0.238874
800,-1.83201,0.222384
809.999,-1.59652,0.200028
820.001,-1.37689,0.183456
830,-1.17766,0.169728
839.997,-0.997763,0.158316
850,-0.830664,0.14823
860.001,-0.668795,0.136452
869.996,-0.509392,0.125106
880.003,-0.36006,0.119168
889.996,-0.21888,0.120032
900.001,-0.092901,0.12922
910.001,0.02072,0.133362
919.997,0.133245,0.133132
929.999,0.244875,0.142892
940,0.333564,0.15392
950.001,0.418564,0.15792
959.997,0.501545,0.160608
969.998,0.57816,0.165888
979.998,0.65036,0.167478
990.001,0.719907,0.165676
1000,0.783264,0.16732
1010,0.851585,0.163152
1020,0.9156,0.171058
1030,0.972356,0.17424
1040,1.01992,0.184548
1050,1.0571,0.183696
1060,1.09702,0.1554
1070,1.16014,0.138112
1080,1.2348,0.140238
1090,1.28517,0.165856
1100,1.3138,0.18384
1110,1.34012,0.17168
1120,1.37196,0.147798
1129.99,1.42909,0.146034
1140,1.47968,0.151032
1149.99,1.5035,0.164552
1160,1.52307,0.168096
1170,1.54169,0.144188
1180,1.59731,0.13662
1189.99,1.62537,0.135256
1200,1.67141,0.14234
1209.99,1.68935,0.148314
1220,1.71591,0.138966
1230,1.74212,0.142668
1240,1.7823,0.136272
1250,1.80589,0.15064
1260,1.806,0.14795
1270,1.84495,0.119592
1280,1.87762,0.12339
1290.01,1.90219,0.12972
1300,1.92424,0.133248
1310,1.94372,0.13392
1319.99,1.9633,0.134592
1330,1.98307,0.132446
1340,2.00285,0.133104
1350,2.01987,0.133668
1360.01,2.03697,0.134232
1369.99,2.05711,0.13202
1380,2.07446,0.12969
1390.01,2.09187,0.127336
1399.99,2.10628,0.13068
1410,2.12082,0.13113
1419.99,2.13551,0.128656
1430,2.15033,0.123228
1440.01,2.16805,0.120786
1449.99,2.1828,0.121196
1460,2.19464,0.121524
1470,2.20949,0.121934
1479.99,2.22446,0.11936
1490,2.23949,0.116766
1499.99,2.25148,0.117078
1510,2.2635,0.11739
1520.01,2.27556,0.117702
1530.01,2.28765,0.118014
1540,2.29984,0.115292
1550,2.31207,0.112554
1559.99,2.32121,0.112776
1570.01,2.33334,0.116128
1580,2.34566,0.113368
1590,2.35493,0.11052
1600,2.36422,0.10766
1609.99,2.37647,0.111024
1620.01,2.38264,0.111168
1629.99,2.39501,0.111456
1639.99,2.40438,0.10857
1650,2.41376,0.105672
1660,2.42309,0.105876
1670.01,2.43244,0.10608
1679.99,2.43869,0.106216
1689.99,2.44814,0.10329
1699.99,2.4576,0.100352
1709.99,2.46702,0.100544
1719.99,2.4733,0.100672
1730.01,2.48275,0.100864
1740.01,2.49228,0.097898
1750,2.50176,0.098084
1760.01,2.50816,0.09504
1770.01,2.51761,0.098394
1779.99,2.5239,0.101696
1790,2.53026,0.101824
1799.99,2.53669,0.098766
1809.99,2.54632,0.09576
1820,2.5527,0.09588
1829.99,2.55904,0.0992
1839.99,2.56544,0.099324
1850,2.57186,0.099448
1860.02,2.57834,0.09636
1870,2.58476,0.09648
1880.02,2.5912,0.0966
1890,2.59758,0.099944
1899.98,2.60404,0.100068
1910,2.6105,0.100192
1920.01,2.61379,0.09702
1930.02,2.6202,0.100378
1940.01,2.62338,0.10368
1950,2.62662,0.103744
1960.02,2.63311,0.103872
1970.02,2.63642,0.100688
1980,2.64291,0.100812
1990.01,2.6461,0.104128
2000,2.64936,0.104192
2010.01,2.65268,0.100998
2020,2.6592,0.101122
2030,2.66246,0.101184
2039.98,2.66573,0.101246
2050.02,2.66573,0.101246
2059.99,2.66899,0.101308
2070.01,2.6756,0.09816
2080,2.67893,0.094946
2090,2.6822,0.095004
2100,2.68542,0.09834
2110.02,2.69198,0.09846
2119.99,2.69532,0.095236
2130.02,2.69532,0.095236
2140,2.69867,0.092008
2149.98,2.70195,0.092064
2160.01,2.70524,0.09212
2170,2.70853,0.092176
2179.98,2.71188,0.088938
2190,2.71853,0.085748
2199.98,2.72182,0.0858
2209.99,2.72513,0.085852
2220,2.72843,0.085904
2230,2.73173,0.085956
2239.99,2.73509,0.0827
2250.02,2.7384,0.08275
2259.99,2.74171,0.0828
2269.99,2.74502,0.08285
2279.98,2.74839,0.079584
2290.01,2.75175,0.076314
2300.01,2.75507,0.07636
2310,2.76171,0.076452
2320.02,2.76499,0.079824
2330.02,2.76832,0.079872
2340,2.7717,0.07659
2350.01,2.77503,0.076636
2359.99,2.77831,0.080016
2370.01,2.77831,0.080016
2379.99,2.78165,0.080064
2390,2.78499,0.080112
2399.98,2.78837,0.07682
2409.99,2.78837,0.07682
2420.02,2.79167,0.080208
2430.02,2.79501,0.080256
2439.98,2.79505,0.076912
2450.02,2.79845,0.073612
2460.02,2.80179,0.073656
2469.99,2.80175,0.077004
2479.97,2.8051,0.07705
2489.98,2.80849,0.073744
2500,2.80853,0.070392
2509.98,2.81193,0.06708
2519.97,2.81524,0.070476
2529.98,2.8186,0.070518
2540.01,2.82196,0.07056
2549.98,2.82536,0.06724
2559.97,2.82872,0.06728
2565.68,2.83063,0.069229
2569.97,2.83265,0.0706935
2590,2.83541,0.070728
2599.97,2.83541,0.070728
2610.01,2.83883,0.0674
2620,2.8422,0.06744
2629.99,2.84557,0.06748
2639.99,2.84553,0.070854
2649.99,2.8489,0.070896
2660,2.85236,0.064182
2670.01,2.85574,0.06422
2680.03,2.8557,0.0676
2689.98,2.85908,0.06764
2700,2.86246,0.06768
2710.03,2.8625,0.064296
2719.98,2.86589,0.064334
2730,2.86928,0.064372
2740.03,2.86924,0.06776
2749.97,2.87263,0.0678
2759.99,2.87602,0.06784
2770.01,2.87941,0.06788
2780.02,2.87941,0.06788
2790.02,2.88276,0.071316
2800.02,2.88276,0.071316
2810.01,2.88616,0.071358
2820,2.88616,0.071358
2829.98,2.88616,0.071358
2840.02,2.88952,0.0748
2849.98,2.88952,0.0748
2860,2.88952,0.0748
2870.02,2.89292,0.074844
2880.02,2.89292,0.074844
2890.01,2.89292,0.074844
2899.98,2.89287,0.078246
2910.02,2.89287,0.078246
2919.96,2.89292,0.074844
2929.97,2.89636,0.071484
2939.97,2.89636,0.071484
2950.03,2.89636,0.071484
2959.98,2.89977,0.071526
2970,2.90318,0.071568
2980,2.90322,0.06816
2989.98,2.90663,0.0682
3000.03,2.90658,0.07161
3009.96,2.90658,0.07161
3019.96,2.90999,0.071652
3030.03,2.91004,0.06824
3039.98,2.91004,0.06824
3049.99,2.91345,0.06828
3059.98,2.91345,0.06828
3070.03,2.91341,0.071694
3079.96,2.91686,0.06832
3090.04,2.91686,0.06832
3100.01,2.92028,0.06836
3110.03,2.92028,0.06836
3120.03,2.92024,0.071778
3129.99,2.92028,0.06836
3140.01,2.92374,0.06498
3150,2.92716,0.065018
3159.96,2.92716,0.065018
3169.97,2.93054,0.06848
3179.95,2.93054,0.06848
3190,2.93054,0.06848
3200,2.93058,0.065056
3209.96,2.93058,0.065056
3219.99,2.93401,0.065094
3229.97,2.93397,0.06852
3240.02,2.93743,0.065132
3250.02,2.93743,0.065132
3259.98,2.94086,0.06517
3270,2.94083,0.0686
3279.98,2.94083,0.0686
3290.01,2.94429,0.065208
3300,2.94429,0.065208
3310.05,2.94769,0.06868
3320.05,2.94769,0.06868
3330,2.94765,0.072114
3340.01,2.94769,0.06868
3349.97,2.95112,0.06872
3359.99,2.95112,0.06872
3369.95,2.94765,0.072114
3379.98,2.95108,0.072156
3389.95,2.95108,0.072156
3399.97,2.95112,0.06872
3409.94,2.95112,0.06872
3419.97,2.95456,0.06876
3429.94,2.95456,0.06876
3439.97,2.95456,0.06876
3449.94,2.958,0.0688
3459.97,2.958,0.0688
3470.05,2.958,0.0688
3479.96,2.958,0.0688
3490.04,2.95796,0.07224
3500.05,2.95796,0.07224
3510,2.96144,0.06884
3520.01,2.96144,0.06884
3529.95,2.9614,0.072282
3539.95,2.9614,0.072282
3550,2.96484,0.072324
3559.99,2.96484,0.072324
3570.03,2.96488,0.06888
3579.99,2.96488,0.06888
3590.02,2.96484,0.072324
3599.97,2.96484,0.072324
3609.98,2.96829,0.072366
3620.04,2.96829,0.072366
3630.03,2.96829,0.072366
3639.94,2.96829,0.072366
3650.03,2.96484,0.072324
3660.05,2.96484,0.072324
3669.99,2.96488,0.06888
3679.99,2.96837,0.065474
3690.04,2.96837,0.065474
3700,2.97181,0.065512
3710.02,2.97178,0.06896
3719.96,2.97523,0.069
3729.95,2.97523,0.069
3740,2.97178,0.06896
3749.95,2.97178,0.06896
3759.96,2.97523,0.069
3770.03,2.97523,0.069
3780,2.97523,0.069
3790.03,2.97523,0.069
3799.97,2.97523,0.069
3809.96,2.97868,0.06904
3820,2.97868,0.06904
3829.95,2.97868,0.06904
3839.95,2.97871,0.065588
3850,2.97871,0.065588
3859.96,2.97871,0.065588
3869.97,2.98213,0.06908
3880.03,2.98217,0.065626
3889.99,2.98217,0.065626
3900,2.98217,0.065626
3910.07,2.98217,0.065626
3920.03,2.98562,0.065664
3930.05,2.98562,0.065664
3939.96,2.98562,0.065664
3950.07,2.98566,0.062208
3959.93,2.98562,0.065664
3969.99,2.98908,0.065702
3979.94,2.98908,0.065702
3989.95,2.98908,0.065702
4000,2.98912,0.062244
4016.06,2.99258,0.06228
4032.26,2.996,0.065778
4048.58,2.996,0.065778
4065.04,2.99946,0.065816
4081.63,2.99942,0.06928
4098.36,2.99946,0.065816
4115.23,2.99942,0.06928
4132.23,2.99942,0.06928
4149.38,2.99942,0.06928
4166.67,2.99938,0.072744
4184.1,2.99942,0.06928
4201.68,2.99938,0.072744
4219.41,2.99942,0.06928
4237.29,3.00289,0.06932
4255.32,3.00289,0.06932
4273.5,3.00289,0.06932
4291.85,3.00289,0.06932
4310.34,3.00289,0.06932
4329,3.00289,0.06932
4347.83,3.00636,0.06936
4366.81,3.00636,0.06936
4385.96,3.00636,0.06936
4405.29,3.00636,0.06936
4424.78,3.00631,0.072828
4444.44,3.00636,0.06936
4464.29,3.00636,0.06936
4484.3,3.00631,0.072828
4504.5,3.00636,0.06936
4524.89,3.00636,0.06936
4545.45,3.00639,0.065892
4566.21,3.00986,0.06593
4587.16,3.00986,0.06593
4608.29,3.00983,0.0694
4629.63,3.00986,0.06593
4651.16,3.00986,0.06593
4672.9,3.00986,0.06593
4694.84,3.01334,0.065968
4716.98,3.01337,0.062496
4739.34,3.01337,0.062496
4761.9,3.01685,0.062532
4784.69,3.01681,0.066006
4807.69,3.01681,0.066006
4830.92,3.01681,0.066006
4854.37,3.01681,0.066006
4878.05,3.01681,0.066006
4901.96,3.01685,0.062532
4926.11,3.02032,0.062568
4950.5,3.02032,0.062568
4975.12,3.0238,0.062604
5000,3.0238,0.062604
5025.13,3.0238,0.062604
5050.51,3.02728,0.06264
5076.14,3.02728,0.06264
5102.04,3.03072,0.066158
5128.21,3.03072,0.066158
5154.64,3.03072,0.066158
5181.35,3.03072,0.066158
5208.33,3.03072,0.066158
5235.6,3.03072,0.066158
5263.16,3.03068,0.06964
5291.01,3.03068,0.06964
5319.15,3.0272,0.0696
5347.59,3.02376,0.066082
5376.34,3.0238,0.062604
5405.41,3.02731,0.05916
5434.78,3.03079,0.059194
5464.48,3.03428,0.059228
5494.51,3.03424,0.062712
5524.86,3.03428,0.059228
5555.56,3.03776,0.059262
5586.59,3.03776,0.059262
5617.98,3.04121,0.062784
5649.72,3.04121,0.062784
5681.82,3.03769,0.066234
5714.29,3.03769,0.066234
5747.13,3.03773,0.062748
5780.35,3.04117,0.066272
5813.95,3.04117,0.066272
5847.95,3.04117,0.066272
5882.35,3.04117,0.066272
5917.16,3.04117,0.066272
5952.38,3.04117,0.066272
5988.02,3.04117,0.066272
6024.1,3.04117,0.066272
6060.61,3.04117,0.066272
6097.56,3.04121,0.062784
6134.97,3.04121,0.062784
6172.84,3.0447,0.06282
6211.18,3.0447,0.06282
6250,3.0447,0.06282
6289.31,3.04477,0.05584
6329.11,3.0447,0.06282
6369.43,3.04819,0.062856
6410.26,3.04819,0.062856
6451.61,3.05169,0.062892
6493.51,3.04815,0.066348
6535.95,3.04819,0.062856
6578.95,3.05169,0.062892
6622.52,3.05169,0.062892
6666.67,3.05165,0.066386
6711.41,3.05165,0.066386
6756.76,3.05518,0.062928
6802.72,3.05514,0.066424
6849.32,3.05514,0.066424
6896.55,3.0551,0.06992
6944.44,3.05514,0.066424
6993.01,3.05514,0.066424
7042.25,3.05514,0.066424
7092.2,3.0551,0.06992
7142.86,3.0551,0.06992
7194.24,3.0586,0.06996
7246.38,3.0551,0.06992
7299.27,3.05514,0.066424
7352.94,3.0551,0.06992
7407.41,3.05514,0.066424
7462.69,3.05514,0.066424
7518.8,3.05514,0.066424
7575.76,3.05514,0.066424
7633.59,3.05514,0.066424
7692.31,3.05864,0.066462
7751.94,3.05864,0.066462
7812.5,3.05864,0.066462
7874.02,3.05864,0.066462
7936.51,3.0586,0.06996
8000,3.0586,0.06996
8064.52,3.0586,0.06996
8130.08,3.05856,0.073458
8196.72,3.0586,0.06996
8264.46,3.05856,0.073458
8333.33,3.05856,0.073458
8403.36,3.0586,0.06996
8474.58,3.0586,0.06996
8547.01,3.0586,0.06996
8620.69,3.0586,0.06996
8695.65,3.0586,0.06996
8771.93,3.0586,0.06996
8849.56,3.0586,0.06996
8928.57,3.0586,0.06996
9009.01,3.0586,0.06996
9090.91,3.0586,0.06996
9174.31,3.0586,0.06996
9259.26,3.0586,0.06996
9345.79,3.0586,0.06996
9433.96,3.0586,0.06996
9523.81,3.0586,0.06996
9615.38,3.0586,0.06996
9708.74,3.0586,0.06996
9803.92,3.0586,0.06996
9900.99,3.0586,0.06996
10000,3.0586,0.06996
10101,3.0586,0.06996
10204.1,3.0621,0.07
10309.3,3.0621,0.07
10416.7,3.0621,0.07
10526.3,3.0621,0.07
10638.3,3.0621,0.07
10752.7,3.0621,0.07
10869.6,3.0621,0.07
10989,3.0621,0.07
11111.1,3.0621,0.07
11236,3.0621,0.07
11363.6,3.0621,0.07
11494.3,3.0621,0.07
11627.9,3.0621,0.07
11764.7,3.0621,0.07
11904.8,3.0621,0.07
12048.2,3.0621,0.07
12195.1,3.0621,0.07
12345.7,3.0621,0.07
12500,3.0621,0.07
12658.2,3.0621,0.07
12820.5,3.0621,0.07
12987,3.0621,0.07
13157.9,3.0621,0.07
13333.3,3.0621,0.07
13513.5,3.0621,0.07
13698.6,3.0621,0.07
13888.9,3.0656,0.07004
14084.5,3.0656,0.07004
14285.7,3.0656,0.07004
14492.8,3.06556,0.073542
14705.9,3.0656,0.07004
14925.4,3.0656,0.07004
15151.5,3.0656,0.07004
15384.6,3.0656,0.07004
15625,3.0656,0.07004
15873,3.0656,0.07004
16129,3.06556,0.073542
16393.4,3.0656,0.07004
16666.7,3.0691,0.07008
16949.2,3.0691,0.07008
17241.4,3.0691,0.07008
17543.9,3.06906,0.073584
17857.1,3.0691,0.07008
18181.8,3.07257,0.073626
18518.5,3.07257,0.073626
18867.9,3.07261,0.07012
19230.8,3.07257,0.073626
19607.8,3.07257,0.073626
20000,3.07607,0.073668
20408.2,3.07607,0.073668
20833.3,3.07607,0.073668
21276.6,3.07607,0.073668
21739.1,3.07607,0.073668
22222.2,3.07607,0.073668
22727.3,3.07607,0.073668
23255.8,3.07612,0.07016
23809.5,3.07615,0.066652
24390.2,3.07966,0.06669
25000,3.08318,0.066728
25641,3.08669,0.066766
26315.8,3.08672,0.063252
27027,3.08672,0.063252
27777.8,3.08676,0.059738
28571.4,3.09034,0.05274
29411.8,3.0974,0.04928
30303,3.10095,0.045786
31250,3.1045,0.042288
32258.1,3.10454,0.03524
33333.3,3.1046,0.024668
34482.8,3.12229,0.003534
35714.3,3.13998,-0.003544
37037,3.15416,-0.014208
38461.5,3.16474,-0.03558
40000,3.20026,-0.057248
41666.7,3.21449,-0.068134
43478.3,3.25735,-0.09386
45454.5,3.29997,-0.141726
47619,3.34986,-0.190424
