# source: refractiveindex.info database (CC0), main/AlN/nk/Kischkat.yml
# freq_cm1,eps_real,eps_imag
700,1.05865,10.4775
704,0.747012,10.2735
708,0.446975,10.0506
712,0.162425,9.80899
716,-0.102925,9.55031
720,-0.34583,9.27763
724,-0.564347,8.99493
728,-0.757973,8.70657
732,-0.927337,8.4168
736,-1.07443,8.12905
740,-1.20174,7.84594
744,-1.31219,7.56888
748,-1.40857,7.29843
752,-1.49316,7.03431
756,-1.5677,6.77564
760,-1.63327,6.52144
764,-1.69031,6.27068
768,-1.73874,6.02258
772,-1.77827,5.77665
776,-1.80833,5.53286
780,-1.82835,5.29142
784,-1.83792,5.05296
788,-1.83684,4.81834
792,-1.82506,4.58849
796,-1.80284,4.36439
800,-1.77064,4.14715
804,-1.72927,3.93771
808,-1.67971,3.73687
812,-1.62308,3.5452
816,-1.56064,3.36301
820,-1.49364,3.19037
824,-1.4233,3.02709
828,-1.35066,2.87264
832,-1.27651,2.72653
836,-1.20156,2.58803
840,-1.12618,2.4565
844,-1.05064,2.33134
848,-0.975053,2.21196
852,-0.899513,2.09799
856,-0.824028,1.98914
860,-0.748598,1.88508
864,-0.673285,1.78563
868,-0.598189,1.69063
872,-0.523336,1.59993
876,-0.448894,1.51335
880,-0.374926,1.43065
884,-0.301557,1.35169
888,-0.228795,1.27623
892,-0.156675,1.20408
896,-0.085232,1.13503
900,-0.0143731,1.06892
904,0.0559129,1.00565
908,0.125676,0.945103
912,0.194985,0.887227
916,0.263867,0.831993
920,0.332318,0.779377
924,0.400331,0.729419
928,0.467862,0.682087
932,0.534831,0.63741
936,0.601188,0.59535
940,0.666779,0.5559
944,0.731551,0.519001
948,0.795361,0.484581
952,0.858134,0.452565
956,0.919761,0.42285
960,0.980168,0.395311
964,1.03928,0.369864
968,1.09702,0.34634
972,1.1534,0.324654
976,1.20836,0.304628
980,1.26189,0.286185
984,1.31399,0.269184
988,1.36465,0.253522
992,1.41391,0.239064
996,1.46176,0.225739
1000,1.50827,0.213436
1004,1.55343,0.202062
1008,1.59729,0.191536
1012,1.63988,0.181813
1016,1.68126,0.172809
1020,1.72144,0.164428
1024,1.76048,0.156667
1028,1.7984,0.149441
1032,1.83526,0.142705
1036,1.8711,0.136441
1040,1.90592,0.130594
1044,1.9398,0.125135
1048,1.97276,0.120004
1052,2.00485,0.115219
1056,2.03608,0.110712
1060,2.06647,0.106498
1064,2.09609,0.102534
1068,2.12494,0.0987724
1072,2.15303,0.0952524
1076,2.18044,0.091926
1080,2.20718,0.0887713
1084,2.23324,0.0858245
1088,2.2587,0.0830039
1092,2.28353,0.0803142
1096,2.3078,0.0777912
1100,2.33149,0.0753786
1104,2.35461,0.0731112
1108,2.3772,0.0709315
1112,2.39931,0.0688433
1116,2.42092,0.0668803
1120,2.44207,0.0649833
1124,2.46274,0.0631857
1128,2.48295,0.0614901
1132,2.50275,0.0598358
1136,2.52214,0.0582563
1140,2.54109,0.0567528
1144,2.55967,0.0552957
1148,2.57789,0.0539184
1152,2.59573,0.0525899
1156,2.61321,0.0513115
1160,2.63035,0.0500846
1164,2.64713,0.0489097
1168,2.6636,0.0477558
1172,2.67976,0.0466562
1176,2.69564,0.045612
1180,2.71117,0.0445905
1184,2.72645,0.043593
1188,2.74144,0.0426529
1192,2.75614,0.0417377
1196,2.77058,0.0408481
1200,2.78478,0.0399847
1204,2.79872,0.0391812
1208,2.8124,0.0383711
1212,2.82584,0.0375885
1216,2.83907,0.0368339
1220,2.85207,0.0361074
1224,2.86482,0.0354094
1228,2.87736,0.0347404
1232,2.88973,0.034067
1236,2.90185,0.0334229
1240,2.91379,0.0328087
1244,2.92555,0.0321907
1248,2.93709,0.0316028
1252,2.94845,0.0310457
1256,2.95966,0.0304853
1260,2.97065,0.0299558
1264,2.98152,0.0294235
1268,2.99217,0.0289224
1272,3.00267,0.0284186
1276,3.01304,0.0279469
1280,3.02322,0.0274724
1284,3.03325,0.0269954
1288,3.04312,0.0265508
1292,3.05286,0.026139
1296,3.06245,0.02569
1300,3.07191,0.0252739
1304,3.08124,0.024891
1308,3.09041,0.0244709
1312,3.09945,0.0240842
1316,3.10837,0.0237309
1320,3.11716,0.0233407
1324,3.12582,0.0229841
1328,3.13438,0.0226615
1332,3.14278,0.0223018
1336,3.15112,0.0219764
1340,3.15929,0.0216493
1344,3.1674,0.0213212
1348,3.17538,0.0210272
1352,3.18323,0.0206964
1356,3.19098,0.0204
1360,3.19866,0.0201384
1364,3.20622,0.0198398
1368,3.21367,0.0195402
1372,3.22103,0.0192754
1376,3.22828,0.0190096
1380,3.23547,0.018743
1384,3.24257,0.0185114
1388,3.24956,0.0182429
1392,3.25645,0.0180096
1396,3.26324,0.0177393
1400,3.27,0.0175045
1404,3.27662,0.0172688
1408,3.28318,0.0170687
1412,3.28967,0.0168316
1416,3.29609,0.0166302
1420,3.30241,0.0163917
1424,3.30863,0.0161888
1428,3.31482,0.0159855
1432,3.3209,0.0157815
1436,3.32696,0.015577
1440,3.33291,0.0154083
1444,3.33879,0.0152026
1448,3.3446,0.0149964
1452,3.35035,0.0148262
1456,3.35602,0.0146556
1460,3.36163,0.0144845
1464,3.36717,0.0142762
1468,3.37268,0.0141042
1472,3.37808,0.0139685
1476,3.38345,0.0137956
1480,3.38875,0.0136224
1484,3.39398,0.0134486
1488,3.39918,0.0133114
1492,3.40431,0.013137
1496,3.40937,0.012999
1500,3.41439,0.0128608
1504,3.41934,0.0127222
1508,3.42426,0.0125463
1512,3.42911,0.012407
1516,3.43389,0.0122674
1520,3.43864,0.0121275
1524,3.44335,0.0120245
1528,3.44799,0.011884
1532,3.4526,0.0117433
1536,3.45714,0.0116023
1540,3.46164,0.0114982
1544,3.4661,0.0113567
1548,3.4705,0.0112521
1552,3.47486,0.01111
1556,3.47919,0.011005
1560,3.48344,0.0108998
1564,3.48766,0.010757
1568,3.49184,0.0106513
1572,3.49599,0.0105454
1576,3.50011,0.0104394
1580,3.50415,0.0103331
1584,3.5082,0.0102267
1588,3.51217,0.01012
1592,3.51611,0.0100132
1596,3.52001,0.00990618
1600,3.52387,0.00979898
1604,3.52767,0.00969156
1608,3.53146,0.00962161
1612,3.53522,0.00951391
1616,3.53894,0.00940605
1620,3.5426,0.00933561
1624,3.54625,0.00922744
1628,3.54986,0.00915677
1632,3.55345,0.00904829
1636,3.55699,0.00897736
1640,3.56046,0.00886852
1644,3.56393,0.00879733
1648,3.56741,0.0086883
1652,3.57081,0.00861685
1656,3.57417,0.00854529
1660,3.5775,0.00847361
1664,3.58083,0.00836401
1668,3.58413,0.00829213
1672,3.58738,0.00822013
1676,3.5906,0.00814803
1680,3.59379,0.00807581
1684,3.59694,0.00800348
1688,3.60008,0.00793109
1692,3.6032,0.00785859
1696,3.60627,0.00778598
1700,3.60935,0.00771331
1704,3.61235,0.00764049
1708,3.61536,0.00756761
1712,3.61832,0.00749463
1716,3.62129,0.00742158
1720,3.62418,0.0073484
1724,3.62708,0.00731324
1728,3.62997,0.00723995
1732,3.63279,0.00716652
1736,3.63562,0.00709304
1740,3.63844,0.00705764
1744,3.64119,0.00698398
1748,3.64393,0.00691025
1752,3.64665,0.00687463
1756,3.64936,0.00680077
1760,3.65203,0.00672683
1764,3.65471,0.00669105
1768,3.65735,0.00661697
1772,3.65995,0.00658106
1776,3.66255,0.00650685
1780,3.66512,0.00647084
1784,3.66764,0.00639647
1788,3.67017,0.00636036
1792,3.67266,0.00628586
1796,3.67515,0.00624965
1800,3.67761,0.00617503
1804,3.68006,0.00613872
1808,3.68248,0.00610236
1812,3.6849,0.00602758
1816,3.68728,0.00599112
1820,3.68966,0.00595463
1824,3.69201,0.00587967
1828,3.69431,0.00584306
1832,3.69662,0.00580643
1836,3.69893,0.00573131
1840,3.7012,0.0056946
1844,3.70343,0.00565782
1848,3.70566,0.00562103
1852,3.70789,0.00558421
1856,3.71009,0.00550882
1860,3.71229,0.00547191
1864,3.71444,0.00543496
1868,3.7166,0.00539798
1872,3.71872,0.00536095
1876,3.72085,0.0053239
1880,3.72297,0.00524824
1884,3.72505,0.00521111
1888,3.7271,0.00517393
1892,3.72915,0.00513673
1896,3.73119,0.0050995
1900,3.7332,0.00506223
1904,3.73521,0.00502494
1908,3.73722,0.00498763
1912,3.73919,0.00495027
1916,3.74117,0.00491289
1920,3.7431,0.00487547
1924,3.74504,0.00483803
1928,3.74697,0.00480056
1932,3.74887,0.00476305
1936,3.75077,0.00472552
1940,3.75263,0.00468795
1944,3.75449,0.00465036
1948,3.75635,0.00461275
1952,3.75817,0.0045751
1956,3.75999,0.00457621
1960,3.76181,0.00453852
1964,3.7636,0.0045008
1968,3.76538,0.00446306
1972,3.76713,0.00442527
1976,3.76892,0.0043875
1980,3.77066,0.00434968
1984,3.77237,0.00431182
1988,3.77412,0.00431282
1992,3.77579,0.00427491
1996,3.7775,0.004237
2000,3.77917,0.00419906
2004,3.78085,0.0041611
2008,3.78252,0.00416202
2012,3.78415,0.00412401
2016,3.78579,0.00408599
2020,3.78742,0.00404795
2024,3.78906,0.00404882
2028,3.79065,0.00401074
2032,3.79225,0.00397263
2036,3.79381,0.0039345
2040,3.7954,0.00393532
2044,3.79696,0.00389716
2048,3.79848,0.00385896
2052,3.80004,0.00385975
2056,3.80156,0.00382153
2060,3.80308,0.00378329
2064,3.80457,0.00374502
2068,3.80609,0.00374577
2072,3.80757,0.00370747
2076,3.80905,0.00366916
2080,3.8105,0.00366985
2084,3.81198,0.00363152
2088,3.81343,0.00359315
2092,3.81483,0.00359381
2096,3.81628,0.00355542
2100,3.81769,0.00355608
2104,3.81909,0.00351765
2108,3.8205,0.00347921
2112,3.82191,0.00347985
2116,3.82328,0.00344136
2120,3.82464,0.00344198
2124,3.82601,0.00340347
2128,3.82738,0.00336496
2132,3.82871,0.00336554
2136,3.83004,0.00332698
2140,3.83137,0.00332756
2144,3.83271,0.00328899
2148,3.834,0.00328954
2152,3.83533,0.00325094
2156,3.83662,0.00321232
2160,3.83792,0.00321286
2164,3.83917,0.0031742
2168,3.84046,0.00317473
2172,3.84172,0.00313605
2176,3.84297,0.00313656
2180,3.84423,0.00309786
2184,3.84544,0.00309835
2188,3.8467,0.00305963
2192,3.84791,0.00306011
2196,3.84913,0.00302136
2200,3.85031,0.00302182
2204,3.85152,0.00298305
2208,3.8527,0.0029835
2212,3.85392,0.00294471
2216,3.8551,0.00294516
2220,3.85623,0.00290632
2224,3.85741,0.00290676
2228,3.85859,0.00286792
2232,3.85973,0.00286835
2236,3.86087,0.00282947
2240,3.86201,0.00282989
2244,3.86311,0.00283029
2248,3.86425,0.00279139
2252,3.86535,0.00279179
2256,3.86649,0.00275288
2260,3.86759,0.00275327
2264,3.86866,0.00271431
2268,3.86976,0.00271469
2272,3.87086,0.00271508
2276,3.87192,0.0026761
2280,3.87298,0.00267647
2284,3.87405,0.00263747
2288,3.87511,0.00263783
2292,3.87617,0.00259882
2296,3.8772,0.00259916
2300,3.87822,0.0025995
2304,3.87928,0.00256047
2308,3.88031,0.00256081
2312,3.88133,0.00252174
2316,3.88232,0.00252206
2320,3.88334,0.00252239
2324,3.88433,0.0024833
2328,3.88535,0.00248362
2332,3.88634,0.00248394
2336,3.88732,0.00244482
2340,3.88831,0.00244513
2344,3.88926,0.00240599
2348,3.89024,0.00240629
2352,3.89119,0.00240658
2356,3.89214,0.00236742
2360,3.89312,0.00236772
2364,3.89403,0.002368
2368,3.89498,0.00232881
2372,3.89593,0.0023291
2376,3.89687,0.00232938
2380,3.89778,0.00229016
2384,3.89869,0.00229043
2388,3.8996,0.0022907
2392,3.90051,0.00225147
2396,3.90141,0.00225173
2400,3.90232,0.00225199
2404,3.90323,0.00221274
2408,3.9041,0.00221299
2412,3.90501,0.00221324
2416,3.90588,0.00217396
2420,3.90675,0.00217421
2424,3.90762,0.00217445
2428,3.90849,0.00213515
2432,3.90936,0.00213539
2436,3.91019,0.00213561
2440,3.91106,0.00213585
2444,3.91189,0.00209652
2448,3.91272,0.00209674
2452,3.91359,0.00209698
2456,3.91442,0.00205763
2460,3.91525,0.00205785
2464,3.91604,0.00205806
2468,3.91688,0.00201869
2472,3.91771,0.00201891
2476,3.9185,0.00201911
2480,3.91933,0.00201932
2484,3.92012,0.00197993
2488,3.92091,0.00198013
2492,3.92171,0.00198033
2496,3.9225,0.00198053
2500,3.92329,0.00194112
2504,3.92404,0.0019413
2508,3.92484,0.0019415
2512,3.92559,0.00190206
2516,3.92638,0.00190225
2520,3.92713,0.00190243
2524,3.92789,0.00190261
2528,3.92864,0.00186316
2532,3.92939,0.00186333
2536,3.93015,0.00186351
2540,3.9309,0.00186369
2544,3.93165,0.00182421
2548,3.93237,0.00182438
2552,3.93312,0.00182455
2556,3.93384,0.00182472
2560,3.93455,0.00178521
2564,3.9353,0.00178538
2568,3.93602,0.00178555
2572,3.93673,0.00178571
2576,3.93745,0.00178587
2580,3.93812,0.00174633
2584,3.93884,0.00174649
2588,3.93955,0.00174665
2592,3.94022,0.0017468
2596,3.94094,0.00170725
2600,3.94161,0.0017074
2604,3.94229,0.00170755
2608,3.943,0.0017077
2612,3.94368,0.00170785
2616,3.94435,0.00166827
2620,3.94503,0.00166842
2624,3.94567,0.00166855
2628,3.94634,0.00166869
2632,3.94702,0.0016291
2636,3.94765,0.00162923
2640,3.94833,0.00162937
2644,3.94896,0.0016295
2648,3.94964,0.00162964
2652,3.95028,0.00159002
2656,3.95091,0.00159015
2660,3.95155,0.00159028
2664,3.95218,0.00159041
2668,3.95282,0.00159054
2672,3.95346,0.0015509
2676,3.95409,0.00155102
2680,3.95469,0.00155114
2684,3.95533,0.00155126
2688,3.95596,0.00155139
2692,3.95656,0.00151172
2696,3.95716,0.00151184
2700,3.95779,0.00151196
2704,3.95839,0.00151207
2708,3.95899,0.00151219
2712,3.95958,0.0014725
2716,3.96018,0.00147261
2720,3.96078,0.00147273
2724,3.96137,0.00147284
2728,3.96197,0.00147295
2732,3.96253,0.00147305
2736,3.96313,0.00143335
2740,3.96372,0.00143346
2744,3.96428,0.00143356
2748,3.96488,0.00143366
2752,3.96543,0.00143376
2756,3.96599,0.00143387
2760,3.96655,0.00139413
2764,3.96715,0.00139424
2768,3.96771,0.00139434
2772,3.96826,0.00139444
2776,3.96882,0.00139453
2780,3.96938,0.00139463
2784,3.9699,0.00135487
2788,3.97045,0.00135497
2792,3.97101,0.00135506
2796,3.97157,0.00135516
2800,3.97209,0.00135525
2804,3.97265,0.00135534
2808,3.97317,0.00131556
2812,3.97368,0.00131565
2816,3.97424,0.00131574
2820,3.97476,0.00131583
2824,3.97528,0.00131591
2828,3.9758,0.001316
2832,3.97632,0.0012762
2836,3.97683,0.00127629
2840,3.97735,0.00127637
2844,3.97787,0.00127645
2848,3.97839,0.00127654
2852,3.97891,0.00127662
2856,3.97943,0.0012767
2860,3.97991,0.00123688
2864,3.98042,0.00123696
2868,3.9809,0.00123704
2872,3.98142,0.00123712
2876,3.9819,0.00123719
2880,3.98242,0.00123727
2884,3.9829,0.00123735
2888,3.98338,0.0011975
2892,3.98386,0.00119758
2896,3.98438,0.00119765
2900,3.98485,0.00119773
2904,3.98533,0.0011978
2908,3.98581,0.00119787
2912,3.98629,0.00119794
2916,3.98673,0.00119801
2920,3.98721,0.00115814
2924,3.98769,0.00115821
2928,3.98817,0.00115828
2932,3.98861,0.00115835
2936,3.98909,0.00115842
2940,3.98957,0.00115849
2944,3.99001,0.00115855
2948,3.99049,0.00111867
2952,3.99093,0.00111873
2956,3.99136,0.00111879
2960,3.99184,0.00111886
2964,3.99228,0.00111892
2968,3.99272,0.00111898
2972,3.99316,0.00111904
2976,3.9936,0.0011191
2980,3.99404,0.0010792
2984,3.99448,0.00107925
2988,3.99492,0.00107931
2992,3.99536,0.00107937
2996,3.9958,0.00107943
3000,3.99624,0.00107949
3004,3.99668,0.00107955
3008,3.99708,0.00107961
3012,3.99752,0.00107967
3016,3.99796,0.00103973
3020,3.99836,0.00103979
3024,3.9988,0.00103984
3028,3.9992,0.0010399
3032,3.99964,0.00103995
3036,4.00004,0.00104001
3040,4.00048,0.00104006
3044,4.00088,0.00104011
3048,4.00128,0.00104017
3052,4.00172,0.00100022
3056,4.00212,0.00100026
3060,4.00252,0.00100032
3064,4.00292,0.00100037
3068,4.00332,0.00100042
3072,4.00372,0.00100046
3076,4.00412,0.00100051
3080,4.00452,0.00100056
3084,4.00492,0.00100062
3088,4.00532,0.000960638
3092,4.00568,0.000960682
3096,4.00608,0.00096073
3100,4.00648,0.000960778
3104,4.00688,0.000960826
3108,4.00724,0.000960869
3112,4.00764,0.000960917
3116,4.00804,0.000960965
3120,4.0084,0.000961008
3124,4.0088,0.000961056
3128,4.00917,0.000921053
3132,4.00953,0.000921095
3136,4.00993,0.000921141
3140,4.01029,0.000921182
3144,4.01065,0.000921224
3148,4.01105,0.00092127
3152,4.01141,0.000921311
3156,4.01177,0.000921352
3160,4.01213,0.000921394
3164,4.01249,0.000921435
3168,4.01285,0.000921477
3172,4.01321,0.000881452
3176,4.01357,0.000881492
3180,4.01393,0.000881531
3184,4.01429,0.000881571
3188,4.01465,0.00088161
3192,4.01501,0.00088165
3196,4.01537,0.00088169
3200,4.01574,0.000881729
3204,4.01606,0.000881764
3208,4.01642,0.000881804
3211.99,4.01678,0.000881844
3216,4.0171,0.000841793
3220,4.01746,0.000841831
3224,4.01782,0.000841869
3228,4.01814,0.000841903
3232,4.0185,0.00084194
3236.01,4.01882,0.000841974
3240,4.01918,0.000842012
3244,4.0195,0.000842045
3248,4.01982,0.000842079
3252,4.02019,0.000842117
3256,4.02051,0.00084215
3260,4.02083,0.000842184
3264,4.02115,0.000802112
3268,4.02151,0.000802148
3272.01,4.02183,0.00080218
3276,4.02215,0.000802212
3280,4.02247,0.000802244
3284,4.02279,0.000802276
3288,4.02311,0.000802308
3292,4.02343,0.00080234
3296,4.02376,0.000802372
3300,4.02408,0.000802404
3304,4.0244,0.000802436
3308.01,4.02472,0.000802468
3312,4.02504,0.0008025
3316,4.02536,0.000762405
3320,4.02564,0.000762432
3324,4.02596,0.000762462
3328,4.02628,0.000762493
3332,4.0266,0.000762523
3336,4.02688,0.00076255
3340,4.02721,0.00076258
3344,4.02753,0.000762611
3348,4.02781,0.000762637
3352,4.02813,0.000762668
3356,4.02841,0.000762694
3360,4.02873,0.000762725
3364,4.02901,0.000762751
3368,4.02933,0.000762782
3372,4.02961,0.00072266
3375.99,4.02994,0.000722689
3380,4.03022,0.000722714
3384,4.0305,0.00072274
3388,4.03082,0.000722768
3392,4.0311,0.000722794
3396,4.03138,0.000722819
3400,4.03166,0.000722844
3404,4.03198,0.000722873
3408,4.03226,0.000722898
3412,4.03255,0.000722923
3416,4.03283,0.000722948
3420,4.03311,0.000722974
3424,4.03339,0.000722999
3428,4.03367,0.000682856
3432,4.03395,0.00068288
3436,4.03423,0.000682904
3440,4.03451,0.000682927
3444,4.0348,0.000682951
3448,4.03508,0.000682975
3452,4.03536,0.000682999
3456,4.03564,0.000683023
3460,4.03592,0.000683046
3464,4.03616,0.000683067
3468,4.03644,0.000683091
3472.01,4.03672,0.000683114
3476,4.03701,0.000683138
3480,4.03725,0.000683159
3484,4.03753,0.000683182
3488,4.03781,0.000683206
3492,4.03805,0.000643037
3496,4.03833,0.000643059
3500,4.03861,0.000643082
3504,4.03885,0.000643101
3508,4.03914,0.000643123
3512,4.03938,0.000643142
3516,4.03966,0.000643165
3520,4.0399,0.000643184
3524.01,4.04018,0.000643206
3528,4.04042,0.000643226
3532,4.04066,0.000643245
3536.01,4.04094,0.000643267
3540,4.04119,0.000643286
3544,4.04147,0.000643309
3548,4.04171,0.000643328
3551.99,4.04195,0.000643347
3556,4.04219,0.000643366
3560,4.04247,0.000643389
3564,4.04271,0.000603195
3568,4.04295,0.000603213
3572,4.0432,0.000603231
3576,4.04344,0.000603249
3579.99,4.04372,0.00060327
3584,4.04396,0.000603288
3588,4.0442,0.000603306
3592.01,4.04444,0.000603324
3596,4.04468,0.000603342
3600,4.04493,0.00060336
3604.01,4.04517,0.000603378
3608,4.04541,0.000603396
3612,4.04565,0.000603414
3616,4.04589,0.000603432
3620,4.04613,0.00060345
3624,4.04637,0.000603468
3628,4.04657,0.000603483
3632.01,4.04682,0.000603501
3635.99,4.04706,0.000563284
3640,4.0473,0.000563301
3644,4.04754,0.000563318
3648,4.04778,0.000563335
3651.99,4.04798,0.000563349
3656,4.04822,0.000563366
3660,4.04847,0.000563382
3664,4.04867,0.000563396
3668,4.04891,0.000563413
3672,4.04915,0.00056343
3676,4.04935,0.000563444
3680,4.04959,0.000563461
3684,4.04983,0.000563478
3688,4.05004,0.000563492
3692,4.05028,0.000563508
3696,4.05048,0.000563522
3700,4.05072,0.000563539
3704.01,4.05092,0.000563553
3708,4.05116,0.00056357
3711.99,4.05136,0.000563584
3715.99,4.05161,0.000563601
3720,4.05181,0.000523357
3724.01,4.05205,0.000523372
3728,4.05225,0.000523385
3732,4.05245,0.000523398
3736,4.05269,0.000523414
3740,4.05289,0.000523427
3744,4.0531,0.00052344
3748,4.05334,0.000523455
3751.99,4.05354,0.000523468
3756,4.05374,0.000523481
3760.01,4.05394,0.000523494
3764,4.05418,0.00052351
3768,4.05438,0.000523523
3772,4.05458,0.000523536
3775.99,4.05479,0.000523549
3780,4.05499,0.000523562
3783.99,4.05523,0.000523578
3787.99,4.05543,0.000523591
3792,4.05563,0.000523604
3796,4.05583,0.000523617
3800,4.05603,0.00052363
3804,4.05624,0.000523643
3808,4.05644,0.000523656
3812.01,4.05664,0.000483386
3815.99,4.05684,0.000483398
3820,4.05704,0.00048341
3824,4.05724,0.000483422
3828,4.05744,0.000483434
3832,4.05765,0.000483446
3836,4.05785,0.000483458
3840,4.05805,0.00048347
3844,4.05825,0.000483482
3848,4.05845,0.000483494
3852.01,4.05865,0.000483506
3856,4.05881,0.000483516
3860.01,4.05902,0.000483528
3864,4.05922,0.00048354
3867.99,4.05942,0.000483552
3872.01,4.05962,0.000483564
3876,4.05978,0.000483574
3880,4.05998,0.000483586
3883.99,4.06018,0.000483598
3887.99,4.06039,0.00048361
3892,4.06055,0.000483619
3895.99,4.06075,0.000483631
3900,4.06095,0.000483643
3903.99,4.06111,0.000483653
3908.01,4.06131,0.000483665
3912,4.06151,0.000483677
3915.99,4.06168,0.000443379
3920,4.06188,0.00044339
3924,4.06204,0.000443399
3928.01,4.06224,0.00044341
3932.01,4.06244,0.000443421
3936,4.0626,0.00044343
3940,4.0628,0.000443441
3944,4.06297,0.00044345
3948,4.06317,0.000443461
3952.01,4.06333,0.000443469
3955.99,4.06353,0.00044348
3960,4.06369,0.000443489
3964.01,4.06389,0.0004435
3968,4.06405,0.000443509
3972.01,4.06422,0.000443518
3976,4.06442,0.000443529
3980,4.06458,0.000443538
3984,4.06478,0.000443549
3988,4.06494,0.000443557
3992,4.0651,0.000443566
3996,4.0653,0.000443577
4000,4.06547,0.000443586
4004,4.06563,0.000443595
4008,4.06583,0.000443606
4012,4.06599,0.000443615
4016,4.06615,0.000443623
4020,4.06631,0.000443632
4024,4.06651,0.000443643
4028,4.06668,0.00040332
4032,4.06684,0.000403328
4036,4.067,0.000403336
4040,4.06716,0.000403344
4044,4.06736,0.000403354
4047.99,4.06752,0.000403362
4052,4.06768,0.00040337
4056.01,4.06785,0.000403378
4060.01,4.06801,0.000403386
4064,4.06817,0.000403394
4068,4.06833,0.000403402
4071.99,4.06849,0.00040341
4075.99,4.06869,0.00040342
4080,4.06885,0.000403428
4084,4.06902,0.000403436
4088.01,4.06918,0.000403444
4092,4.06934,0.000403452
4095.99,4.0695,0.00040346
4100.01,4.06966,0.000403468
4104,4.06982,0.000403476
4108.01,4.06998,0.000403484
4111.99,4.07014,0.000403492
4116.01,4.07031,0.0004035
4120.01,4.07047,0.000403508
4124,4.07059,0.000403514
4128,4.07075,0.000403522
4131.99,4.07091,0.00040353
4136.01,4.07107,0.000403538
4140,4.07123,0.000403546
4144,4.0714,0.000403554
4148,4.07156,0.000403562
4152,4.07172,0.00040357
4156,4.07184,0.000403576
4159.99,4.072,0.000363226
4163.99,4.07216,0.000363233
4168,4.07232,0.00036324
4172,4.07249,0.000363247
4175.99,4.07261,0.000363253
4180.01,4.07277,0.00036326
4184,4.07293,0.000363267
4188.01,4.07309,0.000363274
4191.99,4.07321,0.00036328
4196,4.07337,0.000363287
4200,4.07353,0.000363294
4203.99,4.0737,0.000363301
4207.99,4.07382,0.000363307
4212,4.07398,0.000363314
4215.99,4.07414,0.000363321
4220,4.07426,0.000363326
4224.01,4.07442,0.000363334
4228.01,4.07454,0.000363339
4232,4.07471,0.000363346
4236,4.07487,0.000363353
4240,4.07499,0.000363359
4244,4.07515,0.000363366
4248,4.07527,0.000363371
4252.01,4.07543,0.000363379
4256.01,4.07559,0.000363386
4260,4.07571,0.000363391
4263.99,4.07588,0.000363398
4268,4.076,0.000363404
4272.01,4.07616,0.000363411
4276.01,4.07628,0.000363416
4280,4.07644,0.000363424
4283.99,4.07656,0.000363429
4288,4.07672,0.000363436
4291.99,4.07685,0.000363442
4295.99,4.07701,0.000363449
4300,4.07713,0.000363454
4304,4.07729,0.000363461
4308.01,4.07741,0.000363467
4312,4.07753,0.000323086
4316,4.07769,0.000323093
4320.01,4.07781,0.000323098
4324.01,4.07798,0.000323104
4327.99,4.0781,0.000323109
4332,4.07822,0.000323114
4336.01,4.07838,0.00032312
4340,4.0785,0.000323125
4343.99,4.07862,0.00032313
4348,4.07878,0.000323136
4352.01,4.07891,0.000323141
4356.01,4.07903,0.000323146
4360,4.07919,0.000323152
4363.99,4.07931,0.000323157
4367.99,4.07943,0.000323162
4372.01,4.07955,0.000323166
4376,4.07971,0.000323173
4379.99,4.07983,0.000323178
4384,4.07996,0.000323182
4388,4.08008,0.000323187
4391.99,4.08024,0.000323194
4395.99,4.08036,0.000323198
4399.99,4.08048,0.000323203
4404.01,4.0806,0.000323208
4408,4.08072,0.000323213
4411.99,4.08088,0.000323219
4416.01,4.08101,0.000323224
4420.01,4.08113,0.000323229
4424,4.08125,0.000323234
4427.99,4.08137,0.000323238
4432,4.08149,0.000323243
4436.01,4.08165,0.00032325
4440,4.08177,0.000323254
4443.99,4.08189,0.000323259
4448,4.08202,0.000323264
4452,4.08214,0.000323269
4455.99,4.08226,0.000323274
4460,4.08238,0.000323278
4464.01,4.0825,0.000323283
4468,4.08262,0.000323288
4471.99,4.08274,0.000323293
4476,4.08286,0.000323298
4480.01,4.08299,0.000323302
4484,4.08311,0.000323307
4488.01,4.08323,0.000282898
4492,4.08335,0.000282902
4496,4.08347,0.000282906
4500,4.08359,0.000282911
4504,4.08371,0.000282915
4508,4.08383,0.000282919
4512,4.08396,0.000282923
4516,4.08408,0.000282927
4520,4.0842,0.000282932
4524.01,4.08432,0.000282936
4528,4.08444,0.00028294
4532,4.08456,0.000282944
4535.99,4.08468,0.000282948
4540.01,4.0848,0.000282953
4544.01,4.08493,0.000282957
4548,4.08505,0.000282961
4551.99,4.08517,0.000282965
4556,4.08525,0.000282968
4560.01,4.08537,0.000282972
4564,4.08549,0.000282976
4568,4.08561,0.000282981
4571.99,4.08573,0.000282985
4576.01,4.08586,0.000282989
4579.99,4.08598,0.000282993
4584,4.08606,0.000282996
4588,4.08618,0.000283
4592,4.0863,0.000283004
4595.99,4.08642,0.000283009
4600.01,4.08654,0.000283013
4604.01,4.08662,0.000283016
4608,4.08675,0.00028302
4611.99,4.08687,0.000283024
4616,4.08699,0.000283028
4620,4.08707,0.000283031
4624,4.08719,0.000283035
4628,4.08731,0.000283039
4632.01,4.08743,0.000283044
4636,4.08751,0.000283046
4640.01,4.08763,0.000283051
4643.99,4.08776,0.000283055
4648.01,4.08784,0.000283058
4652.01,4.08796,0.000283062
4655.99,4.08808,0.000283066
4660.01,4.0882,0.00028307
4664.01,4.08828,0.000283073
4667.99,4.0884,0.000283077
4672,4.08852,0.000283081
4676,4.08861,0.000283084
4680,4.08873,0.000283088
4683.99,4.08885,0.000283093
4687.99,4.08893,0.000283095
4691.99,4.08905,0.0002831
4696,4.08913,0.000283102
4700,4.08925,0.000242663
4704,4.08937,0.000242666
4708.01,4.08945,0.000242669
4712,4.08958,0.000242672
4716,4.08966,0.000242675
4720.01,4.08978,0.000242678
4724,4.0899,0.000242682
4728,4.08998,0.000242684
4732,4.0901,0.000242688
4735.99,4.09018,0.00024269
4740.01,4.0903,0.000242694
4743.99,4.09038,0.000242696
4748,4.09051,0.0002427
4751.99,4.09059,0.000242702
4755.99,4.09071,0.000242706
4760,4.09079,0.000242708
4763.99,4.09091,0.000242712
4767.99,4.09099,0.000242714
4771.99,4.09111,0.000242718
4776.01,4.09119,0.00024272
4780,4.09132,0.000242724
4784,4.0914,0.000242726
4788.01,4.09152,0.00024273
4792,4.0916,0.000242732
4796,4.09172,0.000242736
4800.01,4.0918,0.000242738
4804,4.09192,0.000242742
4807.99,4.092,0.000242744
4812,4.09208,0.000242747
4816,4.09221,0.00024275
4820,4.09229,0.000242753
4824,4.09241,0.000242756
4828,4.09249,0.000242759
4831.99,4.09261,0.000242762
4836.01,4.09269,0.000242765
4839.99,4.09277,0.000242767
4844,4.09289,0.000242771
4847.99,4.09297,0.000242773
4851.99,4.09305,0.000242776
4856,4.09318,0.000242779
4860.01,4.09326,0.000242782
4864,4.09334,0.000242784
4868,4.09346,0.000242788
4871.99,4.09354,0.00024279
4876,4.09366,0.000242794
4880,4.09374,0.000242796
4884,4.09382,0.000242798
4887.99,4.0939,0.000242801
4892.01,4.09403,0.000242804
4896.01,4.09411,0.000242807
4899.99,4.09419,0.000242809
4904,4.09431,0.000242813
4908,4.09439,0.000242815
4912,4.09447,0.000242818
4916.01,4.09459,0.000242821
4920,4.09467,0.000242824
4924,4.09475,0.000242826
4928,4.09484,0.000242828
4931.99,4.09496,0.000242832
4936,4.09504,0.000242834
4940,4.09512,0.000242837
4944.01,4.0952,0.000242839
4948,4.09528,0.000242842
4951.99,4.0954,0.000242845
4955.99,4.09548,0.000242848
4960,4.09556,0.000202375
4964.01,4.09565,0.000202377
4968.01,4.09577,0.00020238
4972.01,4.09585,0.000202382
4975.99,4.09593,0.000202384
4980.01,4.09601,0.000202386
4984,4.09609,0.000202388
4988,4.09617,0.00020239
4991.99,4.09629,0.000202393
4996,4.09637,0.000202395
5000,4.09645,0.000202397
5004,4.09654,0.000202399
5007.99,4.09662,0.000202401
5012,4.0967,0.000202403
5016,4.09682,0.000202406
5020,4.0969,0.000202408
5023.99,4.09698,0.00020241
5028.01,4.09706,0.000202412
5032,4.09714,0.000202414
5036.01,4.09722,0.000202416
5039.99,4.0973,0.000202418
5044.01,4.09739,0.00020242
5048.01,4.09747,0.000202422
5052.01,4.09759,0.000202425
5056,4.09767,0.000202427
5060.01,4.09775,0.000202429
5064.01,4.09783,0.000202431
5068.01,4.09791,0.000202433
5072,4.09799,0.000202435
5075.99,4.09807,0.000202437
5080.01,4.09815,0.000202439
5083.99,4.09824,0.000202441
5088,4.09832,0.000202443
5092.01,4.0984,0.000202445
5096.01,4.09848,0.000202447
5100.01,4.09856,0.000202449
5103.99,4.09864,0.000202451
5108.01,4.09872,0.000202453
5112,4.0988,0.000202455
5116.01,4.09888,0.000202457
5119.99,4.09896,0.000202459
5124,4.09905,0.000202461
5127.99,4.09913,0.000202463
5131.99,4.09921,0.000202465
5136,4.09929,0.000202467
5139.99,4.09937,0.000202469
5144.01,4.09945,0.000202471
5148.01,4.09953,0.000202473
5152.01,4.09961,0.000202475
5155.99,4.09969,0.000202477
5160.01,4.09977,0.000202479
5164.01,4.09986,0.000202481
5168.01,4.09994,0.000202483
5171.99,4.10002,0.000202485
5176.01,4.1001,0.000202487
5180.01,4.10018,0.000202489
5184.01,4.10026,0.000202491
5187.99,4.10034,0.000202493
5192,4.10042,0.000202495
5195.99,4.1005,0.000202497
5199.99,4.10054,0.000202498
5204,4.10062,0.0002025
5208.01,4.10071,0.000202502
5212,4.10079,0.000202504
5215.99,4.10087,0.000202506
5220,4.10095,0.000202508
5224.01,4.10103,0.00020251
5227.99,4.10111,0.000202512
5232.01,4.10119,0.000202514
5236.01,4.10123,0.000202515
5239.99,4.10131,0.000202517
5244,4.10139,0.000202519
5247.99,4.10148,0.000202521
5251.99,4.10156,0.000202523
5255.99,4.10164,0.000202525
5260,4.10172,0.000202527
5263.99,4.10176,0.000202528
5268.01,4.10184,0.00020253
5272.01,4.10192,0.000202532
5275.99,4.102,0.000202534
5280,4.10208,0.000202536
5283.99,4.10216,0.000202538
5288.01,4.1022,0.000202539
5292.01,4.10229,0.000162033
5295.99,4.10237,0.000162034
5300.01,4.10245,0.000162036
5304,4.10253,0.000162038
5308,4.10257,0.000162038
5312,4.10265,0.00016204
5316.01,4.10273,0.000162042
5320,4.10281,0.000162043
5323.99,4.10289,0.000162045
5327.99,4.10293,0.000162046
5332,4.10301,0.000162047
5336.01,4.1031,0.000162049
5340,4.10318,0.00016205
5343.99,4.10322,0.000162051
5347.99,4.1033,0.000162053
5352,4.10338,0.000162054
5356.01,4.10346,0.000162056
5360,4.1035,0.000162057
5364,4.10358,0.000162058
5368,4.10366,0.00016206
5372.01,4.10374,0.000162062
5376,4.10378,0.000162062
5379.99,4.10387,0.000162064
5383.99,4.10395,0.000162066
5387.99,4.10399,0.000162066
5392,4.10407,0.000162068
5396.01,4.10415,0.00016207
5400.01,4.10423,0.000162071
5404,4.10427,0.000162072
5408.01,4.10435,0.000162074
5411.99,4.10443,0.000162075
5416,4.10447,0.000162076
5420,4.10455,0.000162078
5423.99,4.10464,0.000162079
5428,4.10468,0.00016208
5432.01,4.10476,0.000162082
5435.99,4.10484,0.000162083
5439.99,4.10488,0.000162084
5444.01,4.10496,0.000162086
5447.99,4.10504,0.000162087
5452,4.10508,0.000162088
5456.01,4.10516,0.00016209
5460.01,4.10524,0.000162091
5464,4.10528,0.000162092
5468.01,4.10536,0.000162094
5471.99,4.10545,0.000162095
5476,4.10549,0.000162096
5479.99,4.10557,0.000162098
5483.99,4.10561,0.000162098
5487.99,4.10569,0.0001621
5492,4.10577,0.000162102
5495.99,4.10581,0.000162102
5500.01,4.10589,0.000162104
5504,4.10593,0.000162105
5508,4.10601,0.000162106
5512.01,4.10609,0.000162108
5515.99,4.10613,0.000162109
5520.01,4.10622,0.00016211
5524.01,4.10626,0.000162111
5528.01,4.10634,0.000162113
5532.01,4.10642,0.000162114
5536,4.10646,0.000162115
5540.01,4.10654,0.000162117
5544.01,4.10658,0.000162118
5548,4.10666,0.000162119
5552.01,4.1067,0.00016212
5555.99,4.10678,0.000162122
5560,4.10686,0.000162123
5563.99,4.1069,0.000162124
5567.99,4.10699,0.000162126
5571.99,4.10703,0.000162126
5576,4.10711,0.000162128
5580.01,4.10715,0.000162129
5584,4.10723,0.00016213
5588,4.10727,0.000162131
5592,4.10735,0.000162133
5596,4.10739,0.000162134
5600.01,4.10747,0.000162135
5604,4.10751,0.000162136
5607.99,4.10759,0.000162138
5611.99,4.10763,0.000162138
5615.99,4.10772,0.00016214
5620,4.1078,0.000162142
5624.01,4.10784,0.000162142
5628,4.10792,0.000162144
5631.99,4.10796,0.000162145
5635.99,4.108,0.000162146
5640,4.10808,0.000162147
5644.01,4.10812,0.000162148
5647.99,4.1082,0.00016215
5651.98,4.10824,0.00016215
5656.01,4.10832,0.000162152
5660.01,4.10836,0.000162153
5663.99,4.10845,0.000162154
5668,4.10849,0.000162155
5671.99,4.10857,0.000162157
5676.01,4.10861,0.000162158
5680.01,4.10869,0.000162159
5684.01,4.10873,0.00016216
5687.99,4.10881,0.000162162
5692.01,4.10885,0.000162162
5695.99,4.10893,0.000162164
5699.99,4.10897,0.000162165
5703.99,4.10901,0.000162166
5707.99,4.10909,0.000162167
5712,4.10913,0.000162168
5715.98,4.10922,0.00016217
5720.01,4.10926,0.00016217
5724,4.10934,0.000162172
5728,4.10938,0.000162173
5732.01,4.10942,0.000162174
5735.98,4.1095,0.000162175
5740,4.10954,0.000162176
5743.99,4.10962,0.000121633
5747.99,4.10966,0.000121634
5751.99,4.1097,0.000121634
5755.99,4.10978,0.000121636
5760,4.10982,0.000121636
5763.99,4.1099,0.000121637
5768.01,4.10995,0.000121638
5772.01,4.10999,0.000121639
5776.01,4.11007,0.00012164
5780.01,4.11011,0.00012164
5783.99,4.11019,0.000121642
5788.01,4.11023,0.000121642
5792,4.11027,0.000121643
5795.99,4.11035,0.000121644
5799.99,4.11039,0.000121645
5804,4.11043,0.000121645
5808.01,4.11051,0.000121646
5811.99,4.11055,0.000121647
5816.02,4.11059,0.000121648
5820.01,4.11068,0.000121649
5824.01,4.11072,0.000121649
5828.02,4.11076,0.00012165
5831.99,4.11084,0.000121651
5836.01,4.11088,0.000121652
5840,4.11096,0.000121653
5843.99,4.111,0.000121654
5847.99,4.11104,0.000121654
5851.99,4.11112,0.000121655
5856,4.11116,0.000121656
5860.02,4.1112,0.000121657
5864,4.11124,0.000121657
5867.99,4.11132,0.000121658
5871.99,4.11136,0.000121659
5875.99,4.11141,0.00012166
5880,4.11149,0.000121661
5884.01,4.11153,0.000121661
5888,4.11157,0.000121662
5891.99,4.11165,0.000121663
5895.98,4.11169,0.000121664
5899.98,4.11173,0.000121664
5903.99,4.11181,0.000121666
5908,4.11185,0.000121666
5912.02,4.11189,0.000121667
5916,4.11193,0.000121667
5920,4.11201,0.000121669
5924,4.11205,0.000121669
5928,4.11209,0.00012167
5932.01,4.11218,0.000121671
5935.99,4.11222,0.000121672
5940.01,4.11226,0.000121672
5944,4.1123,0.000121673
5947.99,4.11238,0.000121674
5951.99,4.11242,0.000121675
5956,4.11246,0.000121675
5960.01,4.1125,0.000121676
5963.99,4.11258,0.000121677
5968.01,4.11262,0.000121678
5972,4.11266,0.000121678
5976,4.1127,0.000121679
5980,4.11278,0.00012168
5984.01,4.11282,0.000121681
5987.99,4.11287,0.000121681
5992.01,4.11291,0.000121682
5995.99,4.11299,0.000121683
5999.99,4.11303,0.000121684
6003.99,4.11307,0.000121684
6007.99,4.11311,0.000121685
6012,4.11319,0.000121686
6016.01,4.11323,0.000121687
6020,4.11327,0.000121687
6023.99,4.11331,0.000121688
6027.98,4.11335,0.000121688
6032.02,4.11343,0.00012169
6035.99,4.11347,0.00012169
6040,4.11351,0.000121691
6044.01,4.11355,0.000121691
6048,4.1136,0.000121692
6051.99,4.11368,0.000121693
6056.02,4.11372,0.000121694
6059.98,4.11376,0.000121694
6063.99,4.1138,0.000121695
6068,4.11384,0.000121696
6072.01,4.11392,0.000121697
6076,4.11396,0.000121697
6079.99,4.114,0.000121698
6083.98,4.11404,0.000121699
6087.98,4.11408,0.000121699
6091.99,4.11412,0.0001217
6096,4.1142,0.000121701
6100.02,4.11424,0.000121702
6104,4.11428,0.000121702
6107.99,4.11433,0.000121703
6111.98,4.11437,0.000121703
6115.98,4.11445,0.000121705
6119.99,4.11449,0.000121705
6124,4.11453,0.000121706
6128.01,4.11457,0.000121706
6132,4.11461,0.000121707
6135.99,4.11465,0.000121708
6140.02,4.11469,0.000121708
6144.02,4.11477,0.000121709
6147.98,4.11481,0.00012171
6151.99,4.11485,0.000121711
6156.01,4.11489,0.000121711
6159.99,4.11493,0.000121712
6164.01,4.11497,0.000121712
6168,4.11502,0.000121713
6172,4.1151,0.000121714
6176,4.11514,0.000121715
6180.01,4.11518,0.000121715
6183.99,4.11522,0.000121716
6188,4.11526,0.000121717
6191.99,4.1153,0.000121717
6196.02,4.11534,0.000121718
6200.01,4.11538,0.000121718
6204.01,4.11542,0.000121719
6208.02,4.1155,0.00012172
6211.99,4.11554,0.000121721
6216.01,4.11558,0.000121721
6219.99,4.11562,0.000121722
6224.01,4.11566,0.000121723
6228.01,4.1157,0.000121723
6232.01,4.11575,0.000121724
6236.01,4.11579,0.000121724
6240.02,4.11583,0.000121725
6243.99,4.11587,0.000121726
6248.01,4.11595,0.000121727
6251.99,4.11599,0.000121727
6255.98,4.11603,0.000121728
6260.02,4.11607,0.000121729
6264.02,4.11611,0.000121729
6267.98,4.11615,0.00012173
6271.99,4.11619,0.00012173
6276.01,4.11623,0.000121731
6279.99,4.11627,0.000121732
6284.01,4.11631,0.000121732
6288,4.11635,0.000121733
6292,4.11639,0.000121733
6296,4.11644,0.000121734
6300.01,4.11652,0.000121735
6304.02,4.11656,0.000121736
6307.99,4.1166,0.000121736
6312.02,4.11664,0.000121737
6316,4.11668,0.000121738
6319.99,4.11672,0.000121738
6323.99,4.11676,0.000121739
6327.99,4.1168,0.000121739
6332,4.11684,0.00012174
6336.01,4.11688,0.000121741
6339.99,4.11692,0.000121741
6344.01,4.11696,0.000121742
6348,4.117,0.000121742
6351.99,4.11704,0.000121743
6355.99,4.11708,0.000121744
6359.99,4.11713,0.000121744
6364,4.11717,0.000121745
6368.01,4.11721,0.000121745
6371.98,4.11725,0.000121746
6376.01,4.11729,0.000121747
6379.99,4.11733,0.000121747
6383.98,4.11737,0.000121748
6387.98,4.11741,0.000121748
6391.98,4.11745,0.000121749
6395.99,4.11749,0.00012175
6400,4.11753,0.00012175
6404.02,4.11757,0.000121751
6408,4.11761,0.000121751
6411.98,4.11765,8.1168e-05
6416.01,4.11769,8.11684e-05
6420.01,4.11773,8.11688e-05
6424.01,4.11777,8.11692e-05
6428.02,4.11781,8.11696e-05
6431.98,4.11786,8.117e-05
6436,4.1179,8.11704e-05
6439.98,4.11794,8.11708e-05
6444,4.11798,8.11712e-05
6447.99,4.11802,8.11716e-05
6451.99,4.11806,8.1172e-05
6455.99,4.1181,8.11724e-05
6459.99,4.11814,8.11728e-05
6464,4.11818,8.11732e-05
6468.01,4.11822,8.11736e-05
6471.99,4.11826,8.1174e-05
6476.01,4.1183,8.11744e-05
6480,4.11834,8.11748e-05
6483.99,4.11838,8.11752e-05
6487.99,4.11842,8.11756e-05
6491.99,4.11846,8.1176e-05
6496,4.1185,8.11764e-05
6500.01,4.11855,8.11768e-05
