# source: refractiveindex.info database (CC0), main/SiO2/nk/Kischkat.yml
# freq_cm1,eps_real,eps_imag
700,3.0746,0.243781
704,3.09867,0.265838
708,3.12103,0.289651
712,3.1414,0.314924
716,3.15967,0.341287
720,3.17583,0.368403
724,3.19,0.396012
728,3.20227,0.423993
732,3.21282,0.452375
736,3.22166,0.481249
740,3.22853,0.510761
744,3.23314,0.540902
748,3.23496,0.571601
752,3.2335,0.602307
756,3.22837,0.632317
760,3.21957,0.660673
764,3.20754,0.686424
768,3.19299,0.708993
772,3.1769,0.728036
776,3.16002,0.74382
780,3.14284,0.756844
784,3.12521,0.767501
788,3.10682,0.775872
792,3.08723,0.781441
796,3.06662,0.783135
800,3.04598,0.780109
804,3.02687,0.772281
808,3.01052,0.760527
812,2.99718,0.745936
816,2.98657,0.729369
820,2.97822,0.710877
824,2.97196,0.690226
828,2.96809,0.666954
832,2.96723,0.640945
836,2.97026,0.612328
840,2.97784,0.581787
844,2.99041,0.550095
848,3.00802,0.518218
852,3.03034,0.486885
856,3.05701,0.456516
860,3.08753,0.427402
864,3.12155,0.399435
868,3.15902,0.37261
872,3.19986,0.346749
876,3.24432,0.321873
880,3.29258,0.298035
884,3.34488,0.275483
888,3.40134,0.254466
892,3.46208,0.235324
896,3.52712,0.218298
900,3.59645,0.203606
904,3.67009,0.191448
908,3.74806,0.181882
912,3.83055,0.175057
916,3.91774,0.170936
920,4.01005,0.169691
924,4.10791,0.171423
928,4.21194,0.176372
932,4.32293,0.184922
936,4.44168,0.197566
940,4.56928,0.215058
944,4.70688,0.238378
948,4.85575,0.268939
952,5.01725,0.308628
956,5.19276,0.359941
960,5.38354,0.426098
964,5.59041,0.511339
968,5.81347,0.620875
972,6.05136,0.761029
976,6.30088,0.938615
980,6.55602,1.16023
984,6.8083,1.43064
988,7.04792,1.75136
992,7.26614,2.12038
996,7.45819,2.53417
1000,7.62301,2.99271
1004,7.7582,3.50319
1008,7.85128,4.07814
1012,7.87417,4.72437
1016,7.79019,5.42845
1020,7.574,6.15217
1024,7.23088,6.8499
1028,6.79001,7.49916
1032,6.27001,8.11016
1036,5.65127,8.69488
1040,4.89493,9.22087
1044,4.00573,9.60999
1048,3.06298,9.81175
1052,2.14046,9.86907
1056,1.21107,9.82785
1060,0.261671,9.62659
1064,-0.614057,9.2535
1068,-1.39363,8.77552
1072,-2.09276,8.197
1076,-2.67633,7.5088
1080,-3.09541,6.7526
1084,-3.34837,6.00104
1088,-3.48025,5.29822
1092,-3.53346,4.64219
1096,-3.51849,4.01585
1100,-3.42458,3.41867
1104,-3.24625,2.87167
1108,-2.99755,2.40098
1112,-2.70677,2.02091
1116,-2.40343,1.73007
1120,-2.10992,1.51646
1124,-1.83979,1.36409
1128,-1.59917,1.25718
1132,-1.38914,1.18234
1136,-1.20752,1.12909
1140,-1.05069,1.09016
1144,-0.914742,1.06107
1148,-0.796533,1.03936
1152,-0.694145,1.02371
1156,-0.607025,1.01283
1160,-0.535191,1.00431
1164,-0.47778,0.99451
1168,-0.431645,0.979868
1172,-0.391911,0.959306
1176,-0.355008,0.9347
1180,-0.320031,0.908686
1184,-0.287891,0.882515
1188,-0.259621,0.855788
1192,-0.235342,0.827209
1196,-0.214177,0.795386
1200,-0.194436,0.759533
1204,-0.17416,0.719778
1208,-0.151725,0.677108
1212,-0.126218,0.633102
1216,-0.0975731,0.58933
1220,-0.0664343,0.546996
1224,-0.0336912,0.506677
1228,-0.000164541,0.468406
1232,0.0335759,0.431873
1236,0.0673501,0.396627
1240,0.101297,0.362268
1244,0.135747,0.328639
1248,0.171087,0.295847
1252,0.207563,0.264205
1256,0.245277,0.23414
1260,0.284095,0.206121
1264,0.323714,0.180475
1268,0.363716,0.157444
1272,0.403688,0.137075
1276,0.4432,0.119295
1280,0.481929,0.103933
1284,0.519605,0.0907634
1288,0.556047,0.0795276
1292,0.59116,0.0699813
1296,0.624898,0.0618613
1300,0.657222,0.0549805
1304,0.68819,0.0491253
1308,0.717816,0.0441281
1312,0.746188,0.039871
1316,0.773325,0.0362056
1320,0.799323,0.033069
1324,0.824257,0.0303649
1328,0.848157,0.0280008
1332,0.871098,0.0259494
1336,0.893145,0.024158
1340,0.914351,0.0225876
1344,0.934756,0.0211942
1348,0.954425,0.0199699
1352,0.973407,0.0188649
1356,0.991716,0.0178862
1360,1.00939,0.0169999
1364,1.02649,0.016211
1368,1.04304,0.0155036
1372,1.05906,0.0148606
1376,1.0746,0.0142643
1380,1.08964,0.0137166
1384,1.10425,0.0132197
1388,1.11842,0.0127543
1392,1.13219,0.0123431
1396,1.14555,0.0119448
1400,1.15859,0.011582
1404,1.17124,0.0112554
1408,1.18357,0.0109228
1412,1.19557,0.0106281
1416,1.20727,0.0103504
1420,1.21866,0.01009
1424,1.22977,0.00984756
1428,1.24062,0.00962358
1432,1.2512,0.00939607
1436,1.26154,0.00918769
1440,1.27162,0.00897625
1444,1.2815,0.00880727
1448,1.29112,0.008613
1452,1.30054,0.00843911
1456,1.30975,0.00828582
1460,1.31876,0.00813053
1464,1.32758,0.00797329
1468,1.33621,0.00783734
1472,1.34466,0.00767655
1476,1.35293,0.00756054
1480,1.36104,0.00741983
1484,1.36898,0.00730105
1488,1.37676,0.00718096
1492,1.3844,0.00705966
1496,1.39187,0.0069607
1500,1.39922,0.0068371
1504,1.40642,0.00673608
1508,1.41348,0.00663406
1512,1.4204,0.00653112
1516,1.42721,0.00642727
1520,1.43388,0.00634648
1524,1.44045,0.00626499
1528,1.44687,0.00615864
1532,1.4532,0.00607567
1536,1.45943,0.00599203
1540,1.46552,0.00590768
1544,1.47153,0.005847
1548,1.47741,0.00576142
1552,1.48323,0.00567532
1556,1.48893,0.00561301
1560,1.49453,0.0055502
1564,1.50003,0.00546243
1568,1.50548,0.00539871
1572,1.51081,0.00533451
1576,1.51605,0.00526988
1580,1.52122,0.00520486
1584,1.52631,0.00513943
1588,1.53133,0.00507363
1592,1.53626,0.00503221
1596,1.54109,0.00496564
1600,1.54589,0.00489876
1604,1.55059,0.0048564
1608,1.55523,0.00478883
1612,1.5598,0.0047459
1616,1.5643,0.00467769
1620,1.56873,0.00463421
1624,1.57311,0.00459052
1628,1.57741,0.00454654
1632,1.58166,0.0044772
1636,1.58586,0.00443277
1640,1.58999,0.00438811
1644,1.59405,0.00434321
1648,1.59807,0.00429811
1652,1.60202,0.00425279
1656,1.60592,0.00420727
1660,1.60977,0.00416157
1664,1.61358,0.00411567
1668,1.61732,0.00406957
1672,1.62101,0.00404874
1676,1.62468,0.00400234
1680,1.62828,0.00395572
1684,1.63183,0.00390894
1688,1.63533,0.00388755
1692,1.63881,0.00384048
1696,1.64221,0.00381884
1700,1.6456,0.00377146
1704,1.64891,0.00372389
1708,1.6522,0.00370189
1712,1.65547,0.00365409
1716,1.65866,0.00363185
1720,1.66183,0.00358375
1724,1.66498,0.00356134
1728,1.66807,0.00353882
1732,1.67112,0.00349034
1736,1.67412,0.0034676
1740,1.67713,0.00341891
1744,1.68005,0.00339597
1748,1.68299,0.00337298
1752,1.68584,0.00334987
1756,1.6887,0.00330073
1760,1.69151,0.00327746
1764,1.69429,0.00325413
1768,1.69703,0.0032307
1772,1.69974,0.00318113
1776,1.70242,0.00315754
1780,1.70509,0.0031339
1784,1.7077,0.00311016
1788,1.71031,0.00308638
1792,1.71288,0.00306252
1796,1.71542,0.0030386
1800,1.71791,0.00301459
1804,1.7204,0.00299054
1808,1.72286,0.00296643
1812,1.72528,0.00294224
1816,1.7277,0.00291801
1820,1.73007,0.0028937
1824,1.73241,0.00286934
1828,1.73475,0.00284494
1832,1.73704,0.00282046
1836,1.73931,0.00279592
1840,1.74158,0.00277135
1844,1.7438,0.0027467
1848,1.74602,0.00272202
1852,1.74819,0.00269727
1856,1.75035,0.00267248
1860,1.7525,0.00264764
1864,1.75462,0.00262275
1868,1.75671,0.00262431
1872,1.75878,0.00259933
1876,1.76085,0.00257432
1880,1.76289,0.00254926
1884,1.76488,0.00252413
1888,1.76688,0.00252556
1892,1.76887,0.00250038
1896,1.77081,0.00247514
1900,1.77276,0.00244987
1904,1.77468,0.00242455
1908,1.77657,0.00242584
1912,1.77846,0.00240046
1916,1.78033,0.00237504
1920,1.78217,0.00237626
1924,1.78399,0.00235076
1928,1.7858,0.00232523
1932,1.7876,0.00229966
1936,1.78939,0.00230081
1940,1.79113,0.00227516
1944,1.79289,0.0022495
1948,1.79461,0.00225058
1952,1.79632,0.00222485
1956,1.79801,0.00219908
1960,1.7997,0.00220011
1964,1.80137,0.00217428
1968,1.803,0.00217527
1972,1.80464,0.00214939
1976,1.80628,0.00212349
1980,1.80787,0.00212442
1984,1.80948,0.00209847
1988,1.81104,0.00209937
1992,1.8126,0.00207335
1996,1.81417,0.0020473
2000,1.8157,0.00204817
2004,1.81724,0.00202207
2008,1.81875,0.00202292
2012,1.82023,0.00199676
2016,1.82172,0.00199757
2020,1.8232,0.00197138
2024,1.82466,0.00197217
2028,1.82609,0.00194592
2032,1.82752,0.00191964
2036,1.82896,0.00192039
2040,1.83036,0.00189407
2044,1.83177,0.0018948
2048,1.83315,0.00186844
2052,1.83453,0.00186914
2056,1.83589,0.00184273
2060,1.83724,0.00184341
2064,1.83857,0.00181696
2068,1.8399,0.00181762
2072,1.84123,0.00181827
2076,1.84253,0.00179177
2080,1.84384,0.0017924
2084,1.84511,0.00176585
2088,1.84639,0.00176647
2092,1.84767,0.00173989
2096,1.84892,0.00174048
2100,1.85017,0.00171386
2104,1.8514,0.00171443
2108,1.85265,0.00168779
2112,1.85385,0.00168833
2116,1.85507,0.00168889
2120,1.85627,0.00166219
2124,1.85744,0.00166271
2128,1.85861,0.00163597
2132,1.85979,0.00163649
2136,1.86096,0.001637
2140,1.86211,0.00161022
2144,1.86325,0.00161071
2148,1.8644,0.0015839
2152,1.86552,0.00158437
2156,1.86664,0.00158485
2160,1.86773,0.00155798
2164,1.86885,0.00155845
2168,1.86995,0.0015589
2172,1.87101,0.00153199
2176,1.87211,0.00153244
2180,1.87318,0.0015055
2184,1.87422,0.00150592
2188,1.87528,0.00150635
2192,1.87632,0.00147937
2196,1.87737,0.00147978
2200,1.87838,0.00148018
2204,1.87942,0.00145318
2208,1.88044,0.00145357
2212,1.88142,0.00145395
2216,1.88244,0.0014269
2220,1.88343,0.00142728
2224,1.88441,0.00142765
2228,1.88538,0.00140055
2232,1.88636,0.00140092
2236,1.88733,0.00140128
2240,1.88829,0.00137415
2244,1.88922,0.00137449
2248,1.89018,0.00137484
2252,1.89112,0.00134768
2256,1.89203,0.001348
2260,1.89296,0.00134833
2264,1.89387,0.00134866
2268,1.89478,0.00132145
2272,1.89569,0.00132177
2276,1.8966,0.00132208
2280,1.89748,0.00129484
2284,1.89839,0.00129515
2288,1.89924,0.00129544
2292,1.90012,0.00129574
2296,1.90101,0.00126847
2300,1.90186,0.00126875
2304,1.90272,0.00126904
2308,1.90357,0.00124173
2312,1.9044,0.001242
2316,1.90526,0.00124228
2320,1.90608,0.00124255
2324,1.90691,0.0012152
2328,1.90774,0.00121546
2332,1.90854,0.00121572
2336,1.90937,0.00121598
2340,1.91017,0.0011886
2344,1.91097,0.00118885
2348,1.91178,0.0011891
2352,1.91255,0.00118934
2356,1.91335,0.00116192
2360,1.91413,0.00116216
2364,1.9149,0.00116239
2368,1.91568,0.00116263
2372,1.91642,0.00113517
2376,1.9172,0.0011354
2380,1.91795,0.00113562
2384,1.9187,0.00113584
2388,1.91944,0.00110835
2392,1.92019,0.00110857
2396,1.92091,0.00110878
2400,1.92163,0.00110898
2404,1.92238,0.00108147
2408,1.9231,0.00108167
2412,1.92382,0.00108188
2416,1.92452,0.00108207
2420,1.92524,0.00108227
2424,1.92593,0.00105471
2428,1.92663,0.0010549
2432,1.92732,0.00105509
2436,1.92802,0.00105528
2440,1.92871,0.00105547
2444,1.9294,0.00102788
2448,1.93007,0.00102806
2452,1.93074,0.00102824
2456,1.9314,0.00102841
2460,1.93207,0.00102859
2464,1.93274,0.00100097
2468,1.93341,0.00100114
2472,1.93405,0.0010013
2476,1.93471,0.00100148
2480,1.93535,0.00100164
2484,1.93599,0.00097398
2488,1.93663,0.000974141
2492,1.93727,0.000974302
2496,1.93789,0.000974456
2500,1.93853,0.000974617
2504,1.93914,0.00094692
2508,1.93975,0.00094707
2512,1.94037,0.00094722
2516,1.94098,0.000947369
2520,1.94159,0.000947519
2524,1.9422,0.000947668
2528,1.94279,0.000919934
2532,1.9434,0.00092008
2536,1.94399,0.000920218
2540,1.94457,0.000920357
2544,1.94516,0.000920495
2548,1.94575,0.000892736
2552,1.94633,0.00089287
2556,1.94692,0.000893005
2560,1.94748,0.000893133
2564,1.94806,0.000893267
2568,1.94862,0.000893395
2572,1.94918,0.000865601
2576,1.94974,0.000865725
2580,1.9503,0.000865849
2584,1.95085,0.000865973
2588,1.95141,0.000866097
2592,1.95197,0.000866221
2596,1.9525,0.000866338
2600,1.95303,0.000838506
2604,1.95359,0.000838626
2608,1.95412,0.00083874
2612,1.95466,0.000838854
2616,1.95519,0.000838968
2620,1.95572,0.000839082
2624,1.95622,0.000811217
2628,1.95675,0.000811327
2632,1.95728,0.000811437
2636,1.95779,0.000811542
2640,1.95829,0.000811646
2644,1.95882,0.000811756
2648,1.95933,0.000811861
2652,1.95983,0.000783966
2656,1.96034,0.000784067
2660,1.96081,0.000784162
2664,1.96132,0.000784263
2668,1.96182,0.000784364
2672,1.9623,0.000784459
2676,1.9628,0.00078456
2680,1.96328,0.000756632
2684,1.96375,0.000756724
2688,1.96423,0.000756815
2692,1.96471,0.000756907
2696,1.96518,0.000756999
2700,1.96566,0.000757091
2704,1.96614,0.000757183
2708,1.96659,0.000757269
2712,1.96706,0.00072931
2716,1.96754,0.000729399
2720,1.96799,0.000729482
2724,1.96844,0.000729565
2728,1.96889,0.000729648
2732,1.96936,0.000729737
2736,1.96981,0.00072982
2740,1.97026,0.000729903
2744,1.97068,0.000701905
2748,1.97113,0.000701985
2752,1.97158,0.000702065
2756,1.97203,0.000702145
2760,1.97245,0.00070222
2764,1.9729,0.0007023
2768,1.97332,0.000702375
2772,1.97374,0.00070245
2776,1.97417,0.000674424
2780,1.97462,0.000674501
2784,1.97504,0.000674573
2788,1.97546,0.000674645
2792,1.97588,0.000674717
2796,1.97627,0.000674784
2800,1.9767,0.000674856
2804,1.97712,0.000674928
2808,1.97751,0.000674995
2812,1.97793,0.000646939
2816,1.97833,0.000647004
2820,1.97875,0.000647073
2824,1.97914,0.000647137
2828,1.97954,0.000647202
2832,1.97993,0.000647266
2836,1.98032,0.00064733
2840,1.98072,0.000647395
2844,1.98111,0.000647459
2848,1.98151,0.000647524
2852,1.9819,0.000619432
2856,1.98229,0.000619494
2860,1.98266,0.000619551
2864,1.98306,0.000619612
2868,1.98345,0.000619674
2872,1.98382,0.000619731
2876,1.98418,0.000619788
2880,1.98458,0.00061985
2884,1.98494,0.000619907
2888,1.98531,0.000619964
2892,1.98568,0.000591839
2896,1.98604,0.000591893
2900,1.98641,0.000591948
2904,1.98677,0.000592003
2908,1.98714,0.000592057
2912,1.98751,0.000592112
2916,1.98787,0.000592166
2920,1.98821,0.000592217
2924,1.98858,0.000592271
2928,1.98895,0.000592326
2932,1.98928,0.000592376
2936,1.98965,0.00056422
2940,1.98999,0.000564268
2944,1.99033,0.000564316
2948,1.9907,0.000564368
2952,1.99103,0.000564416
2956,1.99137,0.000564464
2960,1.99171,0.000564512
2964,1.99205,0.00056456
2968,1.99239,0.000564608
2972,1.99273,0.000564656
2976,1.99307,0.000564704
2980,1.99338,0.000536511
2984,1.99372,0.000536556
2988,1.99405,0.000536602
2992,1.99439,0.000536647
2996,1.9947,0.000536689
3000,1.99504,0.000536735
3004,1.99535,0.000536777
3008,1.99569,0.000536822
3012,1.996,0.000536864
3016,1.99631,0.000536906
3020,1.99663,0.000536948
3024,1.99696,0.000536993
3028,1.99728,0.00050877
3032,1.99759,0.00050881
3036,1.9979,0.000508849
3040,1.99821,0.000508889
3044,1.99852,0.000508928
3048,1.99883,0.000508968
3052,1.99914,0.000509008
3056,1.99942,0.000509044
3060,1.99974,0.000509083
3064,2.00005,0.000509123
3068,2.00036,0.000509162
3072,2.00064,0.000509198
3076,2.00095,0.000509238
3080,2.00123,0.000509274
3084,2.00155,0.000481018
3088,2.00183,0.000481052
3092,2.00211,0.000481086
3096,2.00242,0.000481124
3100,2.00271,0.000481158
3104,2.00299,0.000481192
3108,2.00327,0.000481226
3112,2.00358,0.000481263
3116,2.00387,0.000481297
3120,2.00415,0.000481331
3124,2.00443,0.000481365
3128,2.00472,0.000481399
3132,2.005,0.000481433
3136,2.00525,0.000481464
3140,2.00554,0.000453174
3144,2.00582,0.000453206
3148,2.0061,0.000453238
3152,2.00636,0.000453267
3156,2.00664,0.000453299
3160,2.00693,0.000453331
3164,2.00718,0.00045336
3168,2.00746,0.000453392
3172,2.00772,0.000453421
3176,2.008,0.000453453
3180,2.00826,0.000453482
3184,2.00851,0.00045351
3188,2.0088,0.000453542
3192,2.00905,0.000453571
3196,2.00931,0.0004536
3200,2.00956,0.000425277
3204,2.00984,0.000425307
3208,2.0101,0.000425334
3211.99,2.01036,0.000425361
3216,2.01061,0.000425388
3220,2.01087,0.000425415
3224,2.01112,0.000425442
3228,2.01138,0.000425469
3232,2.01163,0.000425496
3236.01,2.01186,0.00042552
3240,2.01211,0.000425547
3244,2.01237,0.000425574
3248,2.01262,0.000425601
3252,2.01285,0.000425625
3256,2.01311,0.000425652
3260,2.01336,0.000425679
3264,2.01359,0.000425703
3268,2.01384,0.000397348
3272.01,2.01407,0.00039737
3276,2.01433,0.000397396
3280,2.01455,0.000397418
3284,2.01481,0.000397443
3288,2.01504,0.000397466
3292,2.01529,0.000397491
3296,2.01552,0.000397513
3300,2.01575,0.000397536
3304,2.01597,0.000397558
3308.01,2.01623,0.000397583
3312,2.01646,0.000397606
3316,2.01668,0.000397628
3320,2.01691,0.00039765
3324,2.01714,0.000397673
3328,2.01737,0.000397695
3332,2.01759,0.000397718
3336,2.01782,0.00039774
3340,2.01805,0.000397762
3344,2.01827,0.000369372
3348,2.0185,0.000369392
3352,2.01873,0.000369413
3356,2.01893,0.000369431
3360,2.01916,0.000369452
3364,2.01938,0.000369473
3368,2.01961,0.000369494
3372,2.01981,0.000369512
3375.99,2.02004,0.000369533
3380,2.02026,0.000369554
3384,2.02046,0.000369572
3388,2.02069,0.000369593
3392,2.02089,0.000369611
3396,2.02112,0.000369632
3400,2.02132,0.00036965
3404,2.02154,0.000369671
3408,2.02174,0.000369689
3412,2.02197,0.00036971
3416,2.02217,0.000369728
3420,2.02237,0.000369746
3424,2.0226,0.000369767
3428,2.0228,0.00034134
3432,2.02299,0.000341357
3436,2.02319,0.000341374
3440,2.02339,0.00034139
3444,2.02362,0.00034141
3448,2.02382,0.000341426
3452,2.02402,0.000341443
3456,2.02422,0.00034146
3460,2.02442,0.000341477
3464,2.02462,0.000341494
3468,2.02482,0.00034151
3472.01,2.02501,0.000341527
3476,2.02521,0.000341544
3480,2.02541,0.000341561
3484,2.02561,0.000341578
3488,2.02578,0.000341592
3492,2.02598,0.000341609
3496,2.02618,0.000341626
3500,2.02638,0.000341642
3504,2.02658,0.000341659
3508,2.02675,0.000341674
3512,2.02695,0.00034169
3516,2.02715,0.000341707
3520,2.02732,0.000313245
3524.01,2.02752,0.00031326
3528,2.02772,0.000313276
3532,2.02789,0.000313289
3536.01,2.02809,0.000313304
3540,2.02826,0.000313317
3544,2.02846,0.000313333
3548,2.02863,0.000313346
3551.99,2.02883,0.000313361
3556,2.029,0.000313375
3560,2.02917,0.000313388
3564,2.02937,0.000313403
3568,2.02954,0.000313416
3572,2.02971,0.00031343
3576,2.02991,0.000313445
3579.99,2.03008,0.000313458
3584,2.03025,0.000313471
3588,2.03045,0.000313487
3592.01,2.03062,0.0003135
3596,2.0308,0.000313513
3600,2.03097,0.000313526
3604.01,2.03114,0.00031354
3608,2.03131,0.000313553
3612,2.03148,0.000313566
3616,2.03168,0.000313581
3620,2.03185,0.000285086
3624,2.03202,0.000285098
3628,2.03219,0.00028511
3632.01,2.03236,0.000285122
3635.99,2.03253,0.000285134
3640,2.03271,0.000285146
3644,2.03285,0.000285156
3648,2.03302,0.000285168
3651.99,2.03319,0.00028518
3656,2.03336,0.000285192
3660,2.03353,0.000285204
3664,2.0337,0.000285216
3668,2.03388,0.000285228
3672,2.03402,0.000285238
3676,2.03419,0.00028525
3680,2.03436,0.000285262
3684,2.0345,0.000285272
3688,2.03467,0.000285284
3692,2.03485,0.000285296
3696,2.03499,0.000285306
3700,2.03516,0.000285318
3704.01,2.03533,0.00028533
3708,2.03547,0.00028534
3711.99,2.03564,0.000285352
3715.99,2.03579,0.000285362
3720,2.03596,0.000285374
3724.01,2.0361,0.000285384
3728,2.03627,0.000285396
3732,2.03641,0.000285406
3736,2.03659,0.000285418
3740,2.03673,0.000256885
3744,2.0369,0.000256896
3748,2.03704,0.000256905
3751.99,2.03719,0.000256914
3756,2.03736,0.000256925
3760.01,2.0375,0.000256934
3764,2.03764,0.000256943
3768,2.03781,0.000256954
3772,2.03796,0.000256963
3775.99,2.0381,0.000256972
3780,2.03824,0.000256981
3783.99,2.03841,0.000256991
3787.99,2.03856,0.000257
3792,2.0387,0.000257009
3796,2.03884,0.000257018
3800,2.03898,0.000257027
3804,2.03916,0.000257038
3808,2.0393,0.000257047
3812.01,2.03944,0.000257056
3815.99,2.03958,0.000257065
3820,2.03973,0.000257074
3824,2.03987,0.000257083
3828,2.04001,0.000257092
3832,2.04016,0.000257101
3836,2.0403,0.00025711
3840,2.04044,0.000257119
3844,2.04058,0.000257128
3848,2.04073,0.000257137
3852.01,2.04087,0.000257146
3856,2.04101,0.000257155
3860.01,2.04116,0.000257164
3864,2.04127,0.000257171
3867.99,2.04141,0.00025718
3872.01,2.04156,0.000257189
3876,2.0417,0.000228621
3880,2.04184,0.000228629
3883.99,2.04198,0.000228637
3887.99,2.0421,0.000228643
3892,2.04224,0.000228651
3895.99,2.04238,0.000228659
3900,2.04253,0.000228667
3903.99,2.04264,0.000228674
3908.01,2.04278,0.000228682
3912,2.04293,0.00022869
3915.99,2.04304,0.000228696
3920,2.04318,0.000228704
3924,2.04333,0.000228712
3928.01,2.04344,0.000228718
3932.01,2.04358,0.000228726
3936,2.0437,0.000228733
3940,2.04384,0.000228741
3944,2.04398,0.000228749
3948,2.0441,0.000228755
3952.01,2.04424,0.000228763
3955.99,2.04436,0.00022877
3960,2.0445,0.000228778
3964.01,2.04461,0.000228784
3968,2.04476,0.000228792
3972.01,2.04487,0.000228798
3976,2.04499,0.000228805
3980,2.04513,0.000228813
3984,2.04524,0.000228819
3988,2.04539,0.000228827
3992,2.0455,0.000228834
3996,2.04562,0.00022884
4000,2.04576,0.000228848
4004,2.04587,0.000228854
4008,2.04599,0.000228861
4012,2.04613,0.000228869
4016,2.04624,0.000228875
4020,2.04636,0.000228882
4024,2.0465,0.00022889
4028,2.04662,0.000228896
4032,2.04673,0.000228902
4036,2.04685,0.000200295
4040,2.04696,0.000200301
4044,2.0471,0.000200308
4047.99,2.04722,0.000200313
4052,2.04733,0.000200319
4056.01,2.04745,0.000200325
4060.01,2.04756,0.00020033
4064,2.04768,0.000200336
4068,2.04782,0.000200343
4071.99,2.04793,0.000200348
4075.99,2.04805,0.000200354
4080,2.04816,0.00020036
4084,2.04828,0.000200365
4088.01,2.04839,0.000200371
4092,2.04851,0.000200376
4095.99,2.04862,0.000200382
4100.01,2.04873,0.000200388
4104,2.04885,0.000200393
4108.01,2.04896,0.000200399
4111.99,2.04908,0.000200404
4116.01,2.04919,0.00020041
4120.01,2.04931,0.000200416
4124,2.04942,0.000200421
4128,2.04954,0.000200427
4131.99,2.04965,0.000200432
4136.01,2.04976,0.000200438
4140,2.04985,0.000200442
4144,2.04997,0.000200448
4148,2.05008,0.000200453
4152,2.05019,0.000200459
4156,2.05031,0.000200465
4159.99,2.05042,0.00020047
4163.99,2.05054,0.000200476
4168,2.05062,0.00020048
4172,2.05074,0.000200486
4175.99,2.05085,0.000200491
4180.01,2.05097,0.000200497
4184,2.05105,0.000200501
4188.01,2.05117,0.000200507
4191.99,2.05128,0.000200512
4196,2.0514,0.000200518
4200,2.05148,0.000200522
4203.99,2.0516,0.000200528
4207.99,2.05171,0.000200533
4212,2.0518,0.000200537
4215.99,2.05191,0.000200543
4220,2.05203,0.000200549
4224.01,2.05211,0.000171902
4228.01,2.05223,0.000171907
4232,2.05234,0.000171912
4236,2.05243,0.000171916
4240,2.05254,0.00017192
4244,2.05263,0.000171924
4248,2.05274,0.000171929
4252.01,2.05286,0.000171934
4256.01,2.05294,0.000171937
4260,2.05306,0.000171942
4263.99,2.05315,0.000171946
4268,2.05326,0.00017195
4272.01,2.05335,0.000171954
4276.01,2.05346,0.000171959
4280,2.05355,0.000171962
4283.99,2.05366,0.000171967
4288,2.05375,0.000171971
4291.99,2.05386,0.000171976
4295.99,2.05395,0.000171979
4300,2.05403,0.000171983
4304,2.05415,0.000171988
4308.01,2.05423,0.000171991
4312,2.05435,0.000171996
4316,2.05443,0.000172
4320.01,2.05455,0.000172004
4324.01,2.05464,0.000172008
4327.99,2.05472,0.000172012
4332,2.05484,0.000172016
4336.01,2.05492,0.00017202
4340,2.05501,0.000172024
4343.99,2.05512,0.000172028
4348,2.05521,0.000172032
4352.01,2.05529,0.000172036
4356.01,2.05541,0.00017204
4360,2.0555,0.000172044
4363.99,2.05558,0.000172048
4367.99,2.05567,0.000172051
4372.01,2.05578,0.000172056
4376,2.05587,0.00017206
4379.99,2.05595,0.000172063
4384,2.05604,0.000172067
4388,2.05616,0.000172072
4391.99,2.05624,0.000172075
4395.99,2.05633,0.000172079
4399.99,2.05641,0.000172082
4404.01,2.0565,0.000172086
4408,2.05661,0.000172091
4411.99,2.0567,0.000172094
4416.01,2.05679,0.000172098
4420.01,2.05687,0.000172102
4424,2.05696,0.000172105
4427.99,2.05704,0.000172109
4432,2.05713,0.000172112
4436.01,2.05725,0.000172117
4440,2.05733,0.000172121
4443.99,2.05742,0.000172124
4448,2.0575,0.000172128
4452,2.05759,0.000172132
4455.99,2.05768,0.000172135
4460,2.05776,0.000143449
4464.01,2.05785,0.000143452
4468,2.05793,0.000143455
4471.99,2.05802,0.000143458
4476,2.05811,0.000143461
4480.01,2.05819,0.000143464
4484,2.05828,0.000143467
4488.01,2.05836,0.00014347
4492,2.05845,0.000143473
4496,2.05854,0.000143476
4500,2.05862,0.000143479
4504,2.05871,0.000143482
4508,2.05879,0.000143485
4512,2.05888,0.000143488
4516,2.05897,0.000143491
4520,2.05905,0.000143494
4524.01,2.05914,0.000143497
4528,2.05922,0.0001435
4532,2.05931,0.000143503
4535.99,2.05937,0.000143505
4540.01,2.05945,0.000143508
4544.01,2.05954,0.000143511
4548,2.05963,0.000143514
4551.99,2.05971,0.000143517
4556,2.0598,0.00014352
4560.01,2.05989,0.000143523
4564,2.05994,0.000143525
4568,2.06003,0.000143528
4571.99,2.06011,0.000143531
4576.01,2.0602,0.000143534
4579.99,2.06029,0.000143537
4584,2.06037,0.00014354
4588,2.06043,0.000143542
4592,2.06052,0.000143545
4595.99,2.0606,0.000143548
4600.01,2.06069,0.000143551
4604.01,2.06075,0.000143553
4608,2.06083,0.000143556
4611.99,2.06092,0.000143559
4616,2.061,0.000143562
4620,2.06106,0.000143564
4624,2.06115,0.000143567
4628,2.06123,0.00014357
4632.01,2.06132,0.000143573
4636,2.06138,0.000143575
4640.01,2.06146,0.000143578
4643.99,2.06155,0.000143581
4648.01,2.06161,0.000143583
4652.01,2.06169,0.000143586
4655.99,2.06178,0.000143589
4660.01,2.06184,0.000143591
4664.01,2.06192,0.000143594
4667.99,2.06201,0.000143597
4672,2.06207,0.000143599
4676,2.06215,0.000143602
4680,2.06221,0.000143604
4683.99,2.0623,0.000143607
4687.99,2.06238,0.00014361
4691.99,2.06244,0.000143612
4696,2.06253,0.000143615
4700,2.06258,0.000143617
4704,2.06267,0.00014362
4708.01,2.06276,0.000143623
4712,2.06281,0.000143625
4716,2.0629,0.000143628
4720.01,2.06296,0.00014363
4724,2.06304,0.000143633
4728,2.0631,0.000143635
4732,2.06319,0.000143638
4735.99,2.06324,0.00014364
4740.01,2.06333,0.000143643
4743.99,2.06339,0.000143645
4748,2.06347,0.000143648
4751.99,2.06353,0.00014365
4755.99,2.06362,0.000143653
4760,2.06368,0.000114924
4763.99,2.06376,0.000114926
4767.99,2.06382,0.000114928
4771.99,2.06391,0.00011493
4776.01,2.06396,0.000114932
4780,2.06405,0.000114934
4784,2.06411,0.000114936
4788.01,2.06419,0.000114938
4792,2.06425,0.00011494
4796,2.06431,0.000114942
4800.01,2.06439,0.000114944
4804,2.06445,0.000114946
4807.99,2.06454,0.000114948
4812,2.0646,0.00011495
4816,2.06465,0.000114951
4820,2.06474,0.000114954
4824,2.0648,0.000114955
4828,2.06488,0.000114958
4831.99,2.06494,0.000114959
4836.01,2.065,0.000114961
4839.99,2.06508,0.000114963
4844,2.06514,0.000114965
4847.99,2.0652,0.000114966
4851.99,2.06529,0.000114969
4856,2.06534,0.00011497
4860.01,2.0654,0.000114972
4864,2.06549,0.000114974
4868,2.06554,0.000114976
4871.99,2.0656,0.000114978
4876,2.06569,0.00011498
4880,2.06575,0.000114982
4884,2.0658,0.000114983
4887.99,2.06586,0.000114985
4892.01,2.06595,0.000114987
4896.01,2.066,0.000114989
4899.99,2.06606,0.00011499
4904,2.06612,0.000114992
4908,2.06621,0.000114994
4912,2.06626,0.000114996
4916.01,2.06632,0.000114998
4920,2.06638,0.000114999
4924,2.06646,0.000115002
4928,2.06652,0.000115003
4931.99,2.06658,0.000115005
4936,2.06664,0.000115006
4940,2.06669,0.000115008
4944.01,2.06678,0.00011501
4948,2.06684,0.000115012
4951.99,2.0669,0.000115014
4955.99,2.06695,0.000115015
4960,2.06701,0.000115017
4964.01,2.0671,0.000115019
4968.01,2.06715,0.000115021
4972.01,2.06721,0.000115022
4975.99,2.06727,0.000115024
4980.01,2.06733,0.000115026
4984,2.06738,0.000115027
4988,2.06747,0.00011503
4991.99,2.06753,0.000115031
4996,2.06759,0.000115033
5000,2.06764,0.000115034
5004,2.0677,0.000115036
5007.99,2.06776,0.000115038
5012,2.06782,0.000115039
5016,2.06787,0.000115041
5020,2.06793,0.000115042
5023.99,2.06802,0.000115045
5028.01,2.06807,0.000115046
5032,2.06813,0.000115048
5036.01,2.06819,0.00011505
5039.99,2.06825,0.000115051
5044.01,2.0683,0.000115053
5048.01,2.06836,0.000115054
5052.01,2.06842,0.000115056
5056,2.06848,0.000115058
5060.01,2.06853,0.000115059
5064.01,2.06859,0.000115061
5068.01,2.06865,0.000115062
5072,2.06871,0.000115064
5075.99,2.06876,0.000115066
5080.01,2.06882,0.000115067
5083.99,2.06888,0.000115069
5088,2.06894,0.00011507
5092.01,2.06899,0.000115072
5096.01,2.06905,0.000115074
5100.01,2.06911,0.000115075
5103.99,2.06917,0.000115077
5108.01,2.06922,0.000115078
5112,2.06928,0.00011508
5116.01,2.06934,0.000115082
5119.99,2.0694,0.000115083
5124,2.06945,0.000115085
5127.99,2.06951,0.000115086
5131.99,2.06957,0.000115088
5136,2.06963,0.00011509
5139.99,2.06969,0.000115091
5144.01,2.06974,0.000115093
5148.01,2.0698,0.000115094
5152.01,2.06986,0.000115096
5155.99,2.06992,0.000115098
5160.01,2.06997,0.000115099
5164.01,2.07,0.0001151
5168.01,2.07006,8.63262e-05
5171.99,2.07012,8.63274e-05
5176.01,2.07017,8.63286e-05
5180.01,2.07023,8.63298e-05
5184.01,2.07029,8.6331e-05
5187.99,2.07035,8.63322e-05
5192,2.0704,8.63334e-05
5195.99,2.07046,8.63346e-05
5199.99,2.07052,8.63358e-05
5204,2.07055,8.63364e-05
5208.01,2.07061,8.63376e-05
5212,2.07066,8.63388e-05
5215.99,2.07072,8.634e-05
5220,2.07078,8.63412e-05
5224.01,2.07084,8.63424e-05
5227.99,2.07089,8.63436e-05
5232.01,2.07092,8.63442e-05
5236.01,2.07098,8.63454e-05
5239.99,2.07104,8.63466e-05
5244,2.0711,8.63478e-05
5247.99,2.07115,8.6349e-05
5251.99,2.07118,8.63496e-05
5255.99,2.07124,8.63508e-05
5260,2.0713,8.6352e-05
5263.99,2.07135,8.63532e-05
5268.01,2.07141,8.63544e-05
5272.01,2.07144,8.6355e-05
5275.99,2.0715,8.63562e-05
5280,2.07156,8.63574e-05
5283.99,2.07161,8.63586e-05
5288.01,2.07167,8.63598e-05
5292.01,2.0717,8.63604e-05
5295.99,2.07176,8.63616e-05
5300.01,2.07181,8.63628e-05
5304,2.07187,8.6364e-05
5308,2.0719,8.63646e-05
5312,2.07196,8.63658e-05
5316.01,2.07202,8.6367e-05
5320,2.07207,8.63682e-05
5323.99,2.0721,8.63688e-05
5327.99,2.07216,8.637e-05
5332,2.07222,8.63712e-05
5336.01,2.07228,8.63724e-05
5340,2.0723,8.6373e-05
5343.99,2.07236,8.63742e-05
5347.99,2.07242,8.63754e-05
5352,2.07248,8.63766e-05
5356.01,2.07251,8.63772e-05
5360,2.07256,8.63784e-05
5364,2.07262,8.63796e-05
5368,2.07265,8.63802e-05
5372.01,2.07271,8.63814e-05
5376,2.07276,8.63826e-05
5379.99,2.07279,8.63832e-05
5383.99,2.07285,8.63844e-05
5387.99,2.07291,8.63856e-05
5392,2.07294,8.63862e-05
5396.01,2.073,8.63874e-05
5400.01,2.07305,8.63886e-05
5404,2.07308,8.63892e-05
5408.01,2.07314,8.63904e-05
5411.99,2.0732,8.63916e-05
5416,2.07323,8.63922e-05
5420,2.07328,8.63934e-05
5423.99,2.07334,8.63946e-05
5428,2.07337,8.63952e-05
5432.01,2.07343,8.63964e-05
5435.99,2.07348,8.63976e-05
5439.99,2.07351,8.63982e-05
5444.01,2.07357,8.63994e-05
5447.99,2.0736,8.64e-05
5452,2.07366,8.64012e-05
5456.01,2.07372,8.64024e-05
5460.01,2.07374,8.6403e-05
5464,2.0738,8.64042e-05
5468.01,2.07383,8.64048e-05
5471.99,2.07389,8.6406e-05
5476,2.07395,8.64072e-05
5479.99,2.07397,8.64078e-05
5483.99,2.07403,8.6409e-05
5487.99,2.07406,8.64096e-05
5492,2.07412,8.64108e-05
5495.99,2.07418,8.6412e-05
5500.01,2.0742,8.64126e-05
5504,2.07426,8.64138e-05
5508,2.07429,8.64144e-05
5512.01,2.07435,8.64156e-05
5515.99,2.07438,8.64162e-05
5520.01,2.07444,8.64174e-05
5524.01,2.07446,8.6418e-05
5528.01,2.07452,8.64192e-05
5532.01,2.07458,8.64204e-05
5536,2.07461,8.6421e-05
5540.01,2.07467,8.64222e-05
5544.01,2.07469,8.64228e-05
5548,2.07475,8.6424e-05
5552.01,2.07478,8.64246e-05
5555.99,2.07484,8.64258e-05
5560,2.07487,8.64264e-05
5563.99,2.07493,8.64276e-05
5567.99,2.07495,8.64282e-05
5571.99,2.07501,8.64294e-05
5576,2.07504,8.643e-05
5580.01,2.0751,8.64312e-05
5584,2.07513,8.64318e-05
5588,2.07518,8.6433e-05
5592,2.07521,8.64336e-05
5596,2.07527,8.64348e-05
5600.01,2.0753,8.64354e-05
5604,2.07536,8.64366e-05
5607.99,2.07539,8.64372e-05
5611.99,2.07544,8.64384e-05
5615.99,2.07547,8.6439e-05
5620,2.07553,8.64402e-05
5624.01,2.07556,8.64408e-05
5628,2.07562,8.6442e-05
5631.99,2.07565,8.64426e-05
5635.99,2.0757,8.64438e-05
5640,2.07573,8.64444e-05
5644.01,2.07576,8.6445e-05
5647.99,2.07582,8.64462e-05
5651.98,2.07585,8.64468e-05
5656.01,2.0759,8.6448e-05
5660.01,2.07593,8.64486e-05
5663.99,2.07599,8.64498e-05
5668,2.07602,8.64504e-05
5671.99,2.07605,8.6451e-05
5676.01,2.07611,8.64522e-05
5680.01,2.07614,8.64528e-05
5684.01,2.07619,8.6454e-05
5687.99,2.07622,8.64546e-05
5692.01,2.07628,8.64558e-05
5695.99,2.07631,8.64564e-05
5699.99,2.07634,8.6457e-05
5703.99,2.07639,8.64582e-05
5707.99,2.07642,8.64588e-05
5712,2.07648,8.646e-05
5715.98,2.07651,8.64606e-05
5720.01,2.07654,8.64612e-05
5724,2.0766,8.64624e-05
5728,2.07663,8.6463e-05
5732.01,2.07668,8.64642e-05
5735.98,2.07671,8.64648e-05
5740,2.07674,8.64654e-05
5743.99,2.0768,8.64666e-05
5747.99,2.07683,8.64672e-05
5751.99,2.07686,8.64678e-05
5755.99,2.07691,8.6469e-05
5760,2.07694,8.64696e-05
5763.99,2.07697,8.64702e-05
5768.01,2.07703,5.76476e-05
5772.01,2.07706,5.7648e-05
5776.01,2.07709,5.76484e-05
5780.01,2.07714,5.76492e-05
5783.99,2.07717,5.76496e-05
5788.01,2.07723,5.76504e-05
5792,2.07726,5.76508e-05
5795.99,2.07729,5.76512e-05
5799.99,2.07735,5.7652e-05
5804,2.07737,5.76524e-05
5808.01,2.0774,5.76528e-05
5811.99,2.07743,5.76532e-05
5816.02,2.07749,5.7654e-05
5820.01,2.07752,5.76544e-05
5824.01,2.07755,5.76548e-05
5828.02,2.07761,5.76556e-05
5831.99,2.07763,5.7656e-05
5836.01,2.07766,5.76564e-05
5840,2.07772,5.76572e-05
5843.99,2.07775,5.76576e-05
5847.99,2.07778,5.7658e-05
5851.99,2.07784,5.76588e-05
5856,2.07786,5.76592e-05
5860.02,2.07789,5.76596e-05
5864,2.07792,5.766e-05
5867.99,2.07798,5.76608e-05
5871.99,2.07801,5.76612e-05
5875.99,2.07804,5.76616e-05
5880,2.0781,5.76624e-05
5884.01,2.07812,5.76628e-05
5888,2.07815,5.76632e-05
5891.99,2.07818,5.76636e-05
5895.98,2.07824,5.76644e-05
5899.98,2.07827,5.76648e-05
5903.99,2.0783,5.76652e-05
5908,2.07833,5.76656e-05
5912.02,2.07838,5.76664e-05
5916,2.07841,5.76668e-05
5920,2.07844,5.76672e-05
5924,2.07847,5.76676e-05
5928,2.07853,5.76684e-05
5932.01,2.07856,5.76688e-05
5935.99,2.07859,5.76692e-05
5940.01,2.07861,5.76696e-05
5944,2.07867,5.76704e-05
5947.99,2.0787,5.76708e-05
5951.99,2.07873,5.76712e-05
5956,2.07876,5.76716e-05
5960.01,2.07879,5.7672e-05
5963.99,2.07884,5.76728e-05
5968.01,2.07887,5.76732e-05
5972,2.0789,5.76736e-05
5976,2.07893,5.7674e-05
5980,2.07899,5.76748e-05
5984.01,2.07902,5.76752e-05
5987.99,2.07905,5.76756e-05
5992.01,2.07908,5.7676e-05
5995.99,2.0791,5.76764e-05
5999.99,2.07916,5.76772e-05
6003.99,2.07919,5.76776e-05
6007.99,2.07922,5.7678e-05
6012,2.07925,5.76784e-05
6016.01,2.07928,5.76788e-05
6020,2.07934,5.76796e-05
6023.99,2.07936,5.768e-05
6027.98,2.07939,5.76804e-05
6032.02,2.07942,5.76808e-05
6035.99,2.07945,5.76812e-05
6040,2.07948,5.76816e-05
6044.01,2.07954,5.76824e-05
6048,2.07957,5.76828e-05
6051.99,2.07959,5.76832e-05
6056.02,2.07962,5.76836e-05
6059.98,2.07965,5.7684e-05
6063.99,2.07968,5.76844e-05
6068,2.07974,5.76852e-05
6072.01,2.07977,5.76856e-05
6076,2.0798,5.7686e-05
6079.99,2.07983,5.76864e-05
6083.98,2.07985,5.76868e-05
6087.98,2.07988,5.76872e-05
6091.99,2.07991,5.76876e-05
6096,2.07997,5.76884e-05
6100.02,2.08,5.76888e-05
6104,2.08003,5.76892e-05
6107.99,2.08006,5.76896e-05
6111.98,2.08009,5.769e-05
6115.98,2.08011,5.76904e-05
6119.99,2.08014,5.76908e-05
6124,2.08017,5.76912e-05
6128.01,2.08023,5.7692e-05
6132,2.08026,5.76924e-05
6135.99,2.08029,5.76928e-05
6140.02,2.08032,5.76932e-05
6144.02,2.08034,5.76936e-05
6147.98,2.08037,5.7694e-05
6151.99,2.0804,5.76944e-05
6156.01,2.08043,5.76948e-05
6159.99,2.08049,5.76956e-05
6164.01,2.08052,5.7696e-05
6168,2.08055,5.76964e-05
6172,2.08058,5.76968e-05
6176,2.0806,5.76972e-05
6180.01,2.08063,5.76976e-05
6183.99,2.08066,5.7698e-05
6188,2.08069,5.76984e-05
6191.99,2.08072,5.76988e-05
6196.02,2.08075,5.76992e-05
6200.01,2.08078,5.76996e-05
6204.01,2.08081,5.77e-05
6208.02,2.08086,5.77008e-05
6211.99,2.08089,5.77012e-05
6216.01,2.08092,5.77016e-05
6219.99,2.08095,5.7702e-05
6224.01,2.08098,5.77024e-05
6228.01,2.08101,5.77028e-05
6232.01,2.08104,5.77032e-05
6236.01,2.08107,5.77036e-05
6240.02,2.08109,5.7704e-05
6243.99,2.08112,5.77044e-05
6248.01,2.08115,5.77048e-05
6251.99,2.08118,5.77052e-05
6255.98,2.08121,5.77056e-05
6260.02,2.08124,5.7706e-05
6264.02,2.08127,5.77064e-05
6267.98,2.0813,5.77068e-05
6271.99,2.08135,5.77076e-05
6276.01,2.08138,5.7708e-05
6279.99,2.08141,5.77084e-05
6284.01,2.08144,5.77088e-05
6288,2.08147,5.77092e-05
6292,2.0815,5.77096e-05
6296,2.08153,5.771e-05
6300.01,2.08156,5.77104e-05
6304.02,2.08159,5.77108e-05
6307.99,2.08161,5.77112e-05
6312.02,2.08164,5.77116e-05
6316,2.08167,5.7712e-05
6319.99,2.0817,5.77124e-05
6323.99,2.08173,5.77128e-05
6327.99,2.08176,5.77132e-05
6332,2.08179,5.77136e-05
6336.01,2.08182,5.7714e-05
6339.99,2.08184,5.77144e-05
6344.01,2.08187,5.77148e-05
6348,2.0819,5.77152e-05
6351.99,2.08193,5.77156e-05
6355.99,2.08196,5.7716e-05
6359.99,2.08199,5.77164e-05
6364,2.08202,5.77168e-05
6368.01,2.08205,5.77172e-05
6371.98,2.08208,5.77176e-05
6376.01,2.0821,5.7718e-05
6379.99,2.08213,5.77184e-05
6383.98,2.08216,5.77188e-05
6387.98,2.08219,5.77192e-05
6391.98,2.08222,5.77196e-05
6395.99,2.08225,5.772e-05
6400,2.08228,5.77204e-05
6404.02,2.08231,5.77208e-05
6408,2.08234,5.77212e-05
6411.98,2.08236,5.77216e-05
6416.01,2.08239,5.7722e-05
6420.01,2.08242,5.77224e-05
6424.01,2.08245,5.77228e-05
6428.02,2.08248,5.77232e-05
6431.98,2.08251,5.77236e-05
6436,2.08254,5.7724e-05
6439.98,2.08257,5.77244e-05
6444,2.08257,5.77244e-05
6447.99,2.0826,5.77248e-05
6451.99,2.08262,5.77252e-05
6455.99,2.08265,5.77256e-05
6459.99,2.08268,5.7726e-05
6464,2.08271,5.77264e-05
6468.01,2.08274,5.77268e-05
6471.99,2.08277,5.77272e-05
6476.01,2.0828,5.77276e-05
6480,2.08283,5.7728e-05
6483.99,2.08286,5.77284e-05
6487.99,2.08288,5.77288e-05
6491.99,2.08291,5.77292e-05
6496,2.08294,5.77296e-05
6500.01,2.08297,5.773e-05
