# source: refractiveindex.info database (CC0), main/SiO2/nk/Franta.yml
# freq_cm1,eps_real,eps_imag
79.9099,3.8409,0.0397083
80.0942,3.84106,0.039805
80.2787,3.84122,0.039902
80.4635,3.84138,0.0399992
80.6491,3.84154,0.0400967
80.8349,3.84171,0.0401944
81.0215,3.84187,0.0402924
81.2084,3.84203,0.0403907
81.3954,3.8422,0.0404892
81.5834,3.84236,0.040588
81.7708,3.84253,0.040687
81.9598,3.8427,0.0407863
82.1483,3.84286,0.0408859
82.3377,3.84303,0.0409857
82.528,3.8432,0.0410858
82.7178,3.84337,0.0411862
82.9084,3.84354,0.0412868
83.1,3.84371,0.0413877
83.2917,3.84389,0.0414889
83.4836,3.84406,0.0415903
83.6757,3.84424,0.041692
83.8687,3.84441,0.041794
84.0619,3.84459,0.0418963
84.2559,3.84476,0.0419988
84.4502,3.84494,0.0421016
84.6446,3.84512,0.0422047
84.8399,3.8453,0.042308
85.0355,3.84548,0.0424117
85.2311,3.84566,0.0425156
85.4277,3.84585,0.0426198
85.6252,3.84603,0.0427243
85.8222,3.84621,0.042829
86.02,3.8464,0.042934
86.2188,3.84658,0.0430394
86.417,3.84677,0.043145
86.6161,3.84696,0.0432509
86.8161,3.84715,0.043357
87.0163,3.84734,0.0434635
87.2167,3.84753,0.0435702
87.4179,3.84772,0.0436773
87.6194,3.84791,0.0437846
87.821,3.84811,0.0438922
88.0235,3.8483,0.0440001
88.227,3.8485,0.0441083
88.4298,3.84869,0.0442168
88.6336,3.84889,0.0443256
88.8383,3.84909,0.0444347
89.0432,3.84929,0.0445441
89.2483,3.84949,0.0446538
89.4542,3.84969,0.0447637
89.6604,3.84989,0.044874
89.8666,3.8501,0.0449846
90.0739,3.8503,0.0450955
90.282,3.85051,0.0452066
90.4895,3.85071,0.0453181
90.6988,3.85092,0.0454299
90.9074,3.85113,0.045542
91.117,3.85134,0.0456544
91.3275,3.85155,0.0457671
91.5374,3.85176,0.0458801
91.749,3.85197,0.0459934
91.9599,3.85219,0.0461071
92.1718,3.8524,0.046221
92.3847,3.85262,0.0463353
92.5977,3.85284,0.0464499
92.8109,3.85305,0.0465647
93.025,3.85327,0.0466799
93.2392,3.85349,0.0467955
93.4545,3.85372,0.0469113
93.6698,3.85394,0.0470275
93.8861,3.85416,0.0471439
94.1026,3.85439,0.0472607
94.3192,3.85461,0.0473778
94.5367,3.85484,0.0474953
94.7544,3.85507,0.0476131
94.9731,3.8553,0.0477312
95.1919,3.85553,0.0478496
95.4117,3.85576,0.0479683
95.6316,3.85599,0.0480874
95.8515,3.85623,0.0482068
96.0726,3.85646,0.0483265
96.2946,3.8567,0.0484466
96.5158,3.85694,0.048567
96.7389,3.85717,0.0486878
96.9612,3.85741,0.0488088
97.1855,3.85766,0.0489303
97.4089,3.8579,0.049052
97.6334,3.85814,0.0491741
97.8588,3.85839,0.0492965
98.0844,3.85863,0.0494193
98.311,3.85888,0.0495424
98.5367,3.85913,0.0496659
98.7645,3.85938,0.0497897
98.9923,3.85963,0.0499139
99.2201,3.85988,0.0500384
99.4491,3.86014,0.0501632
99.678,3.86039,0.0502884
99.9081,3.86065,0.050414
100.138,3.86091,0.0505399
100.369,3.86117,0.0506662
100.6,3.86143,0.0507928
100.832,3.86169,0.0509198
101.065,3.86195,0.0510471
101.298,3.86221,0.0511748
101.531,3.86248,0.0513029
101.765,3.86275,0.0514313
102,3.86302,0.0515601
102.235,3.86329,0.0516893
102.471,3.86356,0.0518188
102.707,3.86383,0.0519487
102.944,3.8641,0.0520789
103.181,3.86438,0.0522096
103.419,3.86466,0.0523406
103.657,3.86493,0.0524719
103.896,3.86521,0.0526037
104.136,3.86549,0.0527358
104.376,3.86578,0.0528683
104.617,3.86606,0.0530012
104.858,3.86635,0.0531345
105.099,3.86663,0.0532681
105.342,3.86692,0.0534022
105.584,3.86721,0.0535366
105.828,3.8675,0.0536714
106.072,3.8678,0.0538066
106.316,3.86809,0.0539422
106.561,3.86839,0.0540781
106.807,3.86868,0.0542145
107.053,3.86898,0.0543513
107.3,3.86928,0.0544884
107.547,3.86959,0.054626
107.795,3.86989,0.054764
108.044,3.87019,0.0549023
108.293,3.8705,0.0550411
108.543,3.87081,0.0551802
108.793,3.87112,0.0553198
109.044,3.87143,0.0554598
109.295,3.87175,0.0556002
109.547,3.87206,0.055741
109.799,3.87238,0.0558822
110.053,3.8727,0.0560238
110.306,3.87302,0.0561659
110.561,3.87334,0.0563083
110.815,3.87366,0.0564512
111.071,3.87399,0.0565945
111.327,3.87431,0.0567382
111.583,3.87464,0.0568824
111.841,3.87497,0.057027
112.099,3.8753,0.057172
112.357,3.87564,0.0573174
112.616,3.87597,0.0574633
112.876,3.87631,0.0576096
113.136,3.87665,0.0577563
113.397,3.87699,0.0579035
113.658,3.87733,0.0580511
113.92,3.87768,0.0581992
114.183,3.87802,0.0583477
114.446,3.87837,0.0584966
114.71,3.87872,0.058646
114.974,3.87907,0.0587958
115.239,3.87943,0.0589461
115.505,3.87978,0.0590969
115.771,3.88014,0.0592481
116.038,3.8805,0.0593997
116.305,3.88086,0.0595519
116.574,3.88122,0.0597045
116.842,3.88159,0.0598575
117.112,3.88195,0.060011
117.382,3.88232,0.060165
117.652,3.88269,0.0603194
117.923,3.88307,0.0604744
118.195,3.88344,0.0606298
118.468,3.88382,0.0607856
118.741,3.8842,0.060942
119.015,3.88458,0.0610988
119.289,3.88496,0.0612562
119.564,3.88535,0.061414
119.84,3.88573,0.0615723
120.116,3.88612,0.0617311
120.393,3.88651,0.0618903
120.67,3.88691,0.0620501
120.948,3.8873,0.0622104
121.227,3.8877,0.0623712
121.507,3.8881,0.0625324
121.787,3.8885,0.0626942
122.067,3.88891,0.0628565
122.349,3.88931,0.0630193
122.631,3.88972,0.0631826
122.914,3.89013,0.0633465
123.197,3.89055,0.0635108
123.481,3.89096,0.0636757
123.766,3.89138,0.0638411
124.051,3.8918,0.064007
124.337,3.89222,0.0641735
124.623,3.89265,0.0643405
124.911,3.89307,0.064508
125.199,3.8935,0.064676
125.487,3.89393,0.0648446
125.777,3.89437,0.0650138
126.067,3.8948,0.0651835
126.357,3.89524,0.0653537
126.648,3.89568,0.0655245
126.94,3.89613,0.0656959
127.233,3.89657,0.0658678
127.526,3.89702,0.0660402
127.82,3.89747,0.0662133
128.115,3.89793,0.0663869
128.41,3.89838,0.0665611
128.706,3.89884,0.0667358
129.003,3.8993,0.0669111
129.301,3.89976,0.0670871
129.598,3.90023,0.0672636
129.897,3.9007,0.0674406
130.197,3.90117,0.0676183
130.497,3.90164,0.0677966
130.798,3.90212,0.0679755
131.099,3.9026,0.0681549
131.401,3.90308,0.068335
131.704,3.90357,0.0685157
132.008,3.90405,0.068697
132.312,3.90454,0.0688789
132.617,3.90504,0.0690615
132.923,3.90553,0.0692446
133.229,3.90603,0.0694284
133.536,3.90653,0.0696128
133.844,3.90704,0.0697979
134.153,3.90754,0.0699836
134.462,3.90805,0.07017
134.772,3.90856,0.070357
135.083,3.90908,0.0705446
135.394,3.9096,0.0707329
135.706,3.91012,0.0709219
136.019,3.91064,0.0711115
136.333,3.91117,0.0713018
136.647,3.9117,0.0714928
136.962,3.91223,0.0716845
137.278,3.91277,0.0718768
137.594,3.91331,0.0720698
137.911,3.91385,0.0722635
138.229,3.9144,0.072458
138.548,3.91495,0.0726531
138.867,3.9155,0.0728489
139.188,3.91605,0.0730455
139.508,3.91661,0.0732427
139.83,3.91717,0.0734407
140.152,3.91774,0.0736394
140.475,3.9183,0.0738389
140.799,3.91887,0.0740391
141.124,3.91945,0.07424
141.449,3.92003,0.0744417
141.775,3.92061,0.0746441
142.102,3.92119,0.0748473
142.43,3.92178,0.0750512
142.758,3.92237,0.075256
143.087,3.92296,0.0754615
143.417,3.92356,0.0756678
143.747,3.92416,0.0758748
144.079,3.92477,0.0760827
144.411,3.92538,0.0762914
144.744,3.92599,0.0765009
145.077,3.92661,0.0767112
145.412,3.92722,0.0769223
145.747,3.92785,0.0771342
146.083,3.92847,0.077347
146.42,3.9291,0.0775606
146.758,3.92974,0.077775
147.096,3.93038,0.0779904
147.435,3.93102,0.0782065
147.775,3.93166,0.0784236
148.115,3.93231,0.0786415
148.457,3.93296,0.0788603
148.799,3.93362,0.07908
149.142,3.93428,0.0793005
149.486,3.93495,0.079522
149.83,3.93561,0.0797444
150.176,3.93629,0.0799677
150.522,3.93696,0.080192
150.869,3.93764,0.0804171
151.217,3.93833,0.0806433
151.565,3.93902,0.0808703
151.915,3.93971,0.0810983
152.265,3.94041,0.0813273
152.616,3.94111,0.0815573
152.968,3.94181,0.0817883
153.32,3.94252,0.0820202
153.674,3.94323,0.0822532
154.028,3.94395,0.0824871
154.383,3.94467,0.0827221
154.739,3.9454,0.0829581
155.096,3.94613,0.0831952
155.453,3.94687,0.0834333
155.812,3.94761,0.0836724
156.171,3.94835,0.0839126
156.531,3.9491,0.0841539
156.892,3.94985,0.0843963
157.253,3.95061,0.0846398
157.616,3.95137,0.0848844
157.979,3.95214,0.0851301
158.343,3.95291,0.085377
158.708,3.95369,0.085625
159.074,3.95447,0.0858741
159.441,3.95526,0.0861244
159.808,3.95605,0.0863759
160.177,3.95684,0.0866286
160.546,3.95765,0.0868824
160.916,3.95845,0.0871375
161.287,3.95926,0.0873938
161.659,3.96008,0.0876513
162.032,3.9609,0.0879101
162.405,3.96172,0.0881701
162.78,3.96255,0.0884314
163.155,3.96339,0.088694
163.531,3.96423,0.0889579
163.908,3.96508,0.089223
164.286,3.96593,0.0894896
164.665,3.96679,0.0897574
165.044,3.96765,0.0900266
165.425,3.96852,0.0902972
165.806,3.96939,0.0905691
166.188,3.97027,0.0908424
166.571,3.97115,0.0911172
166.955,3.97204,0.0913933
167.34,3.97294,0.0916709
167.726,3.97384,0.09195
168.112,3.97474,0.0922305
168.5,3.97566,0.0925125
168.888,3.97657,0.092796
169.278,3.9775,0.0930811
169.668,3.97843,0.0933676
170.059,3.97936,0.0936557
170.451,3.9803,0.0939454
170.844,3.98125,0.0942366
171.238,3.9822,0.0945295
171.633,3.98316,0.0948239
172.029,3.98413,0.09512
172.425,3.9851,0.0954178
172.822,3.98608,0.0957172
173.221,3.98706,0.0960183
173.62,3.98805,0.0963212
174.02,3.98905,0.0966257
174.421,3.99005,0.096932
174.824,3.99106,0.0972401
175.227,3.99207,0.0975499
175.631,3.9931,0.0978616
176.036,3.99413,0.098175
176.441,3.99516,0.0984904
176.848,3.9962,0.0988075
177.256,3.99725,0.0991266
177.664,3.99831,0.0994476
178.074,3.99937,0.0997705
178.484,4.00044,0.100095
178.896,4.00151,0.100422
179.308,4.0026,0.100751
179.722,4.00369,0.101082
180.136,4.00478,0.101415
180.551,4.00589,0.10175
180.967,4.007,0.102087
181.385,4.00812,0.102426
181.803,4.00925,0.102767
182.222,4.01038,0.103111
182.642,4.01152,0.103457
183.063,4.01267,0.103805
183.485,4.01382,0.104155
183.908,4.01499,0.104507
184.332,4.01616,0.104862
184.757,4.01734,0.105219
185.182,4.01852,0.105578
185.609,4.01972,0.10594
186.038,4.02092,0.106304
186.466,4.02213,0.106671
186.896,4.02334,0.10704
187.327,4.02457,0.107411
187.759,4.0258,0.107785
188.192,4.02705,0.108162
188.626,4.0283,0.108541
189.06,4.02955,0.108923
189.496,4.03082,0.109307
189.933,4.0321,0.109694
190.371,4.03338,0.110084
190.809,4.03467,0.110476
191.25,4.03597,0.110872
191.69,4.03728,0.11127
192.132,4.0386,0.111671
192.575,4.03993,0.112074
193.019,4.04126,0.112481
193.464,4.04261,0.112891
193.91,4.04396,0.113303
194.357,4.04532,0.113719
194.805,4.04669,0.114137
195.254,4.04808,0.114559
195.704,4.04947,0.114983
196.155,4.05087,0.115411
196.607,4.05227,0.115842
197.061,4.05369,0.116277
197.515,4.05512,0.116714
197.97,4.05656,0.117155
198.427,4.05801,0.117599
198.884,4.05946,0.118046
199.343,4.06093,0.118497
199.802,4.06241,0.118952
200.263,4.06389,0.119409
200.724,4.06539,0.119871
201.187,4.0669,0.120336
201.651,4.06841,0.120804
202.116,4.06994,0.121276
202.582,4.07148,0.121752
203.049,4.07303,0.122232
203.517,4.07459,0.122715
203.986,4.07615,0.123202
204.456,4.07773,0.123693
204.927,4.07933,0.124188
205.4,4.08093,0.124687
205.873,4.08254,0.12519
206.348,4.08416,0.125697
206.824,4.0858,0.126208
207.3,4.08744,0.126723
207.778,4.0891,0.127242
208.257,4.09077,0.127765
208.737,4.09245,0.128293
209.219,4.09414,0.128825
209.701,4.09584,0.129362
210.184,4.09756,0.129903
210.669,4.09929,0.130448
211.154,4.10102,0.130998
211.641,4.10277,0.131552
212.129,4.10454,0.132111
212.618,4.10631,0.132675
213.108,4.1081,0.133243
213.599,4.1099,0.133816
214.092,4.11171,0.134394
214.585,4.11354,0.134977
215.08,4.11537,0.135565
215.576,4.11722,0.136158
216.073,4.11909,0.136755
216.571,4.12096,0.137358
217.07,4.12285,0.137966
217.571,4.12475,0.138579
218.072,4.12667,0.139198
218.575,4.1286,0.139821
219.079,4.13054,0.14045
219.584,4.1325,0.141085
220.09,4.13447,0.141725
220.597,4.13645,0.14237
221.106,4.13845,0.143021
221.615,4.14046,0.143678
222.126,4.14248,0.14434
222.638,4.14452,0.145009
223.152,4.14658,0.145683
223.666,4.14865,0.146362
224.182,4.15073,0.147048
224.698,4.15283,0.14774
225.217,4.15494,0.148438
225.736,4.15707,0.149142
226.256,4.15922,0.149852
226.777,4.16138,0.150568
227.301,4.16355,0.151291
227.824,4.16574,0.15202
228.35,4.16795,0.152756
228.876,4.17017,0.153498
229.404,4.17241,0.154246
229.933,4.17466,0.155002
230.463,4.17693,0.155764
230.994,4.17922,0.156532
231.526,4.18152,0.157308
232.06,4.18384,0.15809
232.595,4.18618,0.15888
233.131,4.18853,0.159676
233.668,4.19091,0.16048
234.207,4.19329,0.16129
234.747,4.1957,0.162108
235.288,4.19813,0.162934
235.831,4.20057,0.163767
236.374,4.20303,0.164607
236.919,4.20551,0.165454
237.465,4.208,0.16631
238.013,4.21052,0.167173
238.562,4.21305,0.168044
239.111,4.21561,0.168922
239.663,4.21818,0.169809
240.215,4.22077,0.170703
240.769,4.22338,0.171606
241.324,4.22601,0.172517
241.88,4.22866,0.173436
242.438,4.23134,0.174363
242.997,4.23403,0.175299
243.557,4.23674,0.176244
244.118,4.23947,0.177197
244.681,4.24223,0.178158
245.245,4.245,0.179129
245.81,4.2478,0.180108
246.377,4.25062,0.181096
246.945,4.25346,0.182093
247.514,4.25632,0.1831
248.085,4.25921,0.184115
248.657,4.26212,0.185141
249.23,4.26505,0.186175
249.805,4.26801,0.187219
250.381,4.27099,0.188273
250.957,4.27399,0.189336
251.536,4.27702,0.19041
252.116,4.28007,0.191493
252.697,4.28314,0.192587
253.279,4.28624,0.193691
253.863,4.28937,0.194805
254.448,4.29252,0.19593
255.035,4.2957,0.197065
255.623,4.29891,0.198211
256.213,4.30214,0.199368
256.803,4.3054,0.200536
257.395,4.30868,0.201715
257.989,4.312,0.202906
258.583,4.31534,0.204108
259.179,4.31871,0.205322
259.777,4.32211,0.206547
260.375,4.32554,0.207785
260.976,4.329,0.209034
261.577,4.33248,0.210296
262.18,4.336,0.211571
262.784,4.33955,0.212858
263.391,4.34313,0.214158
263.998,4.34675,0.215471
264.606,4.35039,0.216798
265.216,4.35407,0.218138
265.827,4.35778,0.219492
266.441,4.36152,0.22086
267.055,4.3653,0.222242
267.67,4.36911,0.223638
268.287,4.37296,0.225049
268.906,4.37684,0.226476
269.526,4.38076,0.227917
270.147,4.38472,0.229374
270.77,4.38871,0.230847
271.394,4.39274,0.232336
272.019,4.39681,0.233841
272.647,4.40092,0.235363
273.275,4.40507,0.236902
273.905,4.40925,0.238459
274.537,4.41348,0.240033
275.169,4.41775,0.241626
275.803,4.42206,0.243237
276.439,4.42641,0.244867
277.077,4.43081,0.246517
277.715,4.43525,0.248186
278.355,4.43973,0.249875
278.998,4.44426,0.251586
279.64,4.44883,0.253317
280.286,4.45345,0.25507
280.931,4.45812,0.256845
281.579,4.46284,0.258643
282.228,4.4676,0.260464
282.878,4.47241,0.262308
283.531,4.47728,0.264177
284.185,4.48219,0.266071
284.839,4.48715,0.267991
285.496,4.49217,0.269937
286.154,4.49724,0.271909
286.814,4.50236,0.273909
287.475,4.50754,0.275938
288.138,4.51277,0.277995
288.802,4.51806,0.280082
289.467,4.52341,0.282199
290.135,4.52881,0.284348
290.804,4.53427,0.286529
291.474,4.53979,0.288743
292.147,4.54537,0.290991
292.82,4.55101,0.293273
293.494,4.55672,0.295591
294.171,4.56248,0.297946
294.85,4.56831,0.300338
295.529,4.57421,0.302769
296.21,4.58016,0.30524
296.893,4.58619,0.307751
297.577,4.59228,0.310305
298.264,4.59844,0.312901
298.951,4.60467,0.315542
299.64,4.61096,0.318228
300.331,4.61733,0.32096
301.023,4.62377,0.323741
301.717,4.63028,0.32657
302.413,4.63686,0.329451
303.11,4.64352,0.332383
303.808,4.65025,0.335368
304.509,4.65706,0.338409
305.211,4.66394,0.341505
305.914,4.6709,0.34466
306.62,4.67794,0.347873
307.326,4.68505,0.351148
308.035,4.69225,0.354485
308.745,4.69952,0.357886
309.457,4.70688,0.361353
310.17,4.71431,0.364888
310.885,4.72183,0.368492
311.602,4.72943,0.372167
312.32,4.73712,0.375915
313.04,4.74489,0.379737
313.762,4.75274,0.383637
314.485,4.76068,0.387615
315.21,4.76871,0.391674
315.937,4.77682,0.395815
316.665,4.78502,0.400041
317.395,4.79331,0.404353
318.127,4.80168,0.408755
318.86,4.81015,0.413247
319.595,4.8187,0.417832
320.332,4.82735,0.422512
321.071,4.83608,0.427289
321.81,4.8449,0.432166
322.553,4.85382,0.437145
323.296,4.86282,0.442227
324.041,4.87192,0.447416
324.788,4.88111,0.452713
325.537,4.89039,0.458121
326.288,4.89976,0.463642
327.039,4.90922,0.469278
327.794,4.91878,0.475032
328.549,4.92842,0.480906
329.306,4.93816,0.486902
330.066,4.94799,0.493023
330.827,4.95792,0.49927
331.589,4.96793,0.505647
332.353,4.97804,0.512154
333.119,4.98824,0.518796
333.888,4.99853,0.525573
334.657,5.00891,0.532488
335.429,5.01939,0.539543
336.202,5.02995,0.54674
336.977,5.0406,0.554082
337.753,5.05135,0.56157
338.532,5.06219,0.569207
339.313,5.07311,0.576993
340.094,5.08413,0.584932
340.879,5.09523,0.593025
341.664,5.10643,0.601273
342.453,5.11771,0.609679
343.242,5.12909,0.618244
344.033,5.14055,0.626969
344.826,5.1521,0.635856
345.621,5.16374,0.644906
346.418,5.17547,0.65412
347.216,5.18729,0.6635
348.017,5.1992,0.673046
348.819,5.2112,0.682759
349.623,5.22329,0.69264
350.43,5.23547,0.702689
351.237,5.24774,0.712908
352.047,5.26011,0.723295
352.858,5.27257,0.733852
353.672,5.28512,0.744577
354.487,5.29777,0.755472
355.304,5.31052,0.766536
356.123,5.32338,0.777768
356.944,5.33634,0.789167
357.766,5.3494,0.800733
358.591,5.36258,0.812465
359.419,5.37587,0.824361
360.247,5.38928,0.836421
361.077,5.40282,0.848642
361.91,5.41649,0.861024
362.743,5.43029,0.873565
363.58,5.44424,0.886262
364.418,5.45834,0.899114
365.258,5.4726,0.91212
366.101,5.48704,0.925276
366.944,5.50165,0.938582
367.79,5.51647,0.952036
368.638,5.53149,0.965636
369.488,5.54673,0.979381
370.34,5.56221,0.993269
371.194,5.57795,1.0073
372.049,5.59396,1.02147
372.906,5.61028,1.03579
373.766,5.62691,1.05025
374.627,5.64389,1.06486
375.491,5.66124,1.07962
376.357,5.67899,1.09454
377.225,5.69718,1.10962
378.095,5.71583,1.12487
378.966,5.73499,1.1403
379.84,5.7547,1.15592
380.715,5.77499,1.17175
381.593,5.79591,1.18781
382.472,5.8175,1.20413
383.355,5.83982,1.22072
384.239,5.86293,1.23762
385.123,5.88686,1.25488
386.011,5.91168,1.27252
386.901,5.93746,1.2906
387.794,5.96424,1.30918
388.688,5.99209,1.32832
389.583,6.02107,1.34809
390.482,6.05124,1.36857
391.382,6.08267,1.38986
392.283,6.11541,1.41205
393.188,6.14952,1.43526
394.095,6.18506,1.4596
395.002,6.22207,1.48521
395.913,6.2606,1.51224
396.825,6.30068,1.54085
397.741,6.34234,1.57121
398.657,6.38559,1.60349
399.576,6.43044,1.6379
400.498,6.47688,1.67465
401.421,6.52487,1.71394
402.346,6.57438,1.75601
403.275,6.62534,1.80109
404.204,6.67765,1.84942
405.135,6.73121,1.90126
406.07,6.78588,1.95685
407.005,6.84149,2.01644
407.943,6.89784,2.08029
408.884,6.95471,2.14862
409.826,7.01185,2.22167
410.772,7.06897,2.29965
411.717,7.12575,2.38277
412.667,7.18186,2.47119
413.618,7.23692,2.56506
414.571,7.29054,2.66449
415.527,7.34231,2.76956
416.486,7.3918,2.8803
417.446,7.43857,2.9967
418.408,7.48219,3.1187
419.373,7.52223,3.24621
420.339,7.55826,3.37906
421.308,7.58991,3.51705
422.279,7.61682,3.65993
423.254,7.63868,3.80744
424.229,7.65524,3.95924
425.206,7.66631,4.11503
426.187,7.67179,4.27447
427.17,7.67164,4.43726
428.154,7.66591,4.60314
429.14,7.65473,4.77192
430.13,7.63827,4.94349
431.122,7.61677,5.11789
432.117,7.59048,5.29528
433.112,7.55963,5.476
434.111,7.52439,5.6606
435.112,7.4848,5.8498
436.114,7.44073,6.04452
437.12,7.39179,6.24587
438.128,7.33727,6.45505
439.138,7.27606,6.67336
440.149,7.20661,6.90208
441.164,7.12686,7.14236
442.18,7.03424,7.39509
443.2,6.92566,7.66077
444.221,6.79758,7.93936
445.246,6.64607,8.2301
446.273,6.46694,8.53139
447.301,6.25595,8.84064
448.332,6.009,9.15423
449.365,5.72238,9.46743
450.402,5.39306,9.77446
451.441,5.01893,10.0686
452.48,4.59914,10.3422
453.523,4.13423,10.5873
454.57,3.62639,10.7955
455.618,3.07954,10.9587
456.667,2.4993,11.069
457.72,1.89297,11.1197
458.775,1.26933,11.1054
459.834,0.638303,11.0222
460.893,0.0106657,10.8682
461.956,-0.602431,10.6436
463.021,-1.18992,10.3506
464.089,-1.74127,9.99366
465.157,-2.24699,9.5792
466.231,-2.69899,9.11523
467.305,-3.09089,8.61111
468.382,-3.41828,8.07706
469.462,-3.67881,7.52377
470.544,-3.87219,6.96188
471.629,-4.00008,6.40159
472.715,-4.06586,5.85225
473.806,-4.07439,5.32209
474.897,-4.03165,4.81795
475.993,-3.94439,4.34517
477.09,-3.81977,3.90758
478.19,-3.66503,3.50751
479.292,-3.48719,3.14592
480.397,-3.2928,2.82257
481.505,-3.08778,2.53622
482.614,-2.87729,2.28485
483.727,-2.66568,2.06587
484.841,-2.45645,1.87635
485.961,-2.25231,1.71318
487.08,-2.05528,1.57325
488.203,-1.8667,1.45354
489.328,-1.68739,1.35123
490.456,-1.51774,1.26377
491.586,-1.3578,1.18885
492.72,-1.20735,1.12449
493.856,-1.06602,1.06897
494.993,-0.933315,1.02086
496.135,-0.808694,0.978925
497.28,-0.691581,0.94218
498.425,-0.581408,0.909799
499.575,-0.477631,0.881107
500.726,-0.379737,0.855554
501.88,-0.287252,0.83269
503.038,-0.199746,0.812144
504.197,-0.116824,0.793614
505.359,-0.0381329,0.776844
506.524,0.0366474,0.761626
507.692,0.107805,0.747781
508.862,0.175599,0.735159
510.035,0.240264,0.723632
511.211,0.302011,0.71309
512.39,0.361032,0.703438
513.571,0.4175,0.694595
514.755,0.471572,0.686489
515.94,0.52339,0.679058
517.13,0.573084,0.672245
518.323,0.62077,0.666002
519.518,0.666556,0.660285
520.714,0.710538,0.655052
521.915,0.752804,0.650268
523.119,0.793436,0.645898
524.323,0.832506,0.64191
525.533,0.870082,0.638274
526.746,0.906226,0.634959
527.958,0.940996,0.631938
529.176,0.974444,0.629183
530.397,1.00662,0.626667
531.618,1.03757,0.624362
532.845,1.06734,0.622242
534.071,1.09596,0.62028
535.303,1.12349,0.61845
536.538,1.14995,0.616727
537.773,1.17539,0.615084
539.014,1.19983,0.613497
540.257,1.22333,0.611939
541.504,1.2459,0.610386
542.75,1.26759,0.608815
544.002,1.28843,0.607202
545.256,1.30846,0.605524
546.514,1.3277,0.603759
547.771,1.3462,0.601887
549.034,1.36398,0.599888
550.3,1.38109,0.597744
551.569,1.39756,0.595436
552.84,1.41341,0.592949
554.115,1.4287,0.590269
555.392,1.44344,0.587381
556.672,1.45768,0.584275
557.955,1.47146,0.580941
559.243,1.4848,0.577369
560.532,1.49774,0.573554
561.823,1.51032,0.56949
563.12,1.52257,0.565175
564.417,1.53452,0.560606
565.72,1.54621,0.555784
567.022,1.55767,0.550711
568.33,1.56892,0.54539
569.638,1.58,0.539826
570.952,1.59095,0.534027
572.269,1.60178,0.528
573.589,1.61252,0.521755
574.911,1.6232,0.515303
576.236,1.63385,0.508657
577.564,1.64448,0.501831
578.895,1.65513,0.494838
580.232,1.6658,0.487694
581.568,1.67652,0.480417
582.907,1.6873,0.473022
584.252,1.69816,0.465529
585.6,1.70911,0.457955
586.947,1.72016,0.450318
588.301,1.73133,0.442639
589.657,1.74261,0.434935
591.017,1.75402,0.427227
592.378,1.76557,0.419532
593.747,1.77725,0.41187
595.114,1.78907,0.404258
596.484,1.80102,0.396715
597.861,1.8131,0.389257
599.24,1.82532,0.381902
600.622,1.83767,0.374665
602.003,1.85014,0.367561
603.391,1.86273,0.360604
604.785,1.87543,0.353807
606.178,1.88822,0.347183
607.574,1.90111,0.340741
608.976,1.91409,0.334493
610.381,1.92713,0.328446
611.785,1.94023,0.322608
613.196,1.95339,0.316986
614.609,1.96658,0.311585
616.029,1.9798,0.306408
617.448,1.99304,0.301459
618.869,2.00628,0.29674
620.297,2.0195,0.292251
621.728,2.03271,0.287992
623.162,2.04589,0.283961
624.598,2.05903,0.280157
626.037,2.07212,0.276575
627.479,2.08514,0.273213
628.927,2.09809,0.270064
630.378,2.11096,0.267125
631.832,2.12374,0.264388
633.288,2.13643,0.261846
634.747,2.14901,0.259492
636.209,2.16149,0.25732
637.678,2.17385,0.255319
639.145,2.18609,0.253482
640.619,2.1982,0.251801
642.096,2.21019,0.250265
643.575,2.22205,0.248867
645.061,2.23378,0.247597
646.546,2.24538,0.246445
648.038,2.25684,0.245402
649.532,2.26818,0.244461
651.029,2.27938,0.24361
652.529,2.29045,0.242842
654.035,2.30139,0.242148
655.54,2.31221,0.241519
657.052,2.32291,0.240947
658.566,2.33349,0.240424
660.083,2.34396,0.239942
661.608,2.35432,0.239494
663.134,2.36457,0.239074
664.659,2.37473,0.238673
666.191,2.3848,0.238285
667.731,2.39478,0.237906
669.268,2.40469,0.237528
670.812,2.41453,0.237146
672.359,2.4243,0.236755
673.909,2.43402,0.23635
675.461,2.4437,0.235928
677.016,2.45333,0.235483
678.578,2.46295,0.235013
680.143,2.47254,0.234513
681.71,2.48214,0.233981
683.284,2.49173,0.233415
684.856,2.50135,0.232812
686.436,2.511,0.232172
688.018,2.52069,0.231493
689.603,2.53044,0.230776
691.195,2.54027,0.230023
692.789,2.55019,0.229237
694.387,2.56022,0.228422
695.986,2.57038,0.227586
697.588,2.5807,0.226738
699.198,2.59118,0.225892
700.81,2.60186,0.225064
702.425,2.61275,0.224277
704.047,2.62387,0.223555
705.667,2.63524,0.222931
707.294,2.64686,0.222441
708.923,2.65876,0.222125
710.56,2.67091,0.222029
712.195,2.68332,0.2222
713.837,2.69596,0.222686
715.487,2.7088,0.223534
717.134,2.72178,0.224782
718.788,2.73487,0.226464
720.446,2.74797,0.228595
722.105,2.76102,0.231176
723.767,2.77394,0.234186
725.437,2.78664,0.237578
727.109,2.79906,0.241281
728.789,2.81113,0.245199
730.466,2.82282,0.24921
732.15,2.83415,0.253176
733.837,2.84514,0.256948
735.532,2.85588,0.260374
737.224,2.86651,0.263316
738.924,2.87721,0.265657
740.626,2.88821,0.26732
742.335,2.89978,0.26828
744.048,2.91222,0.268574
745.762,2.92582,0.268317
747.479,2.94091,0.267701
749.204,2.95776,0.267007
750.931,2.97662,0.266598
752.661,2.99767,0.266913
754.398,3.021,0.268462
756.138,3.0466,0.271805
757.88,3.07434,0.277533
759.624,3.10397,0.286247
761.377,3.1351,0.298527
763.132,3.16719,0.314901
764.894,3.19957,0.335815
766.654,3.23144,0.361597
768.421,3.26191,0.392425
770.196,3.29001,0.4283
771.968,3.31474,0.46902
773.748,3.33512,0.514171
775.53,3.35021,0.56312
777.321,3.35921,0.615025
779.114,3.36147,0.668864
780.908,3.35656,0.723469
782.711,3.3443,0.777581
784.511,3.32478,0.829912
786.324,3.29836,0.879211
788.134,3.26565,0.924329
789.952,3.22751,0.964288
791.772,3.18495,0.998324
793.594,3.1391,1.02593
795.425,3.09113,1.04685
797.257,3.0422,1.0611
799.099,2.99335,1.06892
800.942,2.94549,1.07077
802.787,2.89936,1.0672
804.635,2.85548,1.05888
806.491,2.81421,1.04646
808.349,2.77571,1.03058
810.215,2.74,1.01181
812.084,2.70701,0.990578
813.954,2.67661,0.967235
815.834,2.64866,0.942001
817.708,2.62303,0.915005
819.598,2.59967,0.886303
821.483,2.57857,0.855912
823.377,2.5598,0.823839
825.28,2.5435,0.790111
827.178,2.52984,0.754795
829.084,2.51904,0.718019
831,2.51131,0.679972
832.917,2.50686,0.640913
834.836,2.50585,0.601157
836.757,2.5084,0.561063
838.687,2.51454,0.521024
840.619,2.52425,0.481443
842.559,2.53744,0.442716
844.502,2.55394,0.40522
846.446,2.57354,0.369293
848.399,2.59596,0.335229
850.355,2.62088,0.303263
852.311,2.64799,0.273573
854.277,2.67693,0.246275
856.252,2.70736,0.221428
858.222,2.73896,0.199034
860.2,2.7714,0.179045
862.188,2.80441,0.161374
864.17,2.83775,0.145897
866.161,2.87119,0.132464
868.161,2.90456,0.120909
870.163,2.93772,0.111052
872.167,2.97057,0.102711
874.179,3.00305,0.0957046
876.194,3.03511,0.0898579
878.21,3.06673,0.0850062
880.235,3.09794,0.0809977
882.27,3.12876,0.0776953
884.298,3.15923,0.0749774
886.336,3.18941,0.0727387
888.383,3.21936,0.0708895
890.432,3.24915,0.0693551
892.483,3.27886,0.0680749
894.542,3.30855,0.0670011
896.604,3.3383,0.0660972
898.666,3.36817,0.0653367
900.739,3.39825,0.0647017
902.82,3.4286,0.0641816
904.895,3.45927,0.0637718
906.988,3.49033,0.0634727
909.074,3.52184,0.0632886
911.17,3.55385,0.0632267
913.275,3.58642,0.0632965
915.374,3.61959,0.0635094
917.49,3.65341,0.0638775
919.599,3.68794,0.0644138
921.718,3.72322,0.0651313
923.847,3.75929,0.0660432
925.977,3.79621,0.0671623
928.109,3.83402,0.0685008
930.25,3.87278,0.0700705
932.392,3.91254,0.0718823
934.545,3.95336,0.0739464
936.698,3.99528,0.0762722
938.861,4.03839,0.0788684
941.026,4.08275,0.0817428
943.192,4.12844,0.0849024
945.367,4.17554,0.0883539
947.544,4.22414,0.0921033
949.731,4.27435,0.0961564
951.919,4.32628,0.100519
954.117,4.38006,0.105198
956.316,4.43583,0.1102
958.515,4.49375,0.115535
960.726,4.55402,0.121215
962.946,4.61682,0.127257
965.158,4.68241,0.133684
967.389,4.75104,0.140529
969.612,4.82303,0.147841
971.855,4.89872,0.155684
974.089,4.97852,0.164153
976.334,5.06288,0.173375
978.588,5.15233,0.183528
980.844,5.24744,0.19485
983.11,5.34887,0.207664
985.367,5.45737,0.222396
987.645,5.57373,0.239604
989.923,5.69882,0.26001
992.201,5.83358,0.284536
994.491,5.97895,0.314339
996.78,6.1359,0.350861
999.081,6.30531,0.395857
1001.38,6.488,0.451444
1003.69,6.68456,0.520124
1006,6.89534,0.604803
1008.32,7.12026,0.708795
1010.65,7.35876,0.835792
1012.98,7.60962,0.989814
1015.31,7.87083,1.17512
1017.65,8.13946,1.39606
1020,8.41157,1.65694
1022.35,8.68209,1.96173
1024.71,8.94482,2.31387
1027.07,9.19242,2.71596
1029.44,9.41651,3.16939
1031.81,9.60789,3.67411
1034.19,9.75678,4.22825
1036.57,9.85324,4.82797
1038.96,9.88758,5.46722
1041.36,9.85098,6.13775
1043.76,9.73602,6.82922
1046.17,9.53728,7.52948
1048.58,9.25188,8.2251
1050.99,8.87987,8.90198
1053.42,8.42441,9.54626
1055.84,7.89166,10.1452
1058.28,7.29036,10.6881
1060.72,6.63099,11.1671
1063.16,5.92467,11.5775
1065.61,5.18191,11.9178
1068.07,4.41128,12.1891
1070.53,3.61856,12.3936
1073,2.8064,12.5333
1075.47,1.97484,12.6082
1077.95,1.12276,12.6146
1080.44,0.250065,12.5444
1082.93,-0.639792,12.3857
1085.43,-1.53751,12.1246
1087.93,-2.42653,11.7477
1090.44,-3.28309,11.2458
1092.95,-4.07795,10.6174
1095.47,-4.77963,9.87086
1097.99,-5.35861,9.0255
1100.53,-5.79165,8.11027
1103.06,-6.06531,7.16098
1105.61,-6.17785,6.21609
1108.15,-6.13931,5.31224
1110.71,-5.96972,4.48023
1113.27,-5.69599,3.74224
1115.83,-5.34815,3.11062
1118.41,-4.95579,2.58826
1120.99,-4.5452,2.17016
1123.57,-4.13756,1.8457
1126.16,-3.74827,1.6011
1128.76,-3.38711,1.42156
1131.36,-3.05916,1.2929
1133.97,-2.76588,1.20261
1136.58,-2.50623,1.14027
1139.2,-2.27774,1.09766
1141.83,-2.07721,1.06852
1144.46,-1.90123,1.04823
1147.1,-1.74653,1.03349
1149.74,-1.61011,1.02198
1152.39,-1.48931,1.01208
1155.05,-1.38182,1.00272
1157.71,-1.28567,0.993178
1160.38,-1.19916,0.983026
1163.05,-1.12087,0.972016
1165.74,-1.04959,0.960035
1168.42,-0.98432,0.947064
1171.12,-0.924231,0.933142
1173.82,-0.868638,0.918344
1176.52,-0.816983,0.902755
1179.23,-0.768814,0.886461
1181.95,-0.723761,0.869533
1184.68,-0.681522,0.852025
1187.41,-0.641849,0.833963
1190.15,-0.604521,0.815348
1192.89,-0.569343,0.796158
1195.64,-0.536126,0.776349
1198.4,-0.504681,0.755864
1201.16,-0.474809,0.734638
1203.93,-0.446303,0.712607
1206.7,-0.418938,0.689717
1209.48,-0.392478,0.665929
1212.27,-0.366676,0.641231
1215.07,-0.341283,0.615638
1217.87,-0.31605,0.589199
1220.67,-0.290736,0.561999
1223.49,-0.265118,0.534157
1226.31,-0.238998,0.505823
1229.14,-0.212207,0.477177
1231.97,-0.184613,0.448417
1234.81,-0.156125,0.419759
1237.66,-0.126691,0.391423
1240.51,-0.0963031,0.36363
1243.37,-0.0649917,0.336588
1246.23,-0.0328243,0.310491
1249.11,9.97356e-05,0.285511
1251.99,0.0336553,0.261792
1254.87,0.0676982,0.239446
1257.77,0.102072,0.218556
1260.67,0.136614,0.199172
1263.57,0.171161,0.181312
1266.48,0.205559,0.164965
1269.4,0.239661,0.150099
1272.33,0.273335,0.136655
1275.26,0.306468,0.124561
1278.2,0.338961,0.113732
1281.15,0.370738,0.104072
1284.1,0.401737,0.0954829
1287.06,0.431918,0.0878649
1290.03,0.461252,0.0811195
1293.01,0.489727,0.0751525
1295.98,0.517342,0.0698753
1298.97,0.544105,0.0652064
1301.97,0.570032,0.0610714
1304.97,0.595147,0.057404
1307.98,0.619474,0.0541454
1310.99,0.643043,0.051244
1314.01,0.665883,0.0486551
1317.04,0.688026,0.0463398
1320.08,0.709503,0.0442649
1323.12,0.730342,0.0424017
1326.17,0.750572,0.0407256
1329.23,0.770221,0.0392153
1332.29,0.789314,0.0378524
1335.36,0.807875,0.0366209
1338.44,0.825927,0.0355067
1341.53,0.843492,0.0344975
1344.62,0.86059,0.0335822
1347.72,0.87724,0.0327508
1350.83,0.893459,0.0319945
1353.94,0.909266,0.0313051
1357.06,0.924675,0.0306754
1360.19,0.939703,0.0300985
1363.33,0.954364,0.0295684
1366.47,0.968672,0.0290794
1369.62,0.982641,0.0286266
1372.78,0.996283,0.0282054
1375.94,1.00961,0.0278115
1379.11,1.02264,0.0274413
1382.29,1.03537,0.0270915
1385.48,1.04783,0.0267591
1388.67,1.06001,0.0264414
1391.88,1.07194,0.0261365
1395.08,1.08362,0.0258422
1398.3,1.09505,0.025557
1401.52,1.10626,0.0252797
1404.75,1.11724,0.0250092
1407.99,1.12801,0.0247447
1411.24,1.13857,0.0244857
1414.49,1.14893,0.0242319
1417.75,1.1591,0.0239832
1421.02,1.16909,0.0237394
1424.3,1.17889,0.0235008
1427.58,1.18851,0.0232676
1430.87,1.19797,0.0230401
1434.17,1.20726,0.0228185
1437.47,1.2164,0.0226033
1440.79,1.22537,0.0223946
1444.11,1.2342,0.0221927
1447.44,1.24288,0.0219976
1450.77,1.25141,0.0218092
1454.12,1.2598,0.0216275
1457.47,1.26805,0.0214518
1460.83,1.27616,0.0212816
1464.2,1.28414,0.0211161
1467.58,1.29198,0.0209542
1470.96,1.2997,0.0207946
1474.35,1.3073,0.0206359
1477.75,1.31477,0.0204765
1481.15,1.32212,0.0203147
1484.57,1.32935,0.0201487
1487.99,1.33647,0.0199768
1491.42,1.34348,0.0197973
1494.86,1.35039,0.0196086
1498.3,1.3572,0.0194095
1501.76,1.36391,0.0191989
1505.22,1.37053,0.0189765
1508.69,1.37706,0.018742
1512.17,1.38352,0.018496
1515.65,1.3899,0.0182398
1519.15,1.39622,0.0179751
1522.65,1.40247,0.0177045
1526.16,1.40866,0.0174314
1529.68,1.4148,0.0171598
1533.2,1.42089,0.0168946
1536.74,1.42693,0.016641
1540.28,1.43293,0.016405
1543.83,1.43888,0.016193
1547.39,1.44479,0.0160114
1550.96,1.45065,0.0158668
1554.53,1.45646,0.0157655
1558.12,1.46222,0.0157134
1561.71,1.46792,0.0157153
1565.31,1.47355,0.0157754
1568.92,1.47911,0.0158963
1572.53,1.48459,0.016079
1576.16,1.48998,0.0163226
1579.79,1.49526,0.0166244
1583.43,1.50043,0.0169794
1587.08,1.50549,0.0173804
1590.74,1.51041,0.0178185
1594.41,1.5152,0.0182826
1598.08,1.51986,0.0187602
1601.77,1.52437,0.0192377
1605.46,1.52874,0.0197009
1609.16,1.53298,0.0201352
1612.87,1.53709,0.0205269
1616.59,1.54108,0.0208629
1620.32,1.54495,0.0211321
1624.05,1.54873,0.0213254
1627.8,1.55243,0.0214362
1631.55,1.55606,0.0214605
1635.31,1.55963,0.0213975
1639.08,1.56318,0.0212488
1642.86,1.5667,0.0210191
1646.65,1.57021,0.0207151
1650.44,1.57372,0.0203457
1654.25,1.57725,0.0199212
1658.06,1.58079,0.0194526
1661.88,1.58436,0.0189515
1665.71,1.58795,0.0184293
1669.55,1.59157,0.017897
1673.4,1.59522,0.0173644
1677.26,1.59888,0.0168403
1681.12,1.60256,0.0163321
1685,1.60625,0.0158459
1688.88,1.60994,0.0153863
1692.78,1.61364,0.0149564
1696.68,1.61733,0.0145585
1700.59,1.62101,0.0141936
1704.51,1.62468,0.013862
1708.44,1.62833,0.0135634
1712.38,1.63195,0.013297
1716.33,1.63556,0.0130616
1720.29,1.63913,0.0128558
1724.25,1.64268,0.0126782
1728.22,1.64619,0.0125273
1732.21,1.64968,0.0124015
1736.2,1.65313,0.0122992
1740.2,1.65655,0.012219
1744.21,1.65993,0.0121593
1748.24,1.66329,0.0121186
1752.27,1.66661,0.0120956
1756.31,1.6699,0.012089
1760.36,1.67315,0.0120978
1764.41,1.67638,0.0121211
1768.48,1.67958,0.0121587
1772.56,1.68276,0.0122109
1776.64,1.68592,0.0122788
1780.74,1.68906,0.0123647
1784.84,1.69218,0.0124723
1788.96,1.6953,0.0126066
1793.08,1.6984,0.0127746
1797.22,1.70149,0.0129851
1801.36,1.70458,0.0132484
1805.51,1.70765,0.0135763
1809.67,1.71069,0.0139811
1813.85,1.7137,0.0144747
1818.03,1.71666,0.0150673
1822.22,1.71954,0.0157657
1826.42,1.72232,0.0165714
1830.63,1.72497,0.0174791
1834.85,1.72746,0.018475
1839.08,1.72975,0.0195358
1843.32,1.73183,0.0206289
1847.57,1.73368,0.0217127
1851.82,1.73528,0.0227392
1856.09,1.73665,0.0236569
1860.38,1.7378,0.0244142
1864.66,1.73877,0.0249647
1868.96,1.73961,0.0252706
1873.27,1.74037,0.0253074
1877.59,1.74111,0.0250661
1881.92,1.74191,0.0245546
1886.26,1.74282,0.0237977
1890.6,1.74388,0.0228345
1894.96,1.74514,0.0217154
1899.33,1.74663,0.0204975
1903.71,1.74834,0.0192399
1908.09,1.75026,0.0179991
1912.5,1.75239,0.0168249
1916.9,1.75467,0.0157576
1921.32,1.75709,0.0148263
1925.75,1.75959,0.0140483
1930.19,1.76213,0.0134299
1934.64,1.76467,0.0129677
1939.1,1.76719,0.0126505
1943.57,1.76966,0.0124616
1948.05,1.77204,0.0123806
1952.54,1.77433,0.0123853
1957.04,1.77652,0.0124533
1961.55,1.77861,0.0125626
1966.07,1.78058,0.0126927
1970.61,1.78246,0.0128248
1975.15,1.78423,0.0129419
1979.7,1.78591,0.0130291
1984.27,1.78751,0.013073
1988.84,1.78903,0.0130623
1993.43,1.7905,0.0129871
1998.02,1.79191,0.0128396
2002.63,1.79329,0.0126138
2007.24,1.79465,0.0123063
2011.87,1.796,0.0119159
2016.51,1.79737,0.0114445
2021.16,1.79877,0.0108972
2025.82,1.8002,0.010282
2030.49,1.80169,0.00961024
2035.17,1.80325,0.00889554
2039.86,1.80488,0.00815361
2044.56,1.80658,0.00740117
2049.27,1.80836,0.00665503
2054,1.81021,0.00593105
2058.73,1.81212,0.00524325
2063.48,1.81409,0.00460305
2068.24,1.81609,0.00401878
2073,1.81813,0.00349557
2077.78,1.82017,0.00303536
2082.57,1.82222,0.00263729
2087.37,1.82427,0.00229822
2092.19,1.8263,0.00201331
2097.01,1.8283,0.00177668
2101.84,1.83028,0.00158193
2106.69,1.83223,0.00142267
2111.54,1.83414,0.00129284
2116.41,1.83603,0.00118696
2121.29,1.83788,0.00110022
2126.18,1.8397,0.00102858
2131.08,1.84149,0.000968702
2135.99,1.84325,0.000917908
2140.92,1.84499,0.000874121
2145.85,1.8467,0.000835786
2150.8,1.84839,0.000801806
2155.76,1.85006,0.000771475
2160.73,1.8517,0.000744421
2165.71,1.85333,0.00072055
2170.7,1.85495,0.000699973
2175.71,1.85654,0.000682948
2180.72,1.85812,0.000669805
2185.75,1.85969,0.000660875
2190.79,1.86124,0.000656425
2195.84,1.86277,0.000656596
2200.9,1.86428,0.000661362
2205.97,1.86578,0.000670498
2211.06,1.86726,0.000683569
2216.15,1.86873,0.000699938
2221.26,1.87017,0.000718788
2226.38,1.8716,0.000739162
2231.52,1.87301,0.000760006
2236.66,1.8744,0.000780223
2241.82,1.87577,0.000798727
2246.98,1.87713,0.000814495
2252.17,1.87847,0.000826614
2257.36,1.87979,0.000834318
2262.56,1.88111,0.000837024
2267.77,1.88241,0.00083435
2273.01,1.88369,0.00082613
2278.24,1.88497,0.000812413
2283.5,1.88624,0.000793463
2288.76,1.8875,0.000769736
2294.04,1.88876,0.000741863
2299.33,1.89,0.000710617
2304.63,1.89125,0.000676879
2309.94,1.89248,0.000641595
2315.26,1.89372,0.000605731
2320.6,1.89495,0.000570232
2325.95,1.89617,0.000535971
2331.31,1.89739,0.000503711
2336.68,1.8986,0.000474068
2342.07,1.89981,0.000447484
2347.47,1.901,0.000424206
2352.88,1.9022,0.000404288
2358.31,1.90338,0.000387594
2363.74,1.90455,0.000373824
2369.19,1.90572,0.000362546
2374.65,1.90687,0.000353237
2380.13,1.90801,0.000345337
2385.62,1.90915,0.000338286
2391.11,1.91027,0.000331575
2396.63,1.91139,0.000324778
2402.15,1.9125,0.000317575
2407.69,1.9136,0.000309759
2413.24,1.91469,0.000301239
2418.8,1.91577,0.000292026
2424.38,1.91684,0.00028221
2429.97,1.91791,0.000271937
2435.57,1.91897,0.000261389
2441.18,1.92003,0.000250754
2446.81,1.92108,0.000240216
2452.45,1.92212,0.000229941
2458.1,1.92316,0.000220068
2463.77,1.92418,0.000210713
2469.45,1.92521,0.000201964
2475.14,1.92622,0.000193885
2480.85,1.92723,0.000186521
2486.57,1.92823,0.000179897
2492.3,1.92923,0.000174019
2498.05,1.93022,0.000168877
2503.81,1.9312,0.000164443
2509.57,1.93218,0.00016067
2515.36,1.93315,0.000157497
2521.16,1.93411,0.000154848
2526.97,1.93506,0.000152638
2532.79,1.93601,0.000150777
2538.63,1.93696,0.000149177
2544.48,1.93789,0.000147755
2550.35,1.93882,0.000146442
2556.23,1.93974,0.000145184
2562.13,1.94066,0.000143951
2568.03,1.94157,0.000142732
2573.95,1.94247,0.000141538
2579.89,1.94337,0.000140401
2585.83,1.94426,0.000139363
2591.79,1.94515,0.000138477
2597.77,1.94603,0.000137792
2603.75,1.94691,0.000137349
2609.76,1.94777,0.000137171
2615.77,1.94864,0.000137252
2621.8,1.94949,0.000137556
2627.84,1.95035,0.000138011
2633.91,1.95119,0.000138513
2639.98,1.95203,0.000138928
2646.06,1.95286,0.000139102
2652.16,1.95369,0.000138874
2658.27,1.95451,0.000138091
2664.41,1.95533,0.000136623
2670.55,1.95614,0.000134374
2676.7,1.95695,0.000131299
2682.87,1.95775,0.000127406
2689.06,1.95854,0.00012276
2695.26,1.95933,0.000117477
2701.47,1.96012,0.000111715
2707.7,1.9609,0.000105661
2713.94,1.96168,9.95136e-05
2720.19,1.96246,9.34638e-05
2726.47,1.96323,8.76825e-05
2732.75,1.964,8.23057e-05
2739.05,1.96476,7.74263e-05
2745.37,1.96552,7.30907e-05
2751.69,1.96627,6.92995e-05
2758.03,1.96702,6.60133e-05
2764.39,1.96777,6.31613e-05
2770.77,1.96851,6.06518e-05
2777.15,1.96924,5.83832e-05
2783.55,1.96997,5.62548e-05
2789.98,1.9707,5.41757e-05
2796.4,1.97142,5.20717e-05
2802.86,1.97213,4.98897e-05
2809.31,1.97285,4.75996e-05
2815.79,1.97355,4.51942e-05
2822.28,1.97426,4.26868e-05
2828.78,1.97496,4.01079e-05
2835.31,1.97565,3.75004e-05
2841.85,1.97635,3.49148e-05
2848.39,1.97703,3.24039e-05
2854.96,1.97772,3.00178e-05
2861.54,1.9784,2.77999e-05
2868.14,1.97908,2.57829e-05
2874.75,1.97975,2.39871e-05
2881.38,1.98042,2.24187e-05
2888.02,1.98108,2.10704e-05
2894.67,1.98174,1.9923e-05
2901.35,1.9824,1.89478e-05
2908.04,1.98305,1.81106e-05
2914.74,1.9837,1.73758e-05
2921.47,1.98434,1.67098e-05
2928.2,1.98498,1.60848e-05
2934.94,1.98562,1.5481e-05
2941.71,1.98625,1.48877e-05
2948.5,1.98688,1.43029e-05
2955.29,1.98751,1.37321e-05
2962.1,1.98813,1.31857e-05
2968.93,1.98875,1.26767e-05
2975.77,1.98937,1.22179e-05
2982.64,1.98998,1.18201e-05
2989.51,1.99059,1.14902e-05
2996.4,1.99119,1.1231e-05
3003.31,1.99179,1.1041e-05
3010.23,1.99239,1.09153e-05
3017.17,1.99298,1.08465e-05
3024.13,1.99358,1.0826e-05
3031.1,1.99416,1.08446e-05
3038.08,1.99475,1.08939e-05
3045.09,1.99533,1.09662e-05
3052.11,1.9959,1.10555e-05
3059.14,1.99648,1.11573e-05
3066.2,1.99705,1.12684e-05
3073.26,1.99762,1.13873e-05
3080.35,1.99818,1.15134e-05
3087.45,1.99874,1.16474e-05
3094.57,1.9993,1.17907e-05
3101.7,1.99986,1.19454e-05
3108.85,2.00041,1.2114e-05
3116.02,2.00096,1.22985e-05
3123.2,2.0015,1.25009e-05
3130.4,2.00204,1.27217e-05
3137.62,2.00258,1.29599e-05
3144.85,2.00312,1.32131e-05
3152.1,2.00365,1.34767e-05
3159.37,2.00419,1.3745e-05
3166.65,2.00471,1.40116e-05
3173.95,2.00524,1.42705e-05
3181.27,2.00576,1.45175e-05
3188.6,2.00628,1.47505e-05
3195.95,2.0068,1.49711e-05
3203.32,2.00731,1.51839e-05
3210.71,2.00782,1.53967e-05
3218.1,2.00833,1.56193e-05
3225.53,2.00883,1.58624e-05
3232.96,2.00934,1.61365e-05
3240.41,2.00984,1.64508e-05
3247.88,2.01034,1.68129e-05
3255.37,2.01083,1.72284e-05
3262.88,2.01132,1.77008e-05
3270.39,2.01181,1.82327e-05
3277.94,2.0123,1.88257e-05
3285.49,2.01279,1.94812e-05
3293.06,2.01327,2.02008e-05
3300.66,2.01375,2.09872e-05
3308.27,2.01423,2.18435e-05
3315.89,2.0147,2.27746e-05
3323.53,2.01518,2.37865e-05
3331.19,2.01565,2.48874e-05
3338.88,2.01612,2.60874e-05
3346.57,2.01659,2.73993e-05
3354.29,2.01705,2.88394e-05
3362.02,2.01751,3.04279e-05
3369.77,2.01797,3.21898e-05
3377.53,2.01843,3.41556e-05
3385.32,2.01889,3.63623e-05
3393.13,2.01934,3.88544e-05
3400.94,2.0198,4.16844e-05
3408.79,2.02025,4.49138e-05
3416.64,2.0207,4.86143e-05
3424.53,2.02115,5.28693e-05
3432.42,2.0216,5.77765e-05
3440.33,2.02204,6.34519e-05
3448.26,2.02249,7.00372e-05
3456.21,2.02293,7.77099e-05
3464.18,2.02338,8.66992e-05
3472.16,2.02382,9.73057e-05
3480.17,2.02426,0.000109926
3488.19,2.02471,0.000125079
3496.23,2.02515,0.000143426
3504.3,2.02559,0.000165776
3512.37,2.02603,0.000193073
3520.47,2.02647,0.000226339
3528.58,2.02691,0.000266577
3536.72,2.02735,0.000314632
3544.87,2.02778,0.000371035
3553.04,2.0282,0.000435864
3561.23,2.02862,0.000508714
3569.44,2.02903,0.000588823
3577.66,2.02942,0.000675372
3585.91,2.02981,0.000767831
3594.19,2.03018,0.000866071
3602.47,2.03054,0.000969946
3610.77,2.03088,0.00107842
3619.1,2.0312,0.00118908
3627.43,2.0315,0.00129927
3635.8,2.03178,0.0014084
3644.18,2.03203,0.00151747
3652.58,2.03225,0.0016216
3661.01,2.03242,0.00170244
3669.44,2.03256,0.0017408
3677.9,2.03268,0.00174085
3686.38,2.03275,0.00169722
3694.88,2.03277,0.00152914
3703.4,2.03287,0.00117161
3711.94,2.03319,0.000735275
3720.49,2.0337,0.000403338
3729.06,2.03426,0.000228885
3737.66,2.03477,0.000153214
3746.27,2.03525,0.000117889
3754.91,2.03569,9.73789e-05
3763.57,2.0361,8.36323e-05
3772.25,2.03651,7.38805e-05
3780.95,2.0369,6.67836e-05
3789.66,2.03729,6.15128e-05
3798.4,2.03766,5.75022e-05
3807.15,2.03803,5.43526e-05
3815.93,2.0384,5.17802e-05
3824.72,2.03876,4.95823e-05
3833.55,2.03912,4.76134e-05
3842.39,2.03947,4.57689e-05
3851.23,2.03982,4.39743e-05
3860.11,2.04016,4.2178e-05
3869.01,2.0405,4.03467e-05
3877.94,2.04084,3.84617e-05
3886.88,2.04118,3.6517e-05
3895.83,2.04152,3.45166e-05
3904.82,2.04185,3.24728e-05
3913.82,2.04218,3.04039e-05
3922.83,2.04251,2.83326e-05
3931.88,2.04283,2.62841e-05
3940.95,2.04316,2.42842e-05
3950.02,2.04348,2.23575e-05
3959.13,2.0438,2.05264e-05
3968.25,2.04412,1.88094e-05
3977.41,2.04444,1.72206e-05
3986.57,2.04475,1.57689e-05
3995.76,2.04506,1.44577e-05
4004.98,2.04537,1.32852e-05
4014.21,2.04568,1.22449e-05
4023.46,2.04599,1.13261e-05
4032.75,2.0463,1.05149e-05
4042.04,2.0466,9.79545e-06
4051.35,2.04691,9.15099e-06
4060.7,2.04721,8.56508e-06
4070.05,2.04751,8.02258e-06
4079.43,2.0478,7.51054e-06
4088.84,2.0481,7.01883e-06
4098.26,2.04839,6.54052e-06
4107.72,2.04869,6.07198e-06
4117.17,2.04898,5.61267e-06
4126.67,2.04927,5.16484e-06
4136.18,2.04956,4.7329e-06
4145.71,2.04984,4.32284e-06
4155.27,2.05013,3.94147e-06
4164.86,2.05041,3.59583e-06
4174.46,2.05069,3.29252e-06
4184.08,2.05098,3.03731e-06
4193.73,2.05126,2.83473e-06
4203.39,2.05153,2.68792e-06
4213.08,2.05181,2.59854e-06
4222.79,2.05209,2.56684e-06
4232.54,2.05236,2.5918e-06
4242.29,2.05263,2.67136e-06
4252.06,2.0529,2.80272e-06
4261.87,2.05317,2.9827e-06
4271.7,2.05344,3.20826e-06
4281.54,2.05371,3.47711e-06
4291.4,2.05397,3.78858e-06
4301.3,2.05424,4.1447e-06
4311.22,2.0545,4.55148e-06
4321.17,2.05476,5.02031e-06
4331.12,2.05502,5.56904e-06
4341.11,2.05528,6.22231e-06
4351.12,2.05554,7.01045e-06
4361.14,2.0558,7.96624e-06
4371.2,2.05605,9.11904e-06
4381.28,2.05631,1.04865e-05
4391.38,2.05656,1.20649e-05
4401.49,2.05681,1.38194e-05
4411.64,2.05706,1.56785e-05
4421.8,2.05731,1.75333e-05
4432,2.05755,1.92461e-05
4442.21,2.0578,2.06697e-05
4452.46,2.05804,2.16846e-05
4462.73,2.05828,2.22713e-05
4473.01,2.05852,2.26289e-05
4483.32,2.05876,2.32658e-05
4493.65,2.059,2.48145e-05
4504.02,2.05924,2.73646e-05
4514.41,2.05947,2.97598e-05
4524.8,2.05971,2.99623e-05
4535.23,2.05993,2.67263e-05
4545.7,2.06017,2.09005e-05
4556.18,2.0604,1.4722e-05
4566.67,2.06063,9.9655e-06
4577.2,2.06087,7.02049e-06
4587.75,2.0611,5.37071e-06
4598.34,2.06133,4.39888e-06
4608.93,2.06156,3.73415e-06
4619.56,2.06179,3.21715e-06
4630.21,2.06201,2.78718e-06
4640.89,2.06224,2.41804e-06
4651.57,2.06246,2.09569e-06
4662.31,2.06268,1.81177e-06
4673.05,2.06291,1.56132e-06
4683.82,2.06313,1.34128e-06
4694.62,2.06335,1.14957e-06
4705.44,2.06357,9.84498e-07
4716.29,2.06378,8.44364e-07
4727.15,2.064,7.27336e-07
4738.06,2.06422,6.31366e-07
4748.97,2.06443,5.5419e-07
4759.93,2.06464,4.93375e-07
4770.9,2.06486,4.46364e-07
4781.9,2.06507,4.10559e-07
4792.92,2.06528,3.83395e-07
4803.97,2.06549,3.62427e-07
4815.05,2.0657,3.4542e-07
4826.14,2.06591,3.30424e-07
4837.27,2.06611,3.15841e-07
4848.41,2.06632,3.00468e-07
4859.61,2.06652,2.83522e-07
4870.8,2.06673,2.64622e-07
4882.03,2.06693,2.43758e-07
4893.28,2.06713,2.21227e-07
4904.56,2.06733,1.97552e-07
4915.86,2.06753,1.73397e-07
4927.2,2.06773,1.49473e-07
4938.56,2.06793,1.26466e-07
4949.93,2.06813,1.04968e-07
4961.35,2.06832,8.54338e-08
4972.8,2.06852,6.81655e-08
4984.25,2.06871,5.33051e-08
4995.75,2.06891,4.08518e-08
5007.26,2.0691,3.0688e-08
5018.8,2.06929,2.26118e-08
5030.38,2.06948,1.63703e-08
5041.97,2.06967,1.16901e-08
5053.59,2.06986,8.30237e-09
5065.24,2.07005,5.96128e-09
5076.92,2.07024,4.4546e-09
5088.62,2.07043,3.60847e-09
5100.35,2.07061,3.28659e-09
5112.11,2.0708,3.38553e-09
5123.9,2.07098,3.82751e-09
5135.71,2.07117,4.55205e-09
5147.55,2.07135,5.50749e-09
5159.4,2.07153,6.6436e-09
5171.3,2.07171,7.90587e-09
5183.23,2.07189,9.23227e-09
5195.18,2.07207,1.05527e-08
5207.14,2.07225,1.17911e-08
5219.15,2.07243,1.28702e-08
5231.19,2.07261,1.37176e-08
5243.23,2.07278,1.42729e-08
5255.33,2.07296,1.44942e-08
5267.46,2.07313,1.43627e-08
5279.58,2.07331,1.38855e-08
5291.76,2.07348,1.30947e-08
5303.97,2.07365,1.20437e-08
5316.18,2.07383,1.08014e-08
5328.45,2.074,9.44457e-09
5340.71,2.07417,8.04984e-09
5353.03,2.07434,6.68683e-09
5365.38,2.07451,5.41259e-09
5377.73,2.07468,4.26839e-09
5390.14,2.07484,3.27884e-09
5402.57,2.07501,2.45299e-09
5415.04,2.07518,1.78694e-09
5427.5,2.07534,1.26733e-09
5440.02,2.07551,8.74886e-10
5452.56,2.07567,5.87784e-10
5465.14,2.07583,3.84245e-10
5477.71,2.076,2.44368e-10
5490.34,2.07616,1.51163e-10
5503,2.07632,9.09345e-11
5515.69,2.07648,5.31885e-11
5528.4,2.07664,3.02435e-11
5541.15,2.0768,1.67145e-11
5553.92,2.07696,8.97691e-12
5566.72,2.07712,4.68448e-12
5579.55,2.07727,2.37486e-12
5592.43,2.07743,1.16953e-12
5605.32,2.07759,5.59465e-13
5618.23,2.07774,2.60002e-13
5631.2,2.0779,1.17436e-13
5644.17,2.07805,5.16034e-14
5657.2,2.0782,2.21071e-14
5670.22,2.07836,9.27453e-15
5683.3,2.07851,3.84467e-15
5696.38,2.07866,1.60236e-15
5709.52,2.07881,6.92098e-16
5722.69,2.07896,3.23517e-16
5735.89,2.07911,1.70523e-16
5749.11,2.07926,1.02519e-16
5762.36,2.07941,6.85095e-17
5775.64,2.07956,4.88875e-17
5788.95,2.0797,3.60766e-17
5802.32,2.07985,2.70173e-17
5815.68,2.08,2.03399e-17
5829.07,2.08014,1.53278e-17
5842.52,2.08029,1.15407e-17
5856,2.08043,8.67514e-18
5869.47,2.08057,6.5084e-18
5883.01,2.08072,4.87274e-18
5896.57,2.08086,3.6404e-18
5910.17,2.081,2.71388e-18
5923.78,2.08114,2.01879e-18
5937.47,2.08129,1.49846e-18
5951.14,2.08143,1.1098e-18
5964.84,2.08157,8.20139e-19
5978.61,2.0817,6.04737e-19
5992.4,2.08184,4.44915e-19
6006.22,2.08198,3.26598e-19
6020.03,2.08212,2.39205e-19
6033.91,2.08226,1.74801e-19
6047.85,2.08239,1.27446e-19
6061.78,2.08253,9.27074e-20
6075.74,2.08267,6.72824e-20
6089.76,2.0828,4.87171e-20
6103.81,2.08294,3.51925e-20
6117.85,2.08307,2.53631e-20
6131.96,2.0832,1.82361e-20
6146.09,2.08334,1.30809e-20
6160.29,2.08347,9.36094e-21
6174.48,2.0836,6.68378e-21
6188.69,2.08373,4.76377e-21
6202.97,2.08386,3.39659e-21
6217.28,2.08399,2.4458e-21
6231.62,2.08412,1.84936e-21
6245.98,2.08425,1.67349e-21
6260.37,2.08438,2.29464e-21
6274.79,2.08451,4.94118e-21
6289.27,2.08464,1.32398e-20
6303.78,2.08477,3.7532e-20
6318.32,2.08489,1.06704e-19
6332.88,2.08502,3.00058e-19
6347.47,2.08515,8.31707e-19
6362.09,2.08527,2.27027e-18
6376.78,2.0854,6.1008e-18
6391.45,2.08552,1.61372e-17
6406.19,2.08565,4.20089e-17
6420.96,2.08577,1.07615e-16
6435.75,2.0859,2.71252e-16
6450.61,2.08602,6.72642e-16
6465.46,2.08614,1.6408e-15
6480.38,2.08626,3.9367e-15
6495.32,2.08639,9.28886e-15
6510.29,2.08651,2.15521e-14
6525.29,2.08663,4.91655e-14
6540.35,2.08675,1.10261e-13
6555.4,2.08687,2.4306e-13
6570.52,2.08699,5.26604e-13
6585.66,2.08711,1.12119e-12
6600.83,2.08723,2.34551e-12
6616.08,2.08735,4.82067e-12
6631.34,2.08747,9.73265e-12
6646.59,2.08758,1.92997e-11
6661.91,2.0877,3.75846e-11
6677.31,2.08782,7.18705e-11
6692.68,2.08793,1.34932e-10
6708.12,2.08805,2.48682e-10
6723.59,2.08817,4.49865e-10
6739.09,2.08828,7.98669e-10
6754.61,2.0884,1.39137e-09
6770.16,2.08851,2.37818e-09
6785.78,2.08863,3.98766e-09
6801.43,2.08874,6.55846e-09
6817.1,2.08885,1.05787e-08
6832.84,2.08897,1.67323e-08
6848.56,2.08908,2.5948e-08
6864.36,2.08919,3.94473e-08
6880.18,2.0893,5.87807e-08
6896.03,2.08942,8.5841e-08
6911.95,2.08953,1.22838e-07
6927.89,2.08964,1.72222e-07
6943.87,2.08975,2.36537e-07
6959.86,2.08986,3.18199e-07
6975.88,2.08997,4.19203e-07
6991.98,2.09008,5.40769e-07
7008.1,2.09019,6.82965e-07
7024.25,2.0903,8.44346e-07
7040.47,2.09041,1.02172e-06
7056.67,2.09051,1.21011e-06
7072.94,2.09062,1.40328e-06
7089.23,2.09073,1.59509e-06
7105.6,2.09084,1.78168e-06
7121.95,2.09094,1.96308e-06
7138.37,2.09105,2.1414e-06
7154.87,2.09116,2.31947e-06
7171.34,2.09126,2.52287e-06
7187.88,2.09137,2.85605e-06
7204.46,2.09147,3.46328e-06
7221.05,2.09158,4.21578e-06
7237.67,2.09168,4.51659e-06
7254.37,2.09179,3.90615e-06
7271.09,2.09189,2.74297e-06
7287.89,2.09199,1.73903e-06
7304.66,2.0921,1.16175e-06
7321.5,2.0922,8.64053e-07
7338.37,2.0923,6.74603e-07
7355.32,2.09241,5.2467e-07
7372.24,2.09251,3.99547e-07
7389.24,2.09261,2.96925e-07
7406.26,2.09271,2.15219e-07
7423.35,2.09282,1.52119e-07
7440.48,2.09292,1.04828e-07
7457.62,2.09302,7.04189e-08
7474.79,2.09312,4.61046e-08
7492.04,2.09322,2.94148e-08
7509.31,2.09332,1.82844e-08
7526.61,2.09342,1.10716e-08
7543.98,2.09352,6.52945e-09
7561.38,2.09362,3.74978e-09
7578.8,2.09372,2.09662e-09
7596.24,2.09382,1.14114e-09
7613.77,2.09392,6.04488e-10
7631.32,2.09402,3.11592e-10
7648.94,2.09411,1.56262e-10
7666.54,2.09421,7.62279e-11
7684.21,2.09431,3.61646e-11
7701.96,2.09441,1.66834e-11
7719.68,2.0945,7.48232e-12
7737.48,2.0946,3.26179e-12
7755.3,2.0947,1.38186e-12
7773.21,2.0948,5.6882e-13
7791.14,2.09489,2.27462e-13
7809.08,2.09499,8.83453e-14
7827.11,2.09508,3.33207e-14
7845.11,2.09518,1.22016e-14
7863.24,2.09528,4.33717e-15
7881.34,2.09537,1.49624e-15
7899.52,2.09547,5.00856e-16
7917.72,2.09556,1.62651e-16
7935.94,2.09565,5.12328e-17
7954.25,2.09575,1.56495e-17
7972.57,2.09584,4.63472e-18
7990.99,2.09594,1.33055e-18
8009.42,2.09603,3.70203e-19
8027.87,2.09612,9.98058e-20
8046.35,2.09622,2.60671e-20
8064.91,2.09631,6.59417e-21
8083.49,2.0964,1.61536e-21
8102.15,2.0965,3.83115e-22
8120.84,2.09659,8.79527e-23
8139.54,2.09668,1.95406e-23
8158.34,2.09677,4.20054e-24
8177.08,2.09687,8.73489e-25
8195.98,2.09696,1.75672e-25
8214.83,2.09705,3.41622e-26
8233.77,2.09714,6.42237e-27
8252.8,2.09723,1.16696e-27
8271.78,2.09732,2.04897e-28
8290.84,2.09742,3.47564e-29
8310,2.09751,5.69458e-30
8329.17,2.0976,9.00986e-31
8348.36,2.09769,1.37628e-31
8367.57,2.09778,2.02924e-32
8386.87,2.09787,2.88735e-33
8406.19,2.09796,3.96374e-34
8425.59,2.09805,5.24871e-35
8445.02,2.09814,6.70259e-36
8464.46,2.09823,8.25231e-37
8483.99,2.09832,9.79381e-38
8503.55,2.09841,1.12013e-38
8523.11,2.0985,1.23432e-39
8542.77,2.09858,1.31016e-40
8562.52,2.09867,1.33924e-41
8582.22,2.09876,1.31803e-42
8602,2.09885,1.2486e-43
8621.88,2.09894,1.13828e-44
8641.7,2.09903,9.98373e-46
8661.61,2.09912,8.42277e-47
8681.61,2.0992,6.83327e-48
8701.63,2.09929,5.32974e-49
8721.67,2.09938,3.99561e-50
8741.79,2.09947,2.87839e-51
8761.94,2.09955,1.99205e-52
8782.1,2.09964,1.32411e-53
8802.35,2.09973,8.45119e-55
8822.7,2.09982,5.17817e-56
8842.98,2.0999,3.04541e-57
8863.36,2.09999,1.72035e-58
8883.83,2.10008,9.39573e-60
8904.32,2.10016,5.21282e-61
8924.83,2.10025,3.91361e-62
8945.42,2.10034,7.01383e-63
8966.04,2.10042,2.31645e-63
8986.66,2.10051,8.70859e-64
9007.39,2.1006,3.31418e-64
9028.2,2.10068,1.25672e-64
9048.95,2.10077,4.73933e-65
9069.88,2.10085,1.77709e-65
9090.74,2.10094,6.62515e-66
9111.7,2.10103,2.45561e-66
9132.75,2.10111,9.04873e-67
9153.74,2.1012,3.31489e-67
9174.9,2.10128,1.20723e-67
9195.99,2.10137,4.37053e-68
9217.18,2.10145,1.57287e-68
9238.47,2.10154,5.62666e-69
9259.77,2.10162,2.00076e-69
9281.09,2.10171,7.07153e-70
9302.5,2.10179,2.48422e-70
9323.92,2.10188,8.6739e-71
9345.45,2.10196,3.01003e-71
9366.98,2.10205,1.03812e-71
9388.61,2.10213,3.55817e-72
9410.26,2.10222,1.21199e-72
9431.92,2.1023,4.1025e-73
9453.67,2.10239,1.37995e-73
9475.44,2.10247,4.6124e-74
9497.31,2.10256,1.53189e-74
9519.19,2.10264,5.05533e-75
9541.17,2.10272,1.6576e-75
9563.16,2.10281,5.40012e-76
9585.15,2.10289,1.74786e-76
9607.26,2.10298,5.6205e-77
9629.46,2.10306,1.79553e-77
9651.58,2.10315,5.69834e-78
9673.89,2.10323,1.79649e-78
9696.12,2.10331,5.62612e-79
9718.55,2.1034,1.75019e-79
9740.89,2.10348,5.40802e-80
9763.34,2.10357,1.65979e-80
9785.88,2.10365,5.05963e-81
9808.44,2.10373,1.53185e-81
9831.1,2.10382,4.60606e-82
9853.67,2.1039,1.37546e-82
9876.45,2.10399,4.07899e-83
9899.23,2.10407,1.20124e-83
9922.01,2.10415,3.51288e-84
9944.91,2.10424,1.02009e-84
9967.8,2.10432,2.94131e-85
9990.81,2.1044,8.42077e-86
10013.8,2.10449,2.39364e-86
10036.9,2.10457,6.7553e-87
10060,2.10466,1.89275e-87
10083.2,2.10474,5.2649e-88
10106.5,2.10482,1.45384e-88
10129.8,2.10491,3.9853e-89
10153.1,2.10499,1.08444e-89
10176.5,2.10507,2.92907e-90
10200,2.10516,7.85277e-91
10223.5,2.10524,2.08962e-91
10247.1,2.10533,5.5188e-92
10270.7,2.10541,1.44657e-92
10294.4,2.10549,3.76302e-93
10318.1,2.10558,9.71445e-94
10341.9,2.10566,2.48867e-94
10365.7,2.10575,6.32656e-95
10389.6,2.10583,1.59589e-95
10413.6,2.10591,3.99442e-96
10437.6,2.106,9.91984e-97
10461.7,2.10608,2.44421e-97
10485.8,2.10616,5.97502e-98
10509.9,2.10625,1.44907e-98
10534.2,2.10633,3.48633e-99
10558.4,2.10642,8.32074e-100
10582.8,2.1065,1.96993e-100
10607.2,2.10658,4.62615e-101
10631.6,2.10667,1.07758e-101
10656.1,2.10675,2.48954e-102
10680.7,2.10684,5.70449e-103
10705.3,2.10692,1.29634e-103
10730,2.10701,2.92155e-104
10754.7,2.10709,6.52946e-105
10779.5,2.10717,1.44708e-105
10804.4,2.10726,3.18012e-106
10829.3,2.10734,6.92964e-107
10854.3,2.10743,1.49718e-107
10879.3,2.10751,3.20714e-108
10904.4,2.1076,6.81116e-109
10929.5,2.10768,1.43405e-109
10954.7,2.10777,2.99318e-110
10979.9,2.10785,6.19303e-111
11005.3,2.10794,1.27016e-111
11030.6,2.10802,2.58214e-112
11056.1,2.10811,5.20291e-113
11081.5,2.10819,1.03906e-113
11107.1,2.10828,2.05656e-114
11132.7,2.10836,4.03395e-115
11158.3,2.10845,7.84131e-116
11184.1,2.10853,1.51041e-116
11209.9,2.10862,2.88291e-117
11235.7,2.10871,5.45224e-118
11261.6,2.10879,1.02167e-118
11287.6,2.10888,1.89676e-119
11313.6,2.10896,3.4887e-120
11339.7,2.10905,6.35688e-121
11365.8,2.10913,1.14745e-121
11392,2.10922,2.05168e-122
11418.3,2.10931,3.63374e-123
11444.6,2.10939,6.37447e-124
11471,2.10948,1.10754e-124
11497.4,2.10957,1.90582e-125
11523.9,2.10965,3.24778e-126
11550.5,2.10974,5.48095e-127
11577.1,2.10983,9.15939e-128
11603.8,2.10991,1.51565e-128
11630.5,2.11,2.48329e-129
11657.4,2.11009,4.02844e-130
11684.2,2.11018,6.46996e-131
11711.2,2.11026,1.02873e-131
11738.2,2.11035,1.61925e-132
11765.2,2.11044,2.523e-133
11792.3,2.11053,3.89125e-134
11819.5,2.11061,5.9403e-135
11846.8,2.1107,8.97537e-136
11874.1,2.11079,1.34214e-136
11901.5,2.11088,1.98621e-137
11928.9,2.11097,2.90878e-138
11956.4,2.11106,4.21531e-139
11984,2.11115,6.04452e-140
12011.6,2.11123,8.57596e-141
12039.3,2.11132,1.20385e-141
12067,2.11141,1.67187e-142
12094.8,2.1115,2.29696e-143
12122.7,2.11159,3.12178e-144
12150.7,2.11168,4.19686e-145
12178.7,2.11177,5.58081e-146
12206.7,2.11186,7.34001e-147
12234.9,2.11195,9.54769e-148
12263.1,2.11204,1.22823e-148
12291.4,2.11213,1.56248e-149
12319.7,2.11222,1.96555e-150
12348.1,2.11231,2.44488e-151
12376.6,2.1124,3.00687e-152
12405.1,2.1125,3.65619e-153
12433.7,2.11259,4.39519e-154
12462.3,2.11268,5.22319e-155
12491.1,2.11277,6.1359e-156
12519.9,2.11286,7.12491e-157
12548.7,2.11295,8.17741e-158
12577.7,2.11305,9.276e-159
12606.7,2.11314,1.0399e-159
12635.7,2.11323,1.15207e-160
12664.8,2.11332,1.26125e-161
12694,2.11342,1.36436e-162
12723.3,2.11351,1.45828e-163
12752.6,2.1136,1.53995e-164
12782,2.1137,1.60659e-165
12811.5,2.11379,1.6558e-166
12841,2.11388,1.68572e-167
12870.6,2.11398,1.69519e-168
12900.3,2.11407,1.68374e-169
12930.1,2.11417,1.65169e-170
12959.8,2.11426,1.60013e-171
12989.7,2.11436,1.53083e-172
13019.7,2.11445,1.44616e-173
13049.7,2.11455,1.34895e-174
13079.8,2.11464,1.24234e-175
13109.9,2.11474,1.12959e-176
13140.1,2.11484,1.01394e-177
13170.4,2.11493,8.98423e-179
13200.8,2.11503,7.85787e-180
13231.2,2.11513,6.78351e-181
13261.7,2.11522,5.77965e-182
13292.3,2.11532,4.8598e-183
13322.9,2.11542,4.03251e-184
13353.6,2.11552,3.30177e-185
13384.4,2.11561,2.66748e-186
13415.3,2.11571,2.12623e-187
13446.2,2.11581,1.67204e-188
13477.2,2.11591,1.29713e-189
13508.3,2.11601,9.92625e-191
13539.4,2.11611,7.49252e-192
13570.6,2.11621,5.57803e-193
13601.9,2.11631,4.09556e-194
13633.3,2.11641,2.9655e-195
13664.7,2.11651,2.1174e-196
13696.2,2.11661,1.49073e-197
13727.8,2.11671,1.0348e-198
13759.4,2.11681,7.08179e-200
13791.1,2.11691,4.77783e-201
13822.9,2.11701,3.17753e-202
13854.8,2.11711,2.08299e-203
13886.7,2.11722,1.34584e-204
13918.8,2.11732,8.56989e-206
13950.8,2.11742,5.3778e-207
13983,2.11752,3.32544e-208
14015.2,2.11763,2.02618e-209
14047.5,2.11773,1.21635e-210
14079.9,2.11784,7.19382e-212
14112.4,2.11794,4.19131e-213
14144.9,2.11804,2.40545e-214
14177.5,2.11815,1.35977e-215
14210.2,2.11825,7.5706e-217
14243,2.11836,4.151e-218
14275.8,2.11846,2.24132e-219
14308.7,2.11857,1.19165e-220
14341.7,2.11868,6.23811e-222
14374.7,2.11878,3.21505e-223
14407.9,2.11889,1.63124e-224
14441.1,2.119,8.14719e-226
14474.4,2.11911,4.00523e-227
14507.7,2.11921,1.93794e-228
14541.2,2.11932,9.22816e-230
14574.7,2.11943,4.3243e-231
14608.3,2.11954,1.99393e-232
14642,2.11965,9.04608e-234
14675.8,2.11976,4.03771e-235
14709.6,2.11987,1.77296e-236
14743.5,2.11998,7.65802e-238
14777.5,2.12009,3.25352e-239
14811.5,2.1202,1.35948e-240
14845.7,2.12031,5.58653e-242
14879.9,2.12042,2.25748e-243
14914.2,2.12054,8.9698e-245
14948.6,2.12065,3.50415e-246
14983,2.12076,1.34582e-247
15017.6,2.12087,5.08117e-249
15052.2,2.12099,1.88569e-250
15086.9,2.1211,6.8782e-252
15121.7,2.12122,2.46569e-253
15156.5,2.12133,8.68608e-255
15191.5,2.12145,3.00674e-256
15226.5,2.12156,1.02262e-257
15261.6,2.12168,3.41701e-259
15296.8,2.12179,1.12163e-260
15332,2.12191,3.61652e-262
15367.4,2.12203,1.14532e-263
15402.8,2.12214,3.56225e-265
15438.3,2.12226,1.08803e-266
15473.9,2.12238,3.2632e-268
15509.6,2.1225,9.60923e-270
15545.3,2.12262,2.77804e-271
15581.2,2.12274,7.88414e-273
15617.1,2.12286,2.19633e-274
15653.1,2.12298,6.00521e-276
15689.2,2.1231,1.61141e-277
15725.3,2.12322,4.24319e-279
15761.6,2.12334,1.09634e-280
15797.9,2.12346,2.77926e-282
15834.3,2.12358,6.91194e-284
15870.8,2.12371,1.68623e-285
15907.4,2.12383,4.03497e-287
15944.1,2.12395,9.46954e-289
15980.8,2.12408,2.17943e-290
16017.7,2.1242,4.91856e-292
16054.6,2.12433,1.08837e-293
16091.6,2.12445,2.36109e-295
16128.7,2.12458,5.02119e-297
16165.9,2.12471,1.04669e-298
16203.2,2.12483,2.13846e-300
16240.5,2.12496,4.2817e-302
16278,2.12509,8.40076e-304
16315.5,2.12522,1.61498e-305
16353.1,2.12534,3.0417e-307
16390.8,2.12547,5.6121e-309
16428.6,2.1256,1.01426e-310
16466.5,2.12573,1.79533e-312
16504.4,2.12586,3.11221e-314
16542.5,2.12599,5.28293e-316
16580.6,2.12613,8.78051e-318
16618.8,2.12626,1.42785e-319
16657.1,2.12639,2.20353e-321
16695.5,2.12652,0
16734,2.12666,0
16772.6,2.12679,0
16811.2,2.12693,0
16850,2.12706,0
16888.8,2.1272,0
16927.8,2.12733,0
16966.8,2.12747,0
17005.9,2.12761,0
17045.1,2.12775,0
17084.4,2.12788,0
17123.8,2.12802,0
17163.3,2.12816,0
17202.9,2.1283,0
17242.5,2.12844,0
17282.2,2.12858,0
17322.1,2.12873,0
17362,2.12887,0
17402,2.12901,0
17442.1,2.12915,0
17482.4,2.1293,0
17522.7,2.12944,0
17563.1,2.12959,0
17603.6,2.12973,0
17644.1,2.12988,0
17684.8,2.13003,0
17725.6,2.13017,0
17766.4,2.13032,0
17807.4,2.13047,0
17848.4,2.13062,0
17889.6,2.13077,0
17930.8,2.13092,0
17972.2,2.13107,0
18013.6,2.13122,0
18055.1,2.13137,0
18096.7,2.13153,0
18138.5,2.13168,0
18180.3,2.13183,0
18222.2,2.13199,0
18264.2,2.13214,0
18306.3,2.1323,0
18348.5,2.13246,0
18390.8,2.13262,0
18433.2,2.13277,0
18475.7,2.13293,0
18518.2,2.13309,0
18560.9,2.13325,0
18603.8,2.13341,0
18646.6,2.13357,0
18689.6,2.13374,0
18732.7,2.1339,0
18775.9,2.13406,0
18819.2,2.13423,0
18862.6,2.13439,0
18906,2.13456,0
18949.6,2.13472,0
18993.3,2.13489,0
19037.1,2.13506,0
19080.9,2.13523,0
19125,2.1354,0
19169,2.13557,0
19213.2,2.13574,0
19257.5,2.13591,0
19301.9,2.13608,0
19346.4,2.13625,0
19391,2.13643,0
19435.7,2.1366,0
19480.5,2.13678,0
19525.4,2.13695,0
19570.4,2.13713,0
19615.5,2.13731,0
19660.7,2.13748,0
19706.1,2.13766,0
19751.5,2.13784,0
19797,2.13802,0
19842.7,2.13821,0
19888.4,2.13839,0
19934.3,2.13857,0
19980.2,2.13875,0
20026.3,2.13894,0
20072.4,2.13912,0
20118.7,2.13931,0
20165.1,2.1395,0
20211.6,2.13969,0
20258.2,2.13988,0
20304.9,2.14007,0
20351.7,2.14026,0
20398.6,2.14045,0
20445.6,2.14064,0
20492.7,2.14083,0
20540,2.14103,0
20587.3,2.14122,0
20634.8,2.14142,0
20682.4,2.14161,0
20730,2.14181,0
20777.8,2.14201,0
20825.7,2.14221,0
20873.7,2.14241,0
20921.9,2.14261,0
20970.1,2.14281,0
21018.4,2.14302,0
21066.9,2.14322,0
21115.4,2.14343,0
21164.1,2.14363,0
21212.9,2.14384,0
21261.8,2.14405,0
21310.8,2.14426,0
21359.9,2.14447,0
21409.2,2.14468,0
21458.5,2.14489,0
21508,2.1451,0
21557.6,2.14531,0
21607.3,2.14553,0
21657.1,2.14574,0
21707,2.14596,0
21757.1,2.14618,0
21807.2,2.1464,0
21857.5,2.14662,0
21907.9,2.14684,0
21958.4,2.14706,0
22009,2.14728,0
22059.7,2.14751,0
22110.6,2.14773,0
22161.5,2.14796,0
22212.6,2.14819,0
22263.8,2.14841,0
22315.2,2.14864,0
22366.6,2.14887,0
22418.2,2.14911,0
22469.8,2.14934,0
22521.7,2.14957,0
22573.6,2.14981,0
22625.6,2.15004,0
22677.7,2.15028,0
22730.1,2.15052,0
22782.4,2.15076,0
22835,2.151,0
22887.6,2.15124,0
22940.4,2.15148,0
22993.3,2.15173,0
23046.3,2.15197,0
23099.4,2.15222,0
23152.6,2.15247,0
23206,2.15272,0
23259.5,2.15297,0
23313.1,2.15322,0
23366.8,2.15347,0
23420.7,2.15372,0
23474.7,2.15398,0
23528.8,2.15424,0
23583.1,2.15449,0
23637.4,2.15475,0
23691.9,2.15501,0
23746.5,2.15527,0
23801.3,2.15554,0
23856.2,2.1558,0
23911.1,2.15606,0
23966.3,2.15633,0
24021.5,2.1566,0
24076.9,2.15687,0
24132.4,2.15714,0
24188,2.15741,0
24243.8,2.15768,0
24299.7,2.15796,0
24355.7,2.15823,0
24411.8,2.15851,0
24468.1,2.15879,0
24524.5,2.15907,0
24581,2.15935,0
24637.7,2.15963,0
24694.5,2.15992,0
24751.4,2.1602,0
24808.5,2.16049,0
24865.7,2.16078,0
24923,2.16107,0
24980.5,2.16136,0
25038.1,2.16166,0
25095.7,2.16195,0
25153.6,2.16225,0
25211.6,2.16254,0
25269.7,2.16284,0
25327.9,2.16314,0
25386.3,2.16344,0
25444.8,2.16375,0
25503.5,2.16405,0
25562.3,2.16436,0
25621.3,2.16467,0
25680.3,2.16498,0
25739.5,2.16529,0
25798.9,2.1656,0
25858.3,2.16592,0
25917.9,2.16623,0
25977.7,2.16655,0
26037.5,2.16687,0
26097.6,2.16719,0
26157.7,2.16751,0
26218,2.16784,0
26278.4,2.16816,0
26339.1,2.16849,0
26399.8,2.16882,0
26460.6,2.16915,0
26521.6,2.16948,0
26582.7,2.16982,0
26644.1,2.17016,0
26705.5,2.17049,0
26767,2.17083,0
26828.7,2.17117,0
26890.6,2.17152,0
26952.6,2.17186,0
27014.7,2.17221,0
27077,2.17256,0
27139.4,2.17291,0
27201.9,2.17326,0
27264.7,2.17362,0
27327.5,2.17397,0
27390.5,2.17433,0
27453.7,2.17469,0
27516.9,2.17505,0
27580.3,2.17542,0
27643.9,2.17578,0
27707.7,2.17615,0
27771.5,2.17652,0
27835.5,2.17689,0
27899.8,2.17726,0
27964,2.17764,0
28028.6,2.17802,0
28093.1,2.17839,0
28157.9,2.17878,0
28222.8,2.17916,0
28287.8,2.17955,0
28353.1,2.17993,0
28418.5,2.18032,0
28483.9,2.18071,0
28549.6,2.18111,0
28615.4,2.1815,0
28681.4,2.1819,0
28747.5,2.1823,0
28813.8,2.1827,0
28880.2,2.18311,0
28946.7,2.18352,0
29013.5,2.18392,0
29080.4,2.18434,0
29147.4,2.18475,0
29214.7,2.18516,0
29282,2.18558,0
29349.4,2.186,0
29417.1,2.18642,0
29485,2.18685,0
29552.9,2.18728,0
29621,2.18771,0
29689.3,2.18814,0
29757.7,2.18857,0
29826.4,2.18901,0
29895.1,2.18945,0
29964,2.18989,0
30033.1,2.19033,0
30102.3,2.19078,0
30171.7,2.19123,0
30241.3,2.19168,0
30311,2.19213,0
30380.8,2.19259,0
30450.9,2.19304,0
30521.1,2.19351,0
30591.4,2.19397,0
30662,2.19443,0
30732.6,2.1949,0
30803.5,2.19538,0
30874.5,2.19585,0
30945.7,2.19633,0
31017,2.1968,0
31088.5,2.19729,0
31160.2,2.19777,0
31232,2.19826,0
31304,2.19875,0
31376.2,2.19924,0
31448.5,2.19974,0
31521,2.20024,0
31593.7,2.20074,0
31666.5,2.20124,0
31739.5,2.20175,0
31812.7,2.20226,0
31886,2.20277,0
31959.5,2.20329,0
32033.2,2.2038,0
32107.1,2.20433,0
32181,2.20485,0
32255.3,2.20538,0
32329.6,2.20591,0
32404.1,2.20644,0
32478.8,2.20698,0
32553.7,2.20752,0
32628.8,2.20806,0
32703.9,2.20861,0
32779.4,2.20916,0
32854.9,2.20971,0
32930.6,2.21026,0
33006.6,2.21082,0
33082.7,2.21138,0
33158.9,2.21195,0
33235.3,2.21252,0
33311.9,2.21309,0
33388.8,2.21366,0
33465.7,2.21424,0
33542.9,2.21482,0
33620.2,2.21541,0
33697.7,2.216,0
33775.3,2.21659,1.59326e-13
33853.2,2.21718,4.1242e-13
33931.3,2.21778,6.77047e-13
34009.4,2.21838,9.53823e-13
34087.9,2.21899,1.2434e-12
34166.4,2.2196,1.54645e-12
34245.3,2.22021,1.86372e-12
34324.2,2.22083,2.19595e-12
34403.3,2.22145,2.54395e-12
34482.6,2.22207,2.90859e-12
34562.1,2.2227,3.29074e-12
34641.8,2.22333,3.69137e-12
34721.6,2.22397,4.11148e-12
34801.7,2.22461,4.55212e-12
34881.9,2.22525,5.01441e-12
34962.3,2.2259,5.49954e-12
35043,2.22655,6.00875e-12
35123.7,2.2272,6.54337e-12
35204.7,2.22786,7.10478e-12
35285.8,2.22852,7.69447e-12
35367.2,2.22919,8.314e-12
35448.7,2.22986,8.96501e-12
35530.4,2.23053,9.64925e-12
35612.3,2.23121,1.03686e-11
35694.4,2.23189,1.11249e-11
35776.6,2.23258,1.19203e-11
35859.1,2.23327,1.2757e-11
35941.9,2.23397,1.36373e-11
36024.7,2.23466,1.45637e-11
36107.7,2.23537,1.55386e-11
36191,2.23608,1.65649e-11
36274.3,2.23679,1.76455e-11
36358,2.2375,1.87835e-11
36441.8,2.23822,1.9982e-11
36525.8,2.23895,2.12446e-11
36610.1,2.23968,2.25748e-11
36694.4,2.24041,2.39767e-11
36779,2.24115,2.54542e-11
36863.8,2.2419,2.70117e-11
36948.8,2.24264,2.86538e-11
37034,2.2434,3.03854e-11
37119.4,2.24415,3.22117e-11
37204.9,2.24492,3.41381e-11
37290.6,2.24568,3.61705e-11
37376.6,2.24645,3.8315e-11
37462.7,2.24723,4.05782e-11
37549.1,2.24801,4.2967e-11
37635.7,2.2488,4.54887e-11
37722.5,2.24959,4.81513e-11
37809.5,2.25038,5.09629e-11
37896.6,2.25119,5.39324e-11
37984,2.25199,5.70691e-11
38071.5,2.2528,6.03829e-11
38159.3,2.25362,6.38844e-11
38247.2,2.25444,6.75846e-11
38335.5,2.25527,7.14956e-11
38423.9,2.2561,7.56298e-11
38512.3,2.25694,8.00007e-11
38601.1,2.25778,8.46226e-11
38690.1,2.25863,8.95105e-11
38779.4,2.25948,9.46804e-11
38868.8,2.26034,1.0015e-10
38958.3,2.2612,1.05936e-10
39048.2,2.26207,1.12059e-10
39138.2,2.26295,1.18539e-10
39228.3,2.26383,1.25399e-10
39318.8,2.26472,1.3266e-10
39409.5,2.26561,1.40348e-10
39500.2,2.26651,1.4849e-10
39591.3,2.26741,1.57112e-10
39682.5,2.26833,1.66245e-10
39774.1,2.26924,1.75921e-10
39865.7,2.27016,1.86173e-10
39957.6,2.27109,1.97037e-10
40049.8,2.27203,2.08551e-10
40142.1,2.27297,2.20757e-10
40234.6,2.27391,2.33696e-10
40327.5,2.27487,2.47416e-10
40420.4,2.27583,2.61965e-10
40513.5,2.27679,2.77396e-10
40607,2.27777,2.93765e-10
40700.5,2.27874,3.11131e-10
40794.3,2.27973,3.29558e-10
40888.4,2.28072,3.49113e-10
40982.6,2.28172,3.69869e-10
41077.2,2.28273,3.91901e-10
41171.7,2.28374,4.15293e-10
41266.7,2.28476,4.40131e-10
41361.8,2.28578,4.66509e-10
41457.1,2.28682,4.94526e-10
41552.7,2.28786,5.24289e-10
41648.6,2.2889,5.55911e-10
41744.6,2.28996,5.89513e-10
41840.8,2.29102,6.25225e-10
41937.3,2.29209,6.63183e-10
42033.9,2.29316,7.03536e-10
42130.8,2.29424,7.46441e-10
42227.9,2.29534,7.92066e-10
42325.4,2.29643,8.4059e-10
42422.9,2.29754,8.92206e-10
42520.6,2.29865,9.47119e-10
42618.7,2.29977,1.00555e-09
42717,2.3009,1.06772e-09
42815.4,2.30204,1.1339e-09
42914,2.30319,1.20435e-09
43013,2.30434,1.27935e-09
43112.2,2.3055,1.35922e-09
43211.7,2.30667,1.44427e-09
43311.2,2.30785,1.53486e-09
43411.1,2.30903,1.63137e-09
43511.2,2.31023,1.7342e-09
43611.4,2.31143,1.84377e-09
43712,2.31264,1.96055e-09
43812.8,2.31386,2.08504e-09
43913.8,2.31509,2.21775e-09
44014.9,2.31633,2.35926e-09
44116.4,2.31757,2.51016e-09
44218,2.31883,2.67112e-09
44320,2.32009,2.84282e-09
44422.1,2.32137,3.02601e-09
44524.6,2.32265,3.2215e-09
44627.3,2.32394,3.43013e-09
44730.1,2.32524,3.65282e-09
44833.2,2.32655,3.89056e-09
44936.5,2.32787,4.14442e-09
45040.2,2.32921,4.41551e-09
45144.1,2.33055,4.70506e-09
45248,2.3319,5.01437e-09
45352.3,2.33326,5.34484e-09
45457,2.33463,5.69798e-09
45561.8,2.33601,6.07539e-09
45666.7,2.3374,6.47882e-09
45772,2.3388,6.91013e-09
45877.5,2.34021,7.3713e-09
45983.4,2.34163,7.8645e-09
46089.3,2.34307,8.39202e-09
46195.6,2.34451,8.95635e-09
46302.1,2.34597,9.56015e-09
46408.9,2.34743,1.02063e-08
46515.7,2.34891,1.08978e-08
46623.1,2.3504,1.16381e-08
46730.5,2.3519,1.24307e-08
46838.2,2.35341,1.32794e-08
46946.2,2.35493,1.41883e-08
47054.4,2.35647,1.51619e-08
47162.9,2.35801,1.6205e-08
47271.5,2.35957,1.73226e-08
47380.6,2.36115,1.85203e-08
47489.7,2.36273,1.98042e-08
47599.3,2.36432,2.11804e-08
47709,2.36593,2.26561e-08
47819,2.36755,2.42386e-08
47929.2,2.36919,2.59359e-08
48039.7,2.37084,2.77567e-08
48150.5,2.3725,2.97103e-08
48261.4,2.37417,3.18066e-08
48372.7,2.37586,3.40566e-08
48484.1,2.37756,3.64719e-08
48596.1,2.37927,3.9065e-08
48708,2.381,4.18496e-08
48820.3,2.38274,4.48402e-08
48932.8,2.3845,4.80527e-08
49045.6,2.38627,5.15041e-08
49158.6,2.38805,5.52127e-08
49272,2.38985,5.91986e-08
49385.6,2.39167,6.3483e-08
49499.3,2.3935,6.80892e-08
49613.5,2.39534,7.30421e-08
49728,2.3972,7.83689e-08
49842.5,2.39908,8.40986e-08
49957.5,2.40097,9.02629e-08
50072.6,2.40288,9.68958e-08
50188,2.4048,1.04034e-07
50303.8,2.40674,1.11718e-07
50419.7,2.4087,1.1999e-07
50535.9,2.41067,1.28898e-07
50652.4,2.41266,1.38491e-07
50769.2,2.41467,1.48824e-07
50886.2,2.4167,1.59956e-07
51003.5,2.41874,1.71951e-07
51121.1,2.4208,1.84879e-07
51239,2.42288,1.98814e-07
51357.1,2.42497,2.13837e-07
51475.5,2.42709,2.30037e-07
51594,2.42922,2.47508e-07
51713,2.43137,2.66354e-07
51832.3,2.43354,2.86686e-07
51951.8,2.43573,3.08626e-07
52071.4,2.43794,3.32305e-07
52191.5,2.44017,3.57866e-07
52311.9,2.44243,3.85463e-07
52432.3,2.4447,4.15263e-07
52553.3,2.44699,4.47448e-07
52674.6,2.4493,4.82217e-07
52795.8,2.45163,5.19782e-07
52917.6,2.45399,5.60376e-07
53039.7,2.45637,6.04252e-07
53161.8,2.45877,6.51683e-07
53284.5,2.46119,7.02967e-07
53407.1,2.46363,7.58427e-07
53530.3,2.4661,8.18415e-07
53653.8,2.46859,8.83312e-07
53777.3,2.4711,9.53533e-07
53901.4,2.47364,1.02953e-06
54025.7,2.47621,1.11179e-06
54150.4,2.47879,1.20085e-06
54275,2.48141,1.29729e-06
54400.2,2.48404,1.40173e-06
54525.6,2.48671,1.51487e-06
54651.4,2.4894,1.63746e-06
54777.1,2.49211,1.7703e-06
54903.4,2.49486,1.91428e-06
55030,2.49763,2.07037e-06
55156.9,2.50042,2.23961e-06
55284,2.50325,2.42316e-06
55411.5,2.5061,2.62224e-06
55539.2,2.50899,2.83824e-06
55667.2,2.5119,3.07261e-06
55795.5,2.51484,3.32699e-06
55924.3,2.51782,3.60312e-06
56053.2,2.52082,3.90293e-06
56182.3,2.52386,4.22851e-06
56312,2.52692,4.58214e-06
56441.7,2.53002,4.96633e-06
56572,2.53315,5.38377e-06
56702.2,2.53632,5.83746e-06
56833,2.53952,6.33063e-06
56963.8,2.54275,6.86681e-06
57095.2,2.54602,7.44989e-06
57226.9,2.54932,8.08408e-06
57358.9,2.55266,8.774e-06
57491.1,2.55604,9.5247e-06
57623.6,2.55946,1.03417e-05
57756.4,2.56291,1.1231e-05
57889.5,2.5664,1.21993e-05
58023.2,2.56993,1.32537e-05
58156.8,2.5735,1.44021e-05
58290.7,2.57711,1.56532e-05
58425.2,2.58076,1.70164e-05
58560,2.58445,1.85022e-05
58694.7,2.58819,2.01217e-05
58830.1,2.59197,2.18875e-05
58965.7,2.5958,2.38131e-05
59101.7,2.59967,2.59134e-05
59237.8,2.60358,2.82047e-05
59374.7,2.60755,3.0705e-05
59511.4,2.61156,3.34338e-05
59648.4,2.61562,3.64127e-05
59786.1,2.61973,3.96652e-05
59924,2.62389,4.32172e-05
60062.2,2.6281,4.70971e-05
60200.3,2.63237,5.13361e-05
60339.1,2.63669,5.59682e-05
60478.5,2.64106,6.10312e-05
60617.8,2.64549,6.65662e-05
60757.4,2.64998,7.26184e-05
60897.6,2.65453,7.92376e-05
61038.1,2.65913,8.64785e-05
61178.5,2.6638,9.44011e-05
61319.6,2.66853,0.000103071
61460.9,2.67332,0.000112562
61602.9,2.67817,0.000122953
61744.8,2.6831,0.000134332
61886.9,2.68809,0.000146795
62029.7,2.69315,0.000160449
62172.8,2.69828,0.000175411
62316.2,2.70348,0.00019181
62459.8,2.70876,0.000209788
62603.7,2.71412,0.0002295
62747.9,2.71955,0.000251119
62892.7,2.72506,0.000274834
63037.8,2.73065,0.000300855
63183.2,2.73633,0.000329411
63328.8,2.7421,0.000360758
63474.7,2.74795,0.000395174
63620.9,2.75389,0.000432969
63767.8,2.75992,0.000474484
63914.5,2.76605,0.000520094
64061.9,2.77228,0.000570216
64209.6,2.7786,0.000625307
64357.5,2.78503,0.000685874
64506.1,2.79157,0.000752476
64654.6,2.79821,0.00082573
64803.8,2.80496,0.000906319
64953.2,2.81183,0.000994998
65102.9,2.81882,0.0010926
65252.9,2.82593,0.00120005
65403.5,2.83316,0.00131836
65554,2.84052,0.00144867
65705.2,2.84802,0.00159222
65856.6,2.85564,0.00175039
66008.3,2.86341,0.00192472
66160.8,2.87133,0.0021169
66313.4,2.87939,0.0023288
66465.9,2.8876,0.0025625
66619.1,2.89597,0.0028203
66773.1,2.9045,0.00310476
66926.8,2.9132,0.00341871
67081.2,2.92207,0.00376528
67235.9,2.93111,0.00414794
67390.9,2.94034,0.00457057
67546.1,2.94975,0.00503926
67701.6,2.95935,0.00556404
67857.8,2.96914,0.00614695
68014.3,2.97911,0.00678938
68171,2.98928,0.0074928
68328.4,2.99964,0.00825879
68485.6,3.01019,0.00908902
68643.6,3.02095,0.00998527
68801.8,3.03191,0.0109494
68960.3,3.04309,0.0119836
69119.5,3.05448,0.0130898
69278.9,3.06609,0.0142704
69438.7,3.07793,0.015528
69598.6,3.09,0.016865
69758.8,3.10231,0.0182844
69919.8,3.11488,0.0197891
70081,3.12769,0.0213824
70242.5,3.14077,0.0230677
70404.7,3.15412,0.0248487
70566.7,3.16775,0.0267294
70729.4,3.18167,0.028714
70892.3,3.19588,0.0308071
71056,3.21041,0.0330136
71219.5,3.22526,0.0353389
71383.7,3.24043,0.0377884
71548.7,3.25595,0.0403685
71713.4,3.27183,0.0430857
71878.8,3.28808,0.045947
72044.6,3.30471,0.0489603
72210.5,3.32173,0.0521339
72376.7,3.33918,0.0554767
72543.7,3.35705,0.0589985
72710.9,3.37537,0.0627099
72878.9,3.39416,0.0666224
73046.6,3.41344,0.0707485
73215,3.43322,0.0751019
73383.7,3.45354,0.0796974
73553.2,3.47441,0.0845512
73722.4,3.49585,0.089681
73892.4,3.51791,0.0951061
74062.6,3.5406,0.100848
74233.5,3.56395,0.10693
74404.8,3.58799,0.113377
74576.2,3.61277,0.120218
74747.9,3.63831,0.127484
74920.4,3.66466,0.135209
75093.1,3.69185,0.143431
75266.1,3.71992,0.152192
75439.8,3.74893,0.161539
75613.8,3.77893,0.171524
75788,3.80995,0.182205
75962.4,3.84207,0.193645
76137.7,3.87533,0.205918
76313.2,3.9098,0.219103
76489.4,3.94555,0.233292
76665.4,3.98264,0.248587
76842.1,4.02114,0.265101
77019.6,4.06114,0.282965
77196.8,4.10271,0.302325
77374.8,4.14592,0.323346
77553,4.19088,0.346218
77732.1,4.23765,0.371153
77911.4,4.28632,0.398396
78090.8,4.33697,0.428225
78271.1,4.38968,0.460955
78451.1,4.44451,0.496951
78632.4,4.5015,0.536625
78813.4,4.56069,0.580452
78995.2,4.62207,0.628972
79177.2,4.68558,0.682801
79359.4,4.75112,0.74264
79542.5,4.81847,0.809284
79725.7,4.88735,0.883624
79909.9,4.95728,0.966655
80094.2,5.02763,1.05947
80278.7,5.09749,1.16325
80463.5,5.16567,1.27923
80649.1,5.23058,1.40864
80834.9,5.29017,1.55266
81021.5,5.3419,1.71224
81208.4,5.38264,1.88798
81395.4,5.40872,2.07989
81583.4,5.41602,2.28713
81770.8,5.40019,2.50781
81959.8,5.357,2.73875
82148.3,5.28278,2.97552
82337.7,5.1749,3.21267
82528,5.03201,3.4442
82717.8,4.85398,3.66411
82908.4,4.6413,3.86674
83100,4.3944,4.04638
83291.7,4.11343,4.19599
83483.6,3.79963,4.30566
83675.7,3.4585,4.36231
83868.7,3.10333,4.35266
84061.9,2.75573,4.26932
84255.9,2.44074,4.11632
84450.2,2.1789,3.90949
84644.6,1.98044,3.67106
84839.9,1.84487,3.42266
85035.5,1.76456,3.1808
85231.1,1.72891,2.95575
85427.7,1.72742,2.75262
85625.2,1.75106,2.573
85822.2,1.79274,2.41645
86020,1.8471,2.28151
86218.8,1.91025,2.16637
86417,1.97935,2.06918
86616.1,2.05238,1.98824
86816.1,2.12789,1.92209
87016.3,2.20482,1.86951
87216.7,2.28236,1.82955
87417.9,2.35988,1.80148
87619.4,2.43679,1.78478
87821,2.51253,1.77915
88023.5,2.58647,1.78444
88227,2.65784,1.80062
88429.8,2.72569,1.82773
88633.6,2.78881,1.86582
88838.3,2.84568,1.91483
89043.2,2.89446,1.9744
89248.3,2.933,2.04377
89454.2,2.95895,2.12145
89660.4,2.97007,2.20509
89866.6,2.96459,2.29129
90073.9,2.94178,2.37581
90282,2.90246,2.45389
90489.5,2.84933,2.52108
90698.8,2.78673,2.57419
90907.4,2.71998,2.61199
91117,2.65427,2.63552
91327.5,2.59361,2.64771
91537.4,2.54021,2.65252
91749,2.49437,2.65395
91959.9,2.45484,2.65532
92171.8,2.41941,2.65873
92384.7,2.38555,2.66503
92597.7,2.35096,2.67392
92810.9,2.3139,2.6842
93025,2.27348,2.69421
93239.2,2.22964,2.70218
93454.5,2.18311,2.70662
93669.8,2.13509,2.70655
93886.1,2.08704,2.70164
94102.6,2.04029,2.69215
94319.2,1.99586,2.67882
94536.7,1.95434,2.66258
94754.4,1.9159,2.6444
94973.1,1.88037,2.62507
95191.9,1.84738,2.60518
95411.7,1.81648,2.58503
95631.6,1.78728,2.5647
95851.5,1.75949,2.54415
96072.6,1.73296,2.52324
96294.6,1.70767,2.50183
96515.8,1.68371,2.47986
96738.9,1.66121,2.45731
96961.2,1.64033,2.43427
97185.5,1.62119,2.41091
97408.9,1.60384,2.38744
97633.4,1.5883,2.36409
97858.8,1.5745,2.34109
98084.4,1.56232,2.31865
98311,1.5516,2.29693
98536.7,1.54216,2.27605
98764.5,1.53381,2.25607
98992.3,1.52636,2.23703
99220.1,1.51965,2.2189
99449.1,1.51352,2.20164
99678,1.50787,2.18518
99908.1,1.5026,2.16946
100138,1.49766,2.15439
100369,1.49301,2.1399
100600,1.48864,2.12593
100832,1.48455,2.11241
101065,1.48076,2.09931
101298,1.47729,2.08661
101531,1.47416,2.0743
101765,1.47141,2.06237
102000,1.46905,2.05086
102235,1.46711,2.03979
102471,1.46558,2.0292
102707,1.46447,2.01914
102944,1.46376,2.00965
103181,1.46343,2.0008
103419,1.46345,1.99263
103657,1.46377,1.98518
103896,1.46434,1.97851
104136,1.46509,1.97266
104376,1.46595,1.96766
104617,1.46685,1.96353
104858,1.4677,1.96028
105099,1.46841,1.95794
105342,1.4689,1.95648
105584,1.46907,1.95591
105828,1.46883,1.95619
106072,1.46809,1.95728
106316,1.46676,1.95915
106561,1.46475,1.96173
106807,1.46199,1.96496
107053,1.4584,1.96876
107300,1.45391,1.97304
107547,1.44846,1.9777
107795,1.44201,1.98265
108044,1.43452,1.98777
108293,1.42597,1.99294
108543,1.41634,1.99804
108793,1.40563,2.00296
109044,1.39387,2.00757
109295,1.38109,2.01173
109547,1.36733,2.01535
109799,1.35265,2.01829
110053,1.33714,2.02046
110306,1.32087,2.02176
110561,1.30395,2.0221
110815,1.2865,2.02141
111071,1.26863,2.01962
111327,1.25046,2.0167
111583,1.23212,2.01262
111841,1.21376,2.00736
112099,1.19548,2.00094
112357,1.17744,1.99336
112616,1.15974,1.98468
112876,1.1425,1.97493
113136,1.12583,1.96418
113397,1.10982,1.95251
113658,1.09457,1.93999
113920,1.08013,1.92671
114183,1.06658,1.91278
114446,1.05396,1.89829
114710,1.0423,1.88333
114974,1.03164,1.86802
115239,1.02198,1.85244
115505,1.01332,1.8367
115771,1.00565,1.82089
116038,0.99897,1.80509
116305,0.993239,1.7894
116574,0.988432,1.77388
116842,0.98451,1.75862
117112,0.981431,1.74366
117382,0.979151,1.72908
117652,0.977621,1.71493
117923,0.976789,1.70125
118195,0.976604,1.68809
118468,0.977012,1.67547
118741,0.977958,1.66344
119015,0.97939,1.652
119289,0.981253,1.6412
119564,0.983495,1.63103
119840,0.986063,1.62151
120116,0.988907,1.61266
120393,0.991977,1.60447
120670,0.995223,1.59695
120948,0.9986,1.59009
121227,1.00206,1.58389
121507,1.00556,1.57836
121787,1.00906,1.57347
122067,1.01251,1.56921
122349,1.01588,1.56559
122631,1.01912,1.56257
122914,1.0222,1.56015
123197,1.02509,1.55831
123481,1.02774,1.55703
123766,1.03013,1.55628
124051,1.03222,1.55605
124337,1.03397,1.55632
124623,1.03537,1.55705
124911,1.03639,1.55823
125199,1.03698,1.55981
125487,1.03714,1.56178
125777,1.03684,1.56411
126067,1.03605,1.56675
126357,1.03475,1.56968
126648,1.03293,1.57287
126940,1.03056,1.57626
127233,1.02764,1.57983
127526,1.02416,1.58354
127820,1.02009,1.58735
128115,1.01544,1.59121
128410,1.01021,1.59509
128706,1.00438,1.59894
129003,0.997961,1.60271
129301,0.990962,1.60638
129598,0.983387,1.60988
129897,0.975249,1.61318
130197,0.966561,1.61623
130497,0.957343,1.619
130798,0.947616,1.62145
131099,0.937405,1.62353
131401,0.926738,1.62521
131704,0.915646,1.62645
132008,0.904164,1.62723
132312,0.892329,1.62751
132617,0.880178,1.62727
132923,0.867755,1.62649
133229,0.855101,1.62515
133536,0.842261,1.62323
133844,0.829279,1.62072
134153,0.816202,1.61762
134462,0.803076,1.61393
134772,0.789945,1.60964
135083,0.776854,1.60476
135394,0.763848,1.5993
135706,0.750967,1.59328
136019,0.738252,1.5867
136333,0.72574,1.5796
136647,0.713468,1.57199
136962,0.701467,1.56389
137278,0.689768,1.55534
137594,0.678397,1.54636
137911,0.667379,1.53698
138229,0.656732,1.52724
138548,0.646475,1.51717
138867,0.636622,1.50679
139188,0.627183,1.49615
139508,0.618167,1.48528
139830,0.609579,1.47421
140152,0.601421,1.46296
140475,0.593692,1.45158
140799,0.586391,1.44009
141124,0.579513,1.42852
141449,0.573051,1.4169
141775,0.566997,1.40525
142102,0.561342,1.3936
142430,0.556073,1.38196
142758,0.551178,1.37037
143087,0.546645,1.35883
143417,0.542459,1.34738
143747,0.538606,1.33601
144079,0.53507,1.32475
144411,0.531836,1.31362
144744,0.528889,1.30261
145077,0.526212,1.29174
145412,0.52379,1.28102
145747,0.521608,1.27046
146083,0.519649,1.26006
146420,0.5179,1.24983
146758,0.516346,1.23977
147096,0.514972,1.22988
147435,0.513764,1.22016
147775,0.512709,1.21062
148115,0.511795,1.20126
148457,0.511008,1.19207
148799,0.510338,1.18305
149142,0.509772,1.17421
149486,0.5093,1.16554
149830,0.508912,1.15703
150176,0.508598,1.14869
150522,0.50835,1.14051
150869,0.508159,1.13248
151217,0.508016,1.12461
151565,0.507914,1.11689
151915,0.507847,1.1093
152265,0.507808,1.10186
152616,0.50779,1.09455
152968,0.507789,1.08737
153320,0.507799,1.08032
153674,0.507816,1.07338
154028,0.507835,1.06655
154383,0.507852,1.05984
154739,0.507864,1.05323
155096,0.507868,1.04671
155453,0.507862,1.04029
155812,0.507841,1.03396
156171,0.507806,1.02771
156531,0.507753,1.02154
156892,0.507682,1.01545
157253,0.50759,1.00942
157616,0.507478,1.00346
157979,0.507344,0.997552
158343,0.507187,0.991704
158708,0.507009,0.985907
159074,0.506807,0.980157
159441,0.506584,0.974451
159808,0.506338,0.968783
160177,0.506071,0.963151
160546,0.505783,0.957551
160916,0.505475,0.951979
161287,0.505148,0.946431
161659,0.504804,0.940906
162032,0.504443,0.935398
162405,0.504067,0.929907
162780,0.503677,0.924428
163155,0.503276,0.918959
163531,0.502864,0.913497
163908,0.502445,0.908041
164286,0.502019,0.902588
164665,0.501589,0.897135
165044,0.501157,0.891681
165425,0.500725,0.886224
165806,0.500297,0.880762
166188,0.499873,0.875293
166571,0.499458,0.869816
166955,0.499053,0.86433
167340,0.498662,0.858834
167726,0.498287,0.853325
168112,0.497932,0.847804
168500,0.4976,0.84227
168888,0.497295,0.836721
169278,0.497021,0.831157
169668,0.496784,0.825578
170059,0.496589,0.819983
170451,0.496446,0.814372
170844,0.496375,0.808748
171238,0.496382,0.803149
171633,0.496443,0.797583
172029,0.49655,0.79205
172425,0.496697,0.786548
172822,0.49688,0.781076
173221,0.497098,0.775633
173620,0.497349,0.770218
174020,0.497631,0.76483
174421,0.497942,0.759468
174824,0.498283,0.754133
175227,0.498652,0.748822
175631,0.49905,0.743537
176036,0.499476,0.738275
176441,0.499929,0.733038
176848,0.50041,0.727824
177256,0.500918,0.722635
177664,0.501453,0.717468
178074,0.502016,0.712325
178484,0.502606,0.707205
178896,0.503223,0.702109
179308,0.503868,0.697037
179722,0.50454,0.691988
180136,0.50524,0.686962
180551,0.505967,0.681961
180967,0.506721,0.676984
181385,0.507503,0.672031
181803,0.508313,0.667104
182222,0.50915,0.662201
182642,0.510014,0.657324
183063,0.510906,0.652472
183485,0.511825,0.647647
183908,0.512771,0.642848
184332,0.513743,0.638076
184757,0.514743,0.633332
185182,0.51577,0.628615
185609,0.516822,0.623927
186038,0.517901,0.619267
186466,0.519006,0.614636
186896,0.520136,0.610034
187327,0.521292,0.605463
187759,0.522473,0.600921
188192,0.523678,0.59641
188626,0.524908,0.59193
189060,0.526161,0.587482
189496,0.527438,0.583065
189933,0.528738,0.57868
190371,0.53006,0.574328
190809,0.531405,0.570009
191250,0.532771,0.565723
191690,0.534159,0.56147
192132,0.535566,0.557251
192575,0.536994,0.553066
193019,0.538442,0.548915
193464,0.539909,0.544798
193910,0.541393,0.540716
194357,0.542896,0.53667
194805,0.544417,0.532658
195254,0.545953,0.528681
195704,0.547506,0.52474
196155,0.549075,0.520834
196607,0.550659,0.516964
197061,0.552257,0.513129
197515,0.553868,0.50933
197970,0.555493,0.505567
198427,0.557131,0.50184
198884,0.55878,0.498148
199343,0.560441,0.494493
199802,0.562112,0.490873
200263,0.563794,0.487289
200724,0.565486,0.483741
201187,0.567186,0.480228
201651,0.568895,0.476751
202116,0.570611,0.473309
202582,0.572335,0.469903
203049,0.574066,0.466531
203517,0.575803,0.463195
203986,0.577546,0.459894
204456,0.579294,0.456627
204927,0.581046,0.453395
205400,0.582802,0.450197
205873,0.584562,0.447033
206348,0.586325,0.443903
206824,0.588091,0.440807
207300,0.589858,0.437744
207778,0.591627,0.434714
208257,0.593398,0.431717
208737,0.595169,0.428752
209219,0.59694,0.42582
209701,0.598711,0.42292
210184,0.600481,0.420051
210669,0.602251,0.417214
211154,0.604019,0.414408
211641,0.605785,0.411632
212129,0.607549,0.408887
212618,0.609311,0.406172
213108,0.61107,0.403487
213599,0.612825,0.400831
214092,0.614577,0.398204
214585,0.616325,0.395606
215080,0.618069,0.393036
215576,0.619809,0.390494
216073,0.621544,0.38798
216571,0.623273,0.385493
217070,0.624998,0.383032
217571,0.626717,0.380599
218072,0.62843,0.378191
218575,0.630138,0.375809
219079,0.631839,0.373453
219584,0.633533,0.371122
220090,0.635222,0.368815
220597,0.636903,0.366533
221106,0.638577,0.364274
221615,0.640244,0.362039
222126,0.641904,0.359828
222638,0.643557,0.357639
223152,0.645202,0.355473
223666,0.646839,0.353329
224182,0.648468,0.351206
224698,0.65009,0.349105
225217,0.651703,0.347025
225736,0.653308,0.344966
226256,0.654905,0.342927
226777,0.656494,0.340908
227301,0.658074,0.338909
227824,0.659646,0.336929
228350,0.66121,0.334968
228876,0.662764,0.333026
229404,0.664311,0.331102
229933,0.665848,0.329196
230463,0.667377,0.327307
230994,0.668897,0.325436
231526,0.670409,0.323582
232060,0.671912,0.321745
232595,0.673406,0.319924
233131,0.674892,0.318119
233668,0.676368,0.31633
234207,0.677836,0.314557
234747,0.679296,0.312798
235288,0.680747,0.311055
235831,0.682189,0.309327
236374,0.683622,0.307612
236919,0.685047,0.305912
237465,0.686464,0.304226
238013,0.687872,0.302553
238562,0.689272,0.300893
239111,0.690663,0.299247
239663,0.692047,0.297613
240215,0.693422,0.295992
240769,0.694788,0.294384
241324,0.696147,0.292787
241880,0.697498,0.291202
242438,0.698841,0.289629
242997,0.700176,0.288068
243557,0.701503,0.286517
244118,0.702823,0.284978
244681,0.704135,0.283449
245245,0.70544,0.281931
245810,0.706737,0.280423
246377,0.708027,0.278925
246945,0.70931,0.277438
247514,0.710585,0.27596
248085,0.711854,0.274492
248657,0.713116,0.273033
249230,0.714371,0.271584
249805,0.71562,0.270144
250381,0.716862,0.268712
250957,0.718097,0.26729
251536,0.719327,0.265876
252116,0.72055,0.264471
252697,0.721767,0.263074
253279,0.722978,0.261686
253863,0.724184,0.260305
254448,0.725384,0.258933
255035,0.726578,0.257568
255623,0.727767,0.256212
256213,0.72895,0.254863
256803,0.730129,0.253521
257395,0.731302,0.252187
257989,0.73247,0.25086
258583,0.733634,0.249541
259179,0.734793,0.248229
259777,0.735947,0.246924
260375,0.737097,0.245626
260976,0.738243,0.244334
261577,0.739385,0.24305
262180,0.740523,0.241773
262784,0.741657,0.240502
263391,0.742787,0.239238
263998,0.743913,0.237981
264606,0.745037,0.23673
265216,0.746156,0.235486
265827,0.747273,0.234248
266441,0.748387,0.233017
267055,0.749497,0.231793
267670,0.750605,0.230575
268287,0.751711,0.229363
268906,0.752813,0.228158
269526,0.753914,0.226959
270147,0.755012,0.225767
270770,0.756107,0.224581
271394,0.757201,0.223402
272019,0.758293,0.222229
272647,0.759384,0.221063
273275,0.760472,0.219903
273905,0.761559,0.21875
274537,0.762645,0.217603
275169,0.763729,0.216463
275803,0.764812,0.21533
276439,0.765894,0.214204
277077,0.766975,0.213084
277715,0.768056,0.211972
278355,0.769135,0.210866
278998,0.770214,0.209767
279640,0.771292,0.208676
280286,0.77237,0.207591
280931,0.773447,0.206514
281579,0.774524,0.205445
282228,0.775601,0.204383
282878,0.776678,0.203328
283531,0.777755,0.202282
284185,0.778832,0.201243
284839,0.779908,0.200212
285496,0.780985,0.199189
286154,0.782063,0.198175
286814,0.78314,0.197169
287475,0.784218,0.196171
288138,0.785296,0.195182
288802,0.786374,0.194202
289467,0.787453,0.193232
290135,0.788532,0.19227
290804,0.789612,0.191318
291474,0.790691,0.190375
292147,0.791772,0.189442
292820,0.792852,0.188519
293494,0.793933,0.187606
294171,0.795015,0.186704
294850,0.796096,0.185812
295529,0.797178,0.184931
296210,0.79826,0.184061
296893,0.799342,0.183202
297577,0.800424,0.182355
298264,0.801506,0.181519
298951,0.802587,0.180695
299640,0.803668,0.179884
300331,0.804749,0.179084
301023,0.805829,0.178298
301717,0.806908,0.177524
302413,0.807986,0.176763
303110,0.809063,0.176016
303808,0.810138,0.175282
304509,0.811212,0.174562
305211,0.812283,0.173857
305914,0.813353,0.173165
306620,0.81442,0.172488
307326,0.815484,0.171827
308035,0.816544,0.17118
308745,0.817602,0.170548
309457,0.818655,0.169933
310170,0.819704,0.169333
310885,0.820747,0.168749
311602,0.821786,0.168182
312320,0.822819,0.167631
313040,0.823845,0.167097
313762,0.824864,0.16658
314485,0.825876,0.166081
315210,0.826879,0.165599
315937,0.827874,0.165134
316665,0.828858,0.164688
317395,0.829832,0.16426
318127,0.830794,0.163851
318860,0.831744,0.16346
319595,0.832684,0.163089
320332,0.833608,0.162749
321071,0.834501,0.162434
321810,0.83536,0.162132
322553,0.836189,0.161837
323296,0.836989,0.161544
324041,0.837765,0.161253
324788,0.838517,0.16096
325537,0.839249,0.160665
326288,0.839962,0.160367
327039,0.840658,0.160067
327794,0.841337,0.159764
328549,0.842002,0.159458
329306,0.842652,0.159149
330066,0.84329,0.158837
330827,0.843914,0.158521
331589,0.844527,0.158203
332353,0.845128,0.157881
333119,0.845719,0.157557
333888,0.846299,0.15723
334657,0.846869,0.156899
335429,0.84743,0.156566
336202,0.847981,0.156231
336977,0.848524,0.155892
337753,0.849059,0.155551
338532,0.849585,0.155207
339313,0.850103,0.15486
340094,0.850614,0.154511
340879,0.851117,0.15416
341664,0.851614,0.153806
342453,0.852103,0.153449
343242,0.852586,0.15309
344033,0.853062,0.152729
344826,0.853532,0.152365
345621,0.853996,0.152
346418,0.854455,0.151632
347216,0.854907,0.151261
348017,0.855354,0.150889
348819,0.855796,0.150515
349623,0.856233,0.150138
350430,0.856664,0.14976
351237,0.857091,0.149379
352047,0.857513,0.148997
352858,0.85793,0.148612
353672,0.858343,0.148226
354487,0.858751,0.147838
355304,0.859155,0.147448
356123,0.859555,0.147057
356944,0.859952,0.146663
357766,0.860344,0.146268
358591,0.860732,0.145872
359419,0.861117,0.145474
360247,0.861498,0.145074
361077,0.861875,0.144673
361910,0.86225,0.14427
362743,0.862621,0.143866
363580,0.862988,0.14346
364418,0.863353,0.143053
365258,0.863714,0.142645
366101,0.864073,0.142235
366944,0.864428,0.141824
367790,0.864781,0.141412
368638,0.865131,0.140998
369488,0.865479,0.140584
370340,0.865824,0.140168
371194,0.866166,0.139751
372049,0.866506,0.139333
372906,0.866843,0.138914
373766,0.867178,0.138494
374627,0.867511,0.138073
375491,0.867841,0.137651
376357,0.86817,0.137228
377225,0.868496,0.136804
378095,0.86882,0.136379
378966,0.869143,0.135953
379840,0.869463,0.135527
380715,0.869781,0.1351
381593,0.870098,0.134672
382472,0.870412,0.134243
383355,0.870725,0.133814
384239,0.871037,0.133384
385123,0.871346,0.132953
386011,0.871654,0.132522
386901,0.871961,0.13209
387794,0.872266,0.131657
388688,0.872569,0.131224
389583,0.872871,0.130791
390482,0.873171,0.130357
391382,0.87347,0.129922
392283,0.873768,0.129487
393188,0.874065,0.129052
394095,0.87436,0.128616
395002,0.874654,0.12818
395913,0.874946,0.127744
396825,0.875238,0.127307
397741,0.875528,0.12687
398657,0.875818,0.126433
399576,0.876106,0.125995
400498,0.876393,0.125558
401421,0.876679,0.12512
402346,0.876964,0.124682
403275,0.877248,0.124243
