# source: refractiveindex.info database (CC0), main/SiO2/nk/Popova.yml
# freq_cm1,eps_real,eps_imag
200,4.24987,0.112095
206.173,4.27405,0.125123
212.346,4.2991,0.139274
218.522,4.32502,0.154594
224.694,4.35138,0.171118
230.867,4.37819,0.188876
237.04,4.40587,0.207898
243.214,4.43441,0.228206
249.389,4.46339,0.249795
255.565,4.49281,0.272658
261.739,4.52309,0.296795
267.91,4.55382,0.322161
274.085,4.5854,0.348723
280.261,4.61742,0.376411
286.434,4.65031,0.405168
292.603,4.68452,0.4349
298.784,4.71961,0.465558
304.952,4.75604,0.496902
311.129,4.7947,0.528952
317.299,4.8352,0.561487
323.478,4.87889,0.594341
329.652,4.92628,0.62739
335.818,4.97789,0.66038
341.997,5.03606,0.69322
348.165,5.10183,0.72565
354.346,5.17814,0.757582
360.516,5.26845,0.788977
366.69,5.37824,0.820449
372.87,5.51599,0.854046
379.032,5.69289,0.895477
385.208,5.92438,0.95825
391.389,6.22545,1.06914
397.567,6.60128,1.2729
403.73,7.03085,1.63007
409.903,7.45134,2.20061
416.077,7.75187,3.01008
422.262,7.79954,4.0093
428.431,7.50197,5.05366
434.594,6.89984,5.94507
440.781,6.21813,6.58645
446.947,5.69556,7.22692
453.124,5.03615,8.36996
459.306,3.25302,9.81483
465.463,0.082513,10.0548
471.654,-2.82267,8.04028
477.829,-3.73032,4.93926
483.98,-2.91404,2.59297
490.172,-1.67601,1.48203
496.327,-0.72267,1.09537
502.513,-0.0975013,0.966491
508.699,0.321696,0.909358
514.854,0.620889,0.872335
521.023,0.845787,0.841078
527.204,1.02205,0.810956
533.39,1.16507,0.780433
539.549,1.28431,0.749106
545.732,1.38632,0.717075
551.907,1.47574,0.684577
558.067,1.55529,0.651624
564.239,1.62801,0.618653
570.418,1.69482,0.585633
576.602,1.75771,0.552861
582.785,1.81743,0.520458
588.928,1.87475,0.488594
595.132,1.93048,0.457417
601.287,1.98518,0.427055
607.46,2.03916,0.397613
613.648,2.09273,0.369178
619.809,2.1462,0.341829
625.978,2.2002,0.315711
632.151,2.25448,0.290842
638.325,2.30969,0.267307
644.496,2.36588,0.245184
650.703,2.42342,0.224581
656.858,2.48236,0.205631
663.042,2.54373,0.188583
669.21,2.60727,0.173725
675.356,2.67406,0.161539
681.57,2.74386,0.152649
687.711,2.81744,0.147946
693.914,2.89456,0.148555
700.084,2.976,0.155903
706.265,3.0608,0.171621
712.403,3.14824,0.197527
718.597,3.2368,0.235436
724.743,3.32408,0.286973
730.941,3.40708,0.353288
737.137,3.48189,0.434757
743.273,3.54479,0.530679
749.457,3.59168,0.639121
755.629,3.61776,0.756544
761.789,3.62086,0.878263
767.99,3.59852,0.998224
774.174,3.55119,1.10983
780.336,3.48113,1.20643
786.535,3.39181,1.28183
792.707,3.28959,1.33128
798.85,3.18167,1.35189
805.023,3.07608,1.34304
811.227,2.97978,1.30618
817.394,2.90062,1.24536
823.52,2.84283,1.16582
829.738,2.81059,1.07431
835.911,2.80488,0.977607
842.034,2.82475,0.882271
848.248,2.86811,0.794016
854.409,2.93135,0.717268
860.585,3.01051,0.655008
866.776,3.10084,0.608675
872.905,3.19822,0.578578
879.121,3.2994,0.563963
885.269,3.40193,0.563353
891.424,3.50308,0.5749
897.666,3.60183,0.596503
903.832,3.69819,0.626253
910.001,3.79215,0.662331
916.17,3.8837,0.702993
922.339,3.97442,0.746938
928.505,4.06555,0.79306
934.667,4.15883,0.840377
940.822,4.25645,0.888297
947.059,4.36115,0.936311
953.198,4.47743,0.984776
959.325,4.60913,1.03448
965.531,4.76369,1.08828
971.723,4.94836,1.15149
977.899,5.17154,1.23371
984.058,5.4409,1.35042
990.197,5.76017,1.52425
996.413,6.12511,1.78496
1002.59,6.51773,2.16675
1008.76,6.90218,2.70216
1014.93,7.22156,3.41231
1021.11,7.40507,4.2954
1027.27,7.3755,5.31562
1033.45,7.06855,6.39799
1039.63,6.45701,7.43634
1045.8,5.56943,8.31208
1051.98,4.50042,8.93343
1058.15,3.38388,9.28293
1064.32,2.32382,9.44968
1070.49,1.29708,9.57036
1076.67,0.130246,9.68044
1082.84,-1.33148,9.57727
1089.02,-2.97535,8.92503
1095.19,-4.37973,7.57144
1101.36,-5.10818,5.76663
1107.54,-5.05029,4.00059
1113.71,-4.45164,2.65212
1119.88,-3.66718,1.80904
1126.06,-2.93805,1.35305
1132.23,-2.34945,1.12493
1138.41,-1.89577,1.01197
1144.58,-1.54767,0.95445
1150.75,-1.27811,0.923748
1156.93,-1.06732,0.905294
1163.1,-0.901918,0.891193
1169.28,-0.771267,0.8763
1175.45,-0.66762,0.857588
1181.63,-0.584473,0.833067
1187.79,-0.516362,0.801618
1193.97,-0.458661,0.762881
1200.15,-0.40739,0.717141
1206.32,-0.359213,0.665241
1212.49,-0.311433,0.608511
1218.67,-0.262076,0.548604
1224.84,-0.209851,0.487308
1231.01,-0.154109,0.426455
1237.18,-0.0947611,0.367699
1243.36,-0.0322173,0.312471
1249.53,0.0327881,0.261848
1255.71,0.0993385,0.216524
1261.88,0.166404,0.17686
1268.05,0.233017,0.142857
1274.23,0.29831,0.114277
1280.41,0.361564,0.090685
1286.57,0.422267,0.0715178
1292.74,0.480041,0.0561623
1298.92,0.534715,0.0440038
1305.09,0.586235,0.0344634
1311.27,0.634666,0.0270256
1317.44,0.680129,0.0212452
1323.63,0.722811,0.0167579
1329.79,0.762892,0.013267
1335.97,0.800597,0.0105405
1342.14,0.836106,0.00840004
1348.31,0.869637,0.00670951
1354.48,0.901352,0.00536658
1360.66,0.931413,0.00429431
1366.83,0.959946,0.00343468
1373,0.98708,0.0027437
1379.18,1.01284,0.00218731
1385.35,1.03755,0.00173965
1391.54,1.06111,0.00137957
1397.7,1.08368,0.00109055
1403.88,1.10523,0.00085908
1410.06,1.12593,0.00067435
1416.23,1.14597,0.000527393
1422.39,1.1651,0.000410906
1428.57,1.18331,0.000318878
