# source: refractiveindex.info database (CC0), main/Au/nk/Olmon-ev.yml
# freq_cm1,eps_real,eps_imag
401.123,-17075.3,11767.2
416.667,-16254.8,10958.4
431.965,-15470.7,10212.9
447.427,-14748.9,9529.96
462.963,-14086.5,8905.68
478.24,-13457,8327.22
493.827,-12882.2,7801.2
509.165,-12337.9,7313.46
524.659,-11822.9,6862.06
539.957,-11336.1,6445.15
555.556,-10898.8,6064.41
570.776,-10466.3,5706.85
586.166,-10060.1,5374.77
601.685,-9678.75,5068.91
617.284,-9316.36,4782.52
632.511,-8973.3,4519.08
648.088,-8648.38,4271.28
663.57,-8340.1,4042.2
678.887,-8046.92,3826.84
694.444,-7767.95,3626.45
709.723,-7502.75,3440.34
725.163,-7249.91,3264.02
740.741,-7010.03,3100.89
755.858,-6779.67,2947.98
771.605,-6562.25,2803.91
786.782,-6352.12,2668.94
802.568,-6152.63,2541.75
817.661,-5961.87,2421.73
833.333,-5779.29,2310.16
848.896,-5604.97,2205.15
864.304,-5438.94,2104.96
879.507,-5277.46,2011.83
895.255,-5125.34,1923.38
909.918,-4977.72,1840.08
925.926,-4836.17,1760.6
940.734,-4701.68,1686.44
956.938,-4571.54,1615.55
971.817,-4445.42,1549.18
987.167,-4326.12,1486.3
1002.91,-4209.5,1426.11
1018.33,-4099.41,1369.18
1033.81,-3991.81,1314.77
1049.21,-3888.99,1264.46
1064.62,-3789.99,1215.31
1080.03,-3694.42,1169.13
1095.53,-3602.33,1125.08
1110.86,-3513.59,1083.36
1126.38,-3426.99,1043.34
1141.81,-3344.82,1005.45
1157.14,-3264.64,969.276
1172.61,-3187.58,934.821
1188.07,-3113.58,901.92
1203.51,-3041.43,870.48
1218.92,-2971.12,840.351
1234.42,-2903.69,811.757
1249.84,-2839.1,784.435
1265.18,-2776.21,758.204
1280.57,-2714.98,733.141
1296.01,-2655.41,709.007
1311.48,-2598.46,686.118
1326.96,-2543.08,664.101
1342.28,-2489.23,643.035
1357.77,-2436.9,622.796
1373.25,-2387.04,603.387
1388.7,-2337.63,584.737
1404.1,-2289.64,566.853
1419.45,-2244.02,549.734
1434.93,-2198.81,533.227
1450.33,-2155.88,517.446
1465.85,-2113.34,502.154
1481.26,-2072.1,487.54
1496.56,-2032.14,473.404
1512.17,-1993.42,459.916
1527.42,-1955.94,446.88
1542.97,-1918.78,434.276
1558.36,-1883.7,422.202
1573.81,-1848.91,410.537
1589.32,-1814.43,399.191
1604.62,-1781.93,388.424
1619.96,-1749.71,377.957
1635.59,-1718.59,367.873
1650.98,-1688.56,358.162
1666.39,-1658.77,348.73
1681.8,-1630.04,339.657
1697.22,-1601.54,330.852
1712.62,-1574.08,322.39
1728.01,-1547.63,314.185
1743.38,-1521.38,306.23
1759.01,-1496.12,298.599
1774.31,-1471.06,291.208
1789.87,-1446.96,284.051
1805.38,-1423.05,277.049
1820.5,-1400.08,270.347
1836.21,-1378.02,263.939
1851.51,-1355.4,257.529
1867.06,-1334.41,251.473
1882.53,-1313.58,245.627
1897.89,-1292.9,239.843
1913.14,-1272.38,234.263
1928.64,-1253.43,228.942
1944.01,-1233.92,223.682
1959.63,-1215.25,218.61
1975.11,-1196.7,213.728
1990.45,-1178.99,208.957
2005.62,-1161.41,204.302
2021.43,-1144.63,199.821
2036.66,-1127.96,195.451
2052.12,-1111.4,191.257
2067.4,-1094.97,187.105
2082.9,-1079.31,183.049
2098.2,-1064.42,179.219
2113.72,-1048.97,175.435
2129.02,-1034.27,171.741
2144.54,-1019.68,168.146
2160.29,-1005.81,164.7
2175.33,-992.042,161.35
2191.06,-978.364,158.03
2206.53,-964.775,154.803
2221.73,-951.895,151.717
2237.14,-939.101,148.659
2252.76,-926.388,145.689
2268.09,-914.363,142.854
2283.63,-902.416,140.044
2298.85,-890.542,137.319
2314.28,-878.747,134.617
2329.92,-867.616,132.044
2345.22,-855.965,129.507
2360.72,-844.974,127.036
2375.86,-834.63,124.687
2391.77,-823.773,122.315
2406.74,-813.558,120.006
2422.48,-803.403,117.772
2437.84,-793.307,115.615
2453.39,-783.836,113.515
2468.53,-773.86,111.448
2483.85,-764.502,109.439
2499.38,-755.2,107.445
2515.09,-745.951,105.523
2530.36,-737.303,103.654
2545.82,-728.705,101.8
2561.48,-719.616,99.977
2576.66,-711.115,98.2595
2592.02,-703.195,96.5917
2607.56,-694.791,94.9006
2623.29,-686.962,93.2585
2638.52,-678.652,91.6461
2653.93,-670.911,90.0812
2669.51,-663.211,88.5799
2684.56,-656.069,87.124
2699.78,-648.455,85.6451
2715.18,-641.392,84.2108
2730.75,-633.86,82.8049
2746.5,-626.874,81.4421
2761.67,-619.926,80.0895
2777.01,-613.014,78.7966
2792.52,-606.634,77.5446
2808.2,-599.797,76.2703
2823.26,-593.483,75.0852
2839.3,-587.205,73.8598
2854.7,-580.475,72.6614
2869.44,-574.26,71.5498
2885.17,-568.559,70.4277
2901.07,-562.409,69.3317
2916.3,-556.292,68.2434
2931.69,-550.678,67.1916
2947.24,-545.093,66.1469
2962.09,-539.068,65.128
2977.96,-533.539,64.1441
2993.12,-528.038,63.1669
3008.42,-523.024,62.2236
3023.89,-517.575,61.3051
3039.51,-512.157,60.3475
3055.3,-507.216,59.4682
3070.31,-502.299,58.5945
3085.47,-496.957,57.7454
3101.74,-492.09,56.8832
3116.24,-487.244,56.071
3131.85,-482.422,55.264
3147.62,-477.625,54.4623
3162.56,-473.286,53.6906
3178.64,-468.534,52.8992
3193.87,-463.803,52.1563
3209.24,-459.528,51.3992
3224.77,-455.27,50.6896
3240.44,-450.607,49.961
3255.21,-446.391,49.2605
3271.18,-442.194,48.5644
3286.23,-438.015,47.9146
3301.42,-433.858,47.227
3316.75,-430.134,46.6079
3332.22,-426.012,45.9701
3347.84,-421.91,45.3363
3363.61,-418.238,44.7283
3379.52,-414.174,44.1023
3394.43,-410.533,43.5423
3409.48,-406.91,42.9452
3425.83,-403.301,42.3919
3441.16,-399.708,41.8418
3456.62,-396.132,41.295
3471.02,-392.571,40.7514
3486.75,-389.026,40.211
3502.63,-385.498,39.6739
3517.41,-381.985,39.14
3533.57,-378.876,38.6643
3548.62,-375.393,38.1598
3563.79,-372.311,37.6817
3579.1,-368.858,37.1908
3594.54,-365.803,36.7259
3610.11,-362.379,36.2483
3625.82,-359.351,35.7963
3641.66,-356.335,35.3506
3656.31,-353.332,34.9111
3672.42,-350.341,34.4779
3687.32,-347.363,34.047
3702.33,-344.398,33.6261
3718.85,-341.444,33.2112
3734.13,-338.872,32.8201
3749.53,-335.942,32.4134
3765.06,-333.025,32.0127
3780.72,-330.484,31.6389
3795.07,-327.591,31.2498
3810.98,-325.071,30.8799
3827.02,-322.201,30.5023
3841.72,-319.701,30.1472
3856.54,-317.211,29.7939
3872.97,-314.375,29.4295
3888.02,-311.906,29.0871
3903.2,-309.446,28.7466
3918.5,-306.996,28.4113
3933.91,-304.555,28.0813
3949.45,-302.124,27.7565
3965.11,-299.702,27.4369
3980.89,-297.29,27.1189
3996.8,-295.232,26.8217
4011.23,-292.838,26.5104
4027.39,-290.454,26.2042
4042.04,-288.419,25.9182
4058.44,-286.052,25.6185
4073.32,-283.695,25.3271
4088.31,-281.684,25.0488
4103.41,-279.345,24.7637
4120.31,-277.349,24.4949
4135.65,-275.36,24.2273
4151.1,-273.047,23.9499
4180.6,-269.107,23.4346
4196.39,-267.148,23.1821
4212.3,-265.195,22.9308
4228.33,-263.25,22.684
4242.68,-260.988,22.4278
4258.94,-259.058,22.1867
4273.5,-257.456,21.9604
4304.78,-253.629,21.4935
4319.65,-251.726,21.2633
4334.63,-249.83,21.0374
4351.61,-247.942,20.8127
4382.12,-244.498,20.3826
4397.54,-242.63,20.1672
4413.06,-241.079,19.9627
4428.7,-239.223,19.7525
4458.31,-235.841,19.3478
4474.27,-234.312,19.1561
4490.35,-232.482,18.9529
4504.5,-230.964,18.7631
4535.15,-227.639,18.3827
4551.66,-226.137,18.2015
4566.21,-224.639,18.021
4597.7,-221.361,17.6566
4612.55,-219.879,17.4815
4644.68,-216.93,17.1397
4659.83,-215.462,16.9699
4675.08,-214,16.8038
4705.88,-211.091,16.4767
4721.44,-209.643,16.3157
4752.85,-206.763,15.9988
4766.44,-205.617,15.8539
4798.46,-202.765,15.5467
4814.64,-201.346,15.3956
4844.96,-198.805,15.109
4859.09,-197.4,14.9627
4889.98,-194.885,14.6853
4906.77,-193.772,14.5541
4938.27,-191.279,14.2829
4952.95,-189.901,14.1458
4982.56,-187.433,13.8863
5000,-186.069,13.7346
5025.13,-184.439,13.5601
5050.51,-182.546,13.3632
5076.14,-180.932,13.18
5102.04,-179.057,12.991
5128.21,-177.192,12.8005
5154.64,-175.336,12.614
5181.35,-173.754,12.4382
5208.33,-171.916,12.2567
5235.6,-170.088,12.0765
5263.16,-168.53,11.9066
5291.01,-166.72,11.7314
5319.15,-164.92,11.5573
5347.59,-163.13,11.3844
5376.34,-161.604,11.2241
5405.41,-159.832,11.0536
5434.78,-158.069,10.8892
5464.48,-156.567,10.7321
5494.51,-154.822,10.57
5524.86,-153.088,10.4091
5555.56,-151.363,10.2493
5586.59,-149.893,10.1014
5617.98,-148.186,9.94375
5649.72,-146.489,9.78972
5681.82,-144.801,9.63922
5714.29,-143.363,9.49535
5747.13,-141.694,9.34697
5780.35,-140.035,9.19968
5813.95,-138.385,9.05584
5847.95,-136.979,8.91834
5882.35,-135.347,8.77656
5917.16,-133.726,8.63585
5952.38,-132.113,8.4985
5988.02,-130.74,8.36722
6024.1,-129.146,8.23188
6060.61,-127.562,8.09758
6097.56,-125.987,7.96432
6134.97,-124.422,7.83432
6172.84,-123.089,7.71228
6211.18,-121.543,7.58202
6250,-120.006,7.45718
6289.31,-118.479,7.33115
6329.11,-116.961,7.20828
6369.43,-115.669,7.09084
6410.26,-114.17,6.96988
6451.61,-112.68,6.85202
6493.51,-111.201,6.73301
6535.95,-109.731,6.61707
6578.95,-108.271,6.50209
6622.52,-107.027,6.39423
6666.67,-105.585,6.28108
6711.41,-104.153,6.16888
6756.76,-102.73,6.05966
6802.72,-101.318,5.95137
6849.32,-99.9146,5.844
6896.55,-98.6009,5.73987
6944.44,-97.2366,5.63686
6993.01,-95.8819,5.53278
7407.41,-84.8327,4.70098
7462.69,-83.5675,4.60908
7518.8,-82.2936,4.51935
7575.76,-81.0295,4.43046
7633.59,-79.7752,4.34241
7692.31,-78.5306,4.2552
7751.94,-77.2958,4.17059
7812.5,-76.0708,4.08679
7874.02,-74.8555,4.0038
7936.51,-73.5815,3.91465
8000,-72.3014,3.8277
8064.52,-71.0494,3.74044
8130.08,-69.8083,3.65579
8196.72,-68.5616,3.57329
8264.46,-67.3261,3.49004
8333.33,-66.118,3.40977
8403.36,-64.9048,3.32998
8474.58,-63.7028,3.25108
8547.01,-62.512,3.17467
8620.69,-61.3324,3.09913
8695.65,-60.1641,3.02446
8771.93,-58.9916,2.95181
8849.56,-57.8458,2.88039
8928.57,-56.6962,2.80944
9009.01,-55.5582,2.73933
9090.91,-54.4316,2.67156
9174.31,-53.3166,2.60461
9259.26,-52.2131,2.53992
9345.79,-51.1211,2.47602
9433.96,-50.0266,2.41258
9523.81,-48.9578,2.35166
9615.38,-47.8867,2.29118
9708.74,-46.8275,2.23147
9803.92,-45.78,2.17388
9900.99,-44.7311,2.11672
10000,-43.7075,2.06193
10101,-42.6826,2.00755
10204.1,-41.6699,1.95518
10309.3,-40.6694,1.90477
10416.7,-39.681,1.85375
10526.3,-38.6922,1.80562
10638.3,-37.716,1.75813
10752.7,-36.7522,1.71247
10869.6,-35.8008,1.66742
10989,-34.8501,1.62388
11111.1,-33.9122,1.58207
11236,-32.987,1.54196
11363.6,-32.0633,1.50209
11494.3,-31.1527,1.46498
11627.9,-30.2442,1.42806
11764.7,-29.3599,1.39402
11904.8,-28.478,1.36119
12048.2,-27.599,1.32952
12195.1,-26.7338,1.29921
12345.7,-25.8721,1.27098
12500,-25.0245,1.245
12658.2,-24.191,1.22016
12820.5,-23.3522,1.19787
12987,-22.5376,1.1768
13157.9,-21.7188,1.15804
13333.3,-20.915,1.14192
13513.5,-20.1174,1.12803
13698.6,-19.3263,1.11533
13888.9,-18.5424,1.10629
14084.5,-17.7661,1.09979
14285.7,-17.0062,1.09587
14492.8,-16.2466,1.09536
14705.9,-15.4884,1.09791
14925.4,-14.748,1.10371
15151.5,-14.0104,1.11406
15384.6,-13.2767,1.12765
15625,-12.5551,1.14639
15873,-11.8323,1.16958
16129,-11.1234,1.19839
16393.4,-10.4094,1.23333
16666.7,-9.70523,1.2744
16949.2,-9.00572,1.32336
17241.4,-8.30086,1.38074
17543.9,-7.59887,1.44929
17857.1,-6.89084,1.53125
18181.8,-6.17903,1.63256
18518.5,-5.44981,1.76071
18867.9,-4.70701,1.93106
19230.8,-3.95837,2.16625
19607.8,-3.21445,2.4907
20000,-2.52146,2.92961
20408.2,-1.93628,3.47784
20833.3,-1.52141,4.09438
21276.6,-1.31368,4.68683
21739.1,-1.26126,5.15333
22222.2,-1.27424,5.46112
22727.3,-1.2581,5.64977
23255.8,-1.1984,5.80064
23809.5,-1.14691,5.94833
24390.2,-1.1397,6.05787
25000,-1.14548,6.08204
25641,-1.11299,6.03568
26315.8,-1.00138,5.96135
27027,-0.82848,5.92935
27777.8,-0.650856,5.97505
28571.4,-0.5238,6.08578
29411.8,-0.4942,6.22065
30303,-0.558763,6.32092
31250,-0.698936,6.33897
32258.1,-0.871824,6.24971
33333.3,-1.01733,6.0265
