# source: refractiveindex.info database (CC0), main/BaF2/nk/Querry.yml
# freq_cm1,eps_real,eps_imag
60,7.26842,0
80,7.7841,0
100,8.6201,0
120,10.0679,0
140,12.924,0
160,20.6752,0
180,65.7849,43.2871
200,-33.083,11.388
220,-10.8282,1.35177
240,-5.40234,0.689384
260,-3.05637,0.452274
280,-1.7674,0.379708
300,-0.936537,0.289784
320,-0.381435,0.298732
340,-0.022227,0.256564
360,0.293695,0.209352
380,0.536636,0.19344
400,0.72576,0.175032
420,0.842128,0.182754
439.999,0.97278,0.114608
460.001,1.0445,0.09207
480.001,1.17427,0.060704
500,1.27622,0.05876
519.999,1.3452,0.0464
540.001,1.41328,0.049938
560.001,1.45415,0.041004
579.999,1.50545,0.022086
599.999,1.55746,0.017472
620.001,1.59262,0.01262
640,1.62562,0.00255
660.001,1.66152,0
679.999,1.6926,0
700.001,1.71872,0
719.999,1.74504,0
740.001,1.77422,0
760,1.80365,0
780.001,1.8252,0
800,1.8496,0
820.001,1.86869,0
839.997,1.89062,0
860.001,1.90992,0
880.003,1.92932,0
900.001,1.94603,0
919.997,1.9628,0
940,1.97684,0
959.997,1.99092,0
979.998,2.00506,0
1000,2.01356,0
1020,2.02493,0
1040,2.03348,0
1060,2.03918,0
1080,2.04776,0
1100,2.05349,0
1120,2.05636,0
1140,2.0621,0
1160,2.06784,0
1180,2.0736,0
1200,2.07648,0
1220,2.07936,0
1240,2.08514,0
1260,2.08514,0
1280,2.08803,0
1300,2.09092,0
1319.99,2.09381,0
1340,2.0967,0
1360.01,2.0967,0
1380,2.0996,0
1399.99,2.0996,0
1419.99,2.1025,0
1440.01,2.1025,0
1460,2.1054,0
1479.99,2.1083,0
1499.99,2.1083,0
1520.01,2.11121,0
1540,2.11412,0
1559.99,2.11412,0
1580,2.11703,0
1600,2.11994,0
1620.01,2.11994,0
1639.99,2.12285,0
1660,2.12285,0
1679.99,2.12576,0
1699.99,2.12576,0
1719.99,2.12868,0
1740.01,2.1316,0
1760.01,2.1316,0
1779.99,2.1316,0
1799.99,2.13452,0
1820,2.13452,0
1839.99,2.13744,0
1860.02,2.13744,0
1880.02,2.14037,0
1899.98,2.14037,0
1920.01,2.1433,0
1940.01,2.1433,0
1960.02,2.1433,0
1980,2.14623,0
2000,2.14623,0
2020,2.14623,0
2039.98,2.14916,0
2059.99,2.14916,0
2080,2.14916,0
2100,2.14916,0
2119.99,2.14916,0
2140,2.14916,0
2160.01,2.15209,0
2179.98,2.15209,0
2199.98,2.15209,0
2220,2.15209,0
2239.99,2.15209,0
2259.99,2.15209,0
2279.98,2.15209,0
2300.01,2.15209,0
2320.02,2.15209,0
2340,2.15209,0
2359.99,2.15502,0
2379.99,2.15502,0
2399.98,2.15502,0
2420.02,2.15502,0
2439.98,2.15502,0
2460.02,2.15502,0
2479.97,2.15502,0
2500,2.15502,0
2519.97,2.15502,0
2540.01,2.15502,0
2559.97,2.15502,0
2579.98,2.15502,0
2599.97,2.15502,0
2620,2.15502,0
2639.99,2.15502,0
2660,2.15502,0
2680.03,2.15502,0
2700,2.15796,0
2719.98,2.15796,0
2740.03,2.15796,0
2759.99,2.15796,0
2780.02,2.15796,0
2800.02,2.1609,0
2820,2.1609,0
2840.02,2.1609,0
2860,2.1609,0
2880.02,2.1609,0
2899.98,2.1609,0
2919.96,2.16384,0
2939.97,2.16384,0
2959.98,2.16384,0
2980,2.16384,0
3000.03,2.16384,0
3019.96,2.16384,0
3039.98,2.16678,0
3059.98,2.16678,0
3079.96,2.16678,0
3100.01,2.16678,0
3120.03,2.16678,0
3140.01,2.16384,0
3159.96,2.16384,0
3179.95,2.16384,0
3200,2.16384,0
3219.99,2.16384,0
3240.02,2.16384,0
3259.98,2.16678,0
3279.98,2.16678,0
3300,2.16678,0
3320.05,2.16678,0
3340.01,2.16678,0
3359.99,2.16678,0
3379.98,2.16678,0
3399.97,2.16678,0
3419.97,2.16678,0
3439.97,2.16678,0
3459.97,2.16678,0
3479.96,2.16678,0
3500.05,2.16678,0
3520.01,2.16678,0
3539.95,2.16678,0
3559.99,2.16678,0
3579.99,2.16973,0
3599.97,2.16973,0
3620.04,2.16973,0
3639.94,2.16973,0
3660.05,2.16973,0
3679.99,2.16973,0
3700,2.17268,0
3719.96,2.17268,0
3740,2.17268,0
3759.96,2.17268,0
3780,2.17268,0
3799.97,2.17268,0
3820,2.17268,0
3839.95,2.17563,0
3859.96,2.17563,0
3880.03,2.17563,0
3900,2.17563,0
3920.03,2.17563,0
3939.96,2.17563,0
3959.93,2.17563,0
3979.94,2.17563,0
4000,2.17563,0
4032.26,2.17268,0
4065.04,2.17268,0
4098.36,2.17268,0
4132.23,2.17268,0
4166.67,2.17268,0
4201.68,2.16973,0
4237.29,2.16973,0
4273.5,2.16973,0
4310.34,2.17268,0
4347.83,2.17268,0
4385.96,2.17268,0
4424.78,2.17268,0
4464.29,2.17563,0
4504.5,2.17563,0
4545.45,2.17858,0
4587.16,2.17858,0
4629.63,2.17858,0
4672.9,2.18153,0
4716.98,2.18448,0
4761.9,2.18448,0
4807.69,2.18744,0
4854.37,2.18744,0
4901.96,2.18744,0
4950.5,2.18744,0
5000,2.18744,0
5050.51,2.18744,0
5102.04,2.18744,0
5154.64,2.18744,0
5208.33,2.18744,0
5263.16,2.18744,0
5319.15,2.18744,0
5376.34,2.18744,0
5434.78,2.18744,0
5494.51,2.18744,0
5555.56,2.18744,0
5617.98,2.18744,0
5681.82,2.18448,0
5747.13,2.18448,0
5813.95,2.18448,0
5882.35,2.18448,0
5952.38,2.18448,0
6024.1,2.18448,0
6097.56,2.18448,0
6172.84,2.18448,0
6250,2.18448,0
6329.11,2.18448,0
6410.26,2.18744,0
6493.51,2.18744,0
6578.95,2.18744,0
6666.67,2.18744,0
6756.76,2.18744,0
6849.32,2.18744,0
6944.44,2.18744,0
7042.25,2.18744,0
7142.86,2.18744,0
7246.38,2.18744,0
7352.94,2.18744,0
7462.69,2.18744,0
7575.76,2.18744,0
7692.31,2.18744,0
7812.5,2.18744,0
7936.51,2.18448,0
8064.52,2.18448,0
8196.72,2.18744,0
8333.33,2.18744,0
8474.58,2.18744,0
8620.69,2.18744,0
8771.93,2.18744,0
8928.57,2.18744,0
9090.91,2.18744,0
9259.26,2.18744,0
9433.96,2.18744,0
9615.38,2.18744,0
9803.92,2.18744,0
10000,2.18744,0
10204.1,2.18744,0
10416.7,2.18744,0
10638.3,2.18744,0
10869.6,2.18744,0
11111.1,2.18744,0
11363.6,2.18744,0
11627.9,2.18744,0
11904.8,2.18744,0
12195.1,2.18744,0
12500,2.18744,0
12820.5,2.18744,0
13157.9,2.18744,0
13513.5,2.18744,0
13888.9,2.18744,0
14285.7,2.18744,0
14705.9,2.18744,0
15151.5,2.18744,0
15625,2.18744,0
16129,2.18744,0
16666.7,2.18744,0
17241.4,2.19336,0
17857.1,2.19632,0
18518.5,2.19929,0
19230.8,2.20226,0
20000,2.20523,0
20833.3,2.2082,0
21739.1,2.21117,0
22727.3,2.21712,0
23809.5,2.22308,0
25000,2.22905,0
26315.8,2.23503,0
27777.8,2.247,0
29411.8,2.25901,0
31250,2.26804,0
33333.3,2.2801,0
35714.3,2.29826,0
38461.5,2.32868,0
41666.7,2.3716,0
45454.5,2.35009,0
