# source: refractiveindex.info database (CC0), main/CaF2/nk/Li.yml
# freq_cm1,eps_real,eps_imag
833.333,1.51285,0
839.452,1.5216,0
845.616,1.53018,0
851.824,1.53859,0
858.079,1.54685,0
864.379,1.55496,0
870.726,1.56291,0
877.119,1.57072,0
883.559,1.57838,0
890.047,1.5859,0
896.582,1.59329,0
903.165,1.60054,0
909.796,1.60765,0
916.476,1.61464,0
923.205,1.6215,0
929.984,1.62824,0
936.812,1.63486,0
943.691,1.64136,0
950.62,1.64775,0
957.599,1.65402,0
964.631,1.66018,0
971.713,1.66624,0
978.848,1.67218,0
986.035,1.67803,0
993.275,1.68377,0
1000.57,1.68941,0
1007.91,1.69495,0
1015.31,1.7004,0
1022.77,1.70576,0
1030.28,1.71102,0
1037.84,1.71619,0
1045.46,1.72128,0
1053.14,1.72627,0
1060.87,1.73119,0
1068.66,1.73602,0
1076.51,1.74076,0
1084.41,1.74543,0
1092.38,1.75002,0
1100.4,1.75453,0
1108.48,1.75897,0
1116.61,1.76333,0
1124.81,1.76762,0
1133.07,1.77184,0
1141.39,1.77599,0
1149.77,1.78007,0
1158.21,1.78408,0
1166.72,1.78803,0
1175.28,1.79191,0
1183.91,1.79573,0
1192.61,1.79948,0
1201.36,1.80318,0
1210.18,1.80681,0
1219.07,1.81038,0
1228.02,1.8139,0
1237.04,1.81736,0
1246.12,1.82076,0
1255.27,1.82411,0
1264.49,1.8274,0
1273.77,1.83064,0
1283.12,1.83383,0
1292.54,1.83697,0
1302.03,1.84005,0
1311.59,1.84309,0
1321.23,1.84608,0
1330.93,1.84902,0
1340.7,1.85192,0
1350.54,1.85476,0
1360.46,1.85757,0
1370.45,1.86032,0
1380.51,1.86304,0
1390.65,1.86571,0
1400.86,1.86834,0
1411.14,1.87093,0
1421.5,1.87347,0
1431.94,1.87598,0
1442.45,1.87845,0
1453.05,1.88088,0
1463.71,1.88327,0
1474.46,1.88562,0
1485.29,1.88794,0
1496.19,1.89022,0
1507.18,1.89246,0
1518.25,1.89467,0
1529.39,1.89684,0
1540.62,1.89899,0
1551.93,1.90109,0
1563.33,1.90317,0
1574.81,1.90521,0
1586.37,1.90722,0
1598.02,1.9092,0
1609.75,1.91115,0
1621.57,1.91307,0
1633.48,1.91496,0
1645.47,1.91682,0
1657.55,1.91865,0
1669.72,1.92046,0
1681.98,1.92223,0
1694.33,1.92398,0
1706.77,1.92571,0
1719.3,1.9274,0
1731.93,1.92907,0
1744.64,1.93072,0
1757.45,1.93233,0
1770.36,1.93393,0
1783.36,1.9355,0
1796.45,1.93704,0
1809.64,1.93857,0
1822.93,1.94007,0
1836.31,1.94154,0
1849.8,1.943,0
1863.38,1.94443,0
1877.06,1.94584,0
1890.84,1.94723,0
1904.73,1.9486,0
1918.71,1.94994,0
1932.8,1.95127,0
1946.99,1.95258,0
1961.29,1.95387,0
1975.69,1.95513,0
1990.19,1.95638,0
2004.81,1.95761,0
2019.53,1.95882,0
2034.35,1.96002,0
2049.29,1.96119,0
2064.34,1.96235,0
2079.49,1.96349,0
2094.76,1.96461,0
2110.14,1.96572,0
2125.64,1.96681,0
2141.24,1.96788,0
2156.97,1.96894,0
2172.8,1.96998,0
2188.76,1.97101,0
2204.83,1.97202,0
2221.02,1.97302,0
2237.32,1.974,0
2253.75,1.97496,0
2270.3,1.97592,0
2286.97,1.97685,0
2303.76,1.97778,0
2320.68,1.97869,0
2337.71,1.97959,0
2354.88,1.98047,0
2372.17,1.98134,0
2389.59,1.9822,0
2407.13,1.98304,0
2424.81,1.98388,0
2442.61,1.9847,0
2460.54,1.9855,0
2478.61,1.9863,0
2496.81,1.98708,0
2515.14,1.98786,0
2533.61,1.98862,0
2552.21,1.98937,0
2570.95,1.99011,0
2589.83,1.99084,0
2608.84,1.99156,0
2628,1.99226,0
2647.3,1.99296,0
2666.73,1.99365,0
2686.31,1.99433,0
2706.04,1.99499,0
2725.91,1.99565,0
2745.92,1.9963,0
2766.08,1.99694,0
2786.39,1.99757,0
2806.85,1.99819,0
2827.46,1.9988,0
2848.22,1.9994,0
2869.13,1.99999,0
2890.2,2.00058,0
2911.42,2.00115,0
2932.8,2.00172,0
2954.33,2.00228,0
2976.02,2.00283,0
2997.87,2.00338,0
3019.89,2.00391,0
3042.06,2.00444,0
3064.39,2.00496,0
3086.89,2.00548,0
3109.56,2.00598,0
3132.39,2.00648,0
3155.39,2.00697,0
3178.56,2.00746,0
3201.9,2.00794,0
3225.41,2.00841,0
3249.09,2.00887,0
3272.94,2.00933,0
3296.98,2.00978,0
3321.18,2.01023,0
3345.57,2.01067,0
3370.13,2.0111,0
3394.88,2.01153,0
3419.8,2.01195,0
3444.91,2.01236,0
3470.21,2.01277,0
3495.69,2.01317,0
3521.35,2.01357,0
3547.21,2.01396,0
3573.25,2.01435,0
3599.49,2.01473,0
3625.92,2.01511,0
3652.54,2.01548,0
3679.36,2.01584,0
3706.38,2.0162,0
3733.59,2.01656,0
3761,2.01691,0
3788.62,2.01726,0
3816.44,2.0176,0
3844.46,2.01794,0
3872.69,2.01827,0
3901.12,2.0186,0
3929.76,2.01892,0
3958.62,2.01924,0
3987.68,2.01955,0
4016.96,2.01986,0
4046.46,2.02017,0
4076.17,2.02047,0
4106.1,2.02077,0
4136.24,2.02106,0
4166.61,2.02136,0
4197.21,2.02164,0
4228.03,2.02192,0
4259.07,2.0222,0
4290.34,2.02248,0
4321.84,2.02275,0
4353.57,2.02302,0
4385.54,2.02329,0
4417.74,2.02355,0
4450.18,2.02381,0
4482.85,2.02406,0
4515.77,2.02431,0
4548.92,2.02456,0
4582.32,2.02481,0
4615.97,2.02505,0
4649.86,2.02529,0
4684,2.02553,0
4718.39,2.02576,0
4753.04,2.02599,0
4787.94,2.02622,0
4823.09,2.02645,0
4858.51,2.02667,0
4894.18,2.02689,0
4930.11,2.02711,0
4966.31,2.02732,0
5002.78,2.02754,0
5039.51,2.02775,0
5076.51,2.02795,0
5113.79,2.02816,0
5151.33,2.02836,0
5189.16,2.02856,0
5227.26,2.02876,0
5265.64,2.02896,0
5304.3,2.02915,0
5343.25,2.02935,0
5382.48,2.02954,0
5422,2.02972,0
5461.81,2.02991,0
5501.91,2.03009,0
5542.31,2.03028,0
5583,2.03046,0
5624,2.03064,0
5665.29,2.03081,0
5706.89,2.03099,0
5748.79,2.03116,0
5791,2.03133,0
5833.52,2.0315,0
5876.35,2.03167,0
5919.5,2.03184,0
5962.96,2.032,0
6006.74,2.03217,0
6050.85,2.03233,0
6095.27,2.03249,0
6140.03,2.03265,0
6185.11,2.03281,0
6230.52,2.03297,0
6276.27,2.03312,0
6322.35,2.03328,0
6368.77,2.03343,0
6415.54,2.03358,0
6462.64,2.03374,0
6510.09,2.03389,0
6557.89,2.03404,0
6606.04,2.03418,0
6654.55,2.03433,0
6703.41,2.03448,0
6752.63,2.03462,0
6802.21,2.03477,0
6852.15,2.03491,0
6902.46,2.03505,0
6953.14,2.03519,0
7004.2,2.03533,0
7055.62,2.03547,0
7107.43,2.03561,0
7159.61,2.03575,0
7212.18,2.03589,0
7265.14,2.03603,0
7318.48,2.03616,0
7372.22,2.0363,0
7426.35,2.03644,0
7480.87,2.03657,0
7535.8,2.03671,0
7591.13,2.03684,0
7646.87,2.03697,0
7703.02,2.03711,0
7759.57,2.03724,0
7816.55,2.03737,0
7873.94,2.03751,0
7931.75,2.03764,0
7989.99,2.03777,0
8048.66,2.0379,0
8107.75,2.03803,0
8167.28,2.03816,0
8227.25,2.0383,0
8287.66,2.03843,0
8348.51,2.03856,0
8409.81,2.03869,0
8471.56,2.03882,0
8533.76,2.03895,0
8596.42,2.03908,0
8659.53,2.03921,0
8723.12,2.03934,0
8787.16,2.03948,0
8851.68,2.03961,0
8916.68,2.03974,0
8982.15,2.03987,0
9048.1,2.04,0
9114.53,2.04013,0
9181.45,2.04027,0
9248.87,2.0404,0
9316.78,2.04053,0
9385.18,2.04067,0
9454.09,2.0408,0
9523.51,2.04093,0
9593.43,2.04107,0
9663.87,2.04121,0
9734.83,2.04134,0
9806.31,2.04148,0
9878.31,2.04161,0
9950.84,2.04175,0
10023.9,2.04189,0
10097.5,2.04203,0
10171.6,2.04217,0
10246.3,2.04231,0
10321.6,2.04245,0
10397.3,2.04259,0
10473.7,2.04274,0
10550.6,2.04288,0
10628.1,2.04303,0
10706.1,2.04317,0
10784.7,2.04332,0
10863.9,2.04347,0
10943.6,2.04361,0
11024,2.04376,0
11104.9,2.04391,0
11186.5,2.04407,0
11268.6,2.04422,0
11351.4,2.04437,0
11434.7,2.04453,0
11518.7,2.04469,0
11603.2,2.04484,0
11688.4,2.045,0
11774.2,2.04517,0
11860.7,2.04533,0
11947.8,2.04549,0
12035.5,2.04566,0
12123.9,2.04582,0
12212.9,2.04599,0
12302.6,2.04616,0
12392.9,2.04633,0
12483.9,2.04651,0
12575.6,2.04668,0
12667.9,2.04686,0
12760.9,2.04704,0
12854.6,2.04722,0
12949,2.0474,0
13044.1,2.04758,0
13139.8,2.04777,0
13236.3,2.04796,0
13333.5,2.04815,0
13431.4,2.04834,0
13530,2.04854,0
13629.4,2.04873,0
13729.4,2.04893,0
13830.2,2.04913,0
13931.8,2.04934,0
14034.1,2.04954,0
14137.1,2.04975,0
14240.9,2.04996,0
14345.5,2.05018,0
14450.8,2.05039,0
14556.9,2.05061,0
14663.8,2.05083,0
14771.5,2.05106,0
14879.9,2.05128,0
14989.2,2.05151,0
15099.2,2.05174,0
15210.1,2.05198,0
15321.8,2.05222,0
15434.3,2.05246,0
15547.6,2.0527,0
15661.8,2.05295,0
15776.8,2.0532,0
15892.6,2.05346,0
16009.3,2.05372,0
16126.8,2.05398,0
16245.2,2.05424,0
16364.5,2.05451,0
16484.7,2.05478,0
16605.7,2.05506,0
16727.6,2.05534,0
16850.5,2.05562,0
16974.2,2.05591,0
17098.8,2.0562,0
17224.4,2.05649,0
17350.8,2.05679,0
17478.2,2.05709,0
17606.6,2.0574,0
17735.8,2.05771,0
17866.1,2.05803,0
17997.2,2.05835,0
18129.4,2.05868,0
18262.5,2.05901,0
18396.6,2.05934,0
18531.7,2.05968,0
18667.7,2.06002,0
18804.8,2.06037,0
18942.9,2.06073,0
19081.9,2.06109,0
19222.1,2.06145,0
19363.2,2.06182,0
19505.4,2.0622,0
19648.6,2.06258,0
19792.8,2.06297,0
19938.2,2.06336,0
20084.6,2.06376,0
20232,2.06416,0
20380.6,2.06457,0
20530.2,2.06499,0
20681,2.06541,0
20832.8,2.06584,0
20985.8,2.06628,0
21139.9,2.06672,0
21295.1,2.06717,0
21451.4,2.06762,0
21608.9,2.06809,0
21767.6,2.06856,0
21927.4,2.06903,0
22088.4,2.06952,0
22250.6,2.07001,0
22414,2.07051,0
22578.6,2.07102,0
22744.3,2.07153,0
22911.3,2.07206,0
23079.6,2.07259,0
23249,2.07313,0
23419.7,2.07368,0
23591.7,2.07423,0
23764.9,2.0748,0
23939.4,2.07537,0
24115.2,2.07596,0
24292.2,2.07655,0
24470.6,2.07715,0
24650.3,2.07777,0
24831.3,2.07839,0
25013.6,2.07902,0
25197.2,2.07966,0
25382.2,2.08032,0
25568.6,2.08098,0
25756.3,2.08165,0
25945.5,2.08234,0
26136,2.08303,0
26327.9,2.08374,0
26521.2,2.08446,0
26715.9,2.08519,0
26912.1,2.08593,0
27109.7,2.08669,0
27308.7,2.08746,0
27509.2,2.08824,0
27711.2,2.08903,0
27914.7,2.08984,0
28119.6,2.09066,0
28326.1,2.09149,0
28534.1,2.09234,0
28743.6,2.0932,0
28954.6,2.09408,0
29167.2,2.09497,0
29381.4,2.09588,0
29597.1,2.0968,0
29814.4,2.09773,0
30033.3,2.09869,0
30253.9,2.09966,0
30476,2.10064,0
30699.8,2.10165,0
30925.2,2.10267,0
31152.2,2.10371,0
31381,2.10476,0
31611.4,2.10584,0
31843.5,2.10693,0
32077.3,2.10804,0
32312.8,2.10918,0
32550.1,2.11033,0
32789.1,2.1115,0
33029.8,2.11269,0
33272.3,2.11391,0
33516.6,2.11515,0
33762.7,2.1164,0
34010.6,2.11768,0
34260.3,2.11899,0
34511.9,2.12032,0
34765.3,2.12167,0
35020.5,2.12304,0
35277.7,2.12445,0
35536.7,2.12587,0
35797.6,2.12733,0
36060.5,2.1288,0
36325.2,2.13031,0
36592,2.13185,0
36860.6,2.13341,0
37131.3,2.135,0
37403.9,2.13663,0
37678.5,2.13828,0
37955.2,2.13997,0
38233.9,2.14168,0
38514.6,2.14343,0
38797.4,2.14521,0
39082.3,2.14703,0
39369.2,2.14888,0
39658.3,2.15077,0
39949.5,2.1527,0
40242.8,2.15466,0
40538.3,2.15666,0
40835.9,2.1587,0
41135.7,2.16078,0
41437.8,2.16291,0
41742,2.16507,0
42048.5,2.16728,0
42357.3,2.16953,0
42668.3,2.17183,0
42981.5,2.17417,0
43297.1,2.17657,0
43615,2.17901,0
43935.3,2.1815,0
44257.9,2.18405,0
44582.8,2.18665,0
44910.2,2.1893,0
45239.9,2.19201,0
45572.1,2.19477,0
45906.7,2.1976,0
46243.8,2.20048,0
46583.3,2.20343,0
46925.3,2.20645,0
47269.9,2.20952,0
47617,2.21267,0
47966.6,2.21589,0
48318.8,2.21917,0
48673.5,2.22253,0
49030.9,2.22597,0
49390.9,2.22948,0
49753.6,2.23308,0
50118.9,2.23676,0
50486.9,2.24052,0
50857.6,2.24437,0
51231,2.24831,0
51607.1,2.25235,0
51986.1,2.25648,0
52367.8,2.26071,0
52752.3,2.26504,0
53139.6,2.26948,0
53529.8,2.27402,0
53922.8,2.27868,0
54318.7,2.28346,0
54717.6,2.28835,0
55119.3,2.29337,0
55524,2.29852,0
55931.7,2.3038,0
56342.4,2.30922,0
56756.1,2.31479,0
57172.8,2.32049,0
57592.6,2.32636,0
58015.4,2.33238,0
58441.4,2.33856,0
58870.5,2.34492,0
59302.8,2.35145,0
59738.2,2.35816,0
60176.8,2.36507,0
60618.7,2.37217,0
61063.7,2.37948,0
61512.1,2.38701,0
61963.7,2.39475,0
62418.7,2.40273,0
62877,2.41095,0
63338.7,2.41943,0
63803.7,2.42816,0
64272.2,2.43717,0
64744.1,2.44647,0
65219.5,2.45607,0
65698.4,2.46598,0
66180.7,2.47621,0
66666.7,2.48679,0
