# source: refractiveindex.info database (CC0), main/C/nk/Dore.yml
# freq_cm1,eps_real,eps_imag
20,5.68584,0.00481669
43.6681,5.68155,0.00293297
50,5.67917,0.00273103
64.5161,5.67488,0.00229692
85.4701,5.66535,0.00192958
100,5.65679,0.00176477
107.759,5.65298,0.00168296
125.945,5.64015,0.00153005
141.643,5.62449,0.00142889
149.925,5.61737,0.00138414
161.812,5.60884,0.00132748
190.114,5.59843,0.001222
200,5.59701,0.00119236
233.1,5.59228,0.0010844
250,5.59039,0.00104034
261.097,5.58897,0.00101623
278.552,5.59133,0.000982539
300.3,5.59748,0.00094636
321.543,5.60127,0.000922303
348.432,5.60411,0.000895928
349.65,5.60458,0.000894877
381.679,5.61074,0.000844821
386.1,5.61169,0.000838591
400,5.615,0.000805664
409.836,5.61737,0.000781469
425.532,5.62401,0.000745315
442.478,5.63065,0.000709165
444.444,5.6392,0.000705618
450.45,5.64062,0.0006935
473.934,5.64585,0.000665308
480.769,5.64728,0.000658928
500,5.65108,0.000641844
531.915,5.65631,0.000610414
549.451,5.66059,0.0005948
574.713,5.66678,0.00057989
595.238,5.66964,0.000568607
598.802,5.66964,0.000566702
613.497,5.66916,0.000562297
628.931,5.66535,0.000557681
636.943,5.65774,0.000555118
649.351,5.64918,0.000551418
653.595,5.64633,0.000548665
675.676,5.63873,0.000535377
699.301,5.63445,0.000522214
729.927,5.62876,0.000504868
751.88,5.62638,0.000493376
763.359,5.62496,0.000488191
793.651,5.62449,0.000475458
800,5.62449,0.000472897
826.446,5.62449,0.00046314
840.336,5.62638,0.000458337
847.458,5.63255,0.000456148
862.069,5.63873,0.000451108
884.956,5.6449,0.000443409
900.901,5.64633,0.000438171
925.926,5.64585,0.000429836
952.381,5.64395,0.000421449
970.874,5.64348,0.0004163
990.099,5.64585,0.000411255
1000,5.64775,0.000408758
1011.12,5.65013,0.000406172
1029.87,5.65584,0.000402006
1041.67,5.6625,0.000399568
1049.32,5.66726,0.000398036
1051.52,5.66868,0.00039771
1062.7,5.67488,0.000396046
1079.91,5.68489,0.000393567
1098.9,5.69252,0.00039081
1108.65,5.69634,0.000389032
1137.66,5.70445,0.000383816
1149.43,5.70589,0.000381714
1166.86,5.7078,0.000378252
1187.65,5.7121,0.000374327
1200.48,5.71545,0.000371993
1203.37,5.71592,0.000372152
1215.07,5.72262,0.000372954
1230.01,5.73219,0.000373988
1245.33,5.74321,0.000375076
1250,5.74609,0.000375386
1265.82,5.75568,0.000376472
1298.7,5.76192,0.000378226
1300.39,5.7624,0.000378319
1331.56,5.7696,0.00037796
1351.35,5.77537,0.000377783
1360.54,5.77825,0.000377416
1400.56,5.78402,0.000375661
1412.43,5.78547,0.00037655
1449.28,5.78691,0.000379123
1451.38,5.78691,0.000379373
1474.93,5.79028,0.000382246
1492.54,5.79269,0.000384332
1499.25,5.80135,0.000385376
1517.45,5.8134,0.000395594
1543.21,5.82498,0.000409503
1550.39,5.82691,0.00041326
1572.33,5.83319,0.00044261
1587.3,5.84382,0.000462449
1594.9,5.85495,0.000472616
1600,5.8564,0.00047916
1618.12,5.86221,0.000504384
1650.17,5.86269,0.000547214
1652.89,5.86269,0.000552056
1683.5,5.86415,0.0006054
1700.68,5.86705,0.000634616
1703.58,5.86754,0.000642346
1718.21,5.86851,0.000680868
1742.16,5.86705,0.000742356
1751.31,5.86512,0.000765289
1754.39,5.86415,0.000778835
1763.67,5.85979,0.000819407
1776.2,5.85543,0.000873548
1801.8,5.8535,0.000982276
1808.32,5.85301,0.00103643
1831.5,5.85059,0.00122585
1845.02,5.84527,0.0013336
1851.85,5.84382,0.00138759
1872.66,5.83899,0.00154857
1886.79,5.83464,0.00165563
1893.94,5.82643,0.00170829
1901.14,5.82257,0.00176149
1915.71,5.81437,0.00196945
1949.32,5.80858,0.00243902
1972.39,5.80617,0.00265056
1988.07,5.80424,0.00265012
2016.13,5.8028,0.00268833
2020.2,5.8028,0.00265461
2028.4,5.80184,0.00258694
2044.99,5.80039,0.00236312
2049.18,5.80039,0.00230725
2070.39,5.80135,0.00202322
2074.69,5.80135,0.00200034
2087.68,5.80328,0.00193202
2100.84,5.80569,0.00190832
2118.64,5.81196,0.0019431
2123.14,5.8134,0.00206149
2127.66,5.81485,0.00217991
2155.17,5.82305,0.00258684
2173.91,5.83464,0.00239135
2192.98,5.85253,0.0022305
2202.64,5.85834,0.00214932
2212.39,5.86366,0.00205924
2227.17,5.87287,0.00192418
2232.14,5.87578,0.00187521
2252.25,5.8879,0.00167914
2267.57,5.89664,0.0014968
2277.9,5.90247,0.0013751
2298.85,5.91365,0.00108945
2304.15,5.91657,0.00101674
2314.81,5.92436,0.000871372
2325.58,5.93166,0.000789102
2336.45,5.93946,0.000755501
2341.92,5.94336,0.000762234
2352.94,5.9497,0.000775666
2369.67,5.95946,0.000844655
2392.34,5.97362,0.000943423
2398.08,5.97411,0.000967903
2421.31,5.97509,0.00102665
2427.18,5.97558,0.00103016
2463.05,5.97851,0.00105139
2475.25,5.98977,0.00104749
2493.77,5.9976,0.00104082
2500,5.99809,0.00103842
2518.89,6.00054,0.00101903
2531.65,6.00936,0.00100669
2538.07,6.01181,0.00100038
2570.69,6.02506,0.00092293
2583.98,6.0285,0.000869176
2590.67,6.02997,0.00083736
2597.4,6.04029,0.000806126
2617.8,6.04422,0.000732633
2631.58,6.04668,0.000654094
2645.5,6.04963,0.00055587
2652.52,6.05062,0.000488024
2659.57,6.05209,0.000469633
2666.67,6.05357,0.000451237
2680.97,6.05652,0.000439535
2710.03,6.06194,0.000437761
2747.25,6.0644,0.000442283
2754.82,6.06489,0.000443779
2785.52,6.07622,0.000450109
2808.99,6.08264,0.000454786
2840.91,6.08954,0.000462447
2857.14,6.09349,0.0004663
2873.56,6.09596,0.000470098
2906.98,6.09547,0.000480236
2932.55,6.09349,0.000487776
2949.85,6.08856,0.000492089
2967.36,6.08165,0.000496327
2976.19,6.07524,0.000498333
2994.01,6.06883,0.000502554
3021.15,6.06391,0.000504468
3048.78,6.06144,0.000506483
3058.1,6.06194,0.000507193
3076.92,6.06292,0.000509696
3095.98,6.06785,0.000512366
3115.26,6.07327,0.000512595
3134.8,6.07475,0.000512658
3144.65,6.07573,0.000512699
3164.56,6.07721,0.000512762
3184.71,6.07869,0.000506266
3194.89,6.07918,0.000502982
3215.43,6.08017,0.000495774
3225.81,6.08066,0.000492194
3246.75,6.08116,0.000486098
3278.69,6.08116,0.000476924
3311.26,6.07869,0.000458484
3333.33,6.07721,0.000446201
3344.48,6.07622,0.000440742
3367,6.07376,0.000429809
3378.38,6.06735,0.000424163
3401.36,6.05947,0.000416503
3412.97,6.0516,0.000412542
3424.66,6.0457,0.000408653
3436.43,6.0398,0.000404359
3460.21,6.02801,0.000395778
3472.22,6.02212,0.000393784
3496.5,6.0074,0.000389709
3533.57,5.99417,0.000387811
3558.72,5.98781,0.000386626
3584.23,5.98096,0.000384448
3610.11,5.97167,0.000382195
3623.19,5.96678,0.000379268
3649.64,5.95506,0.000373366
3663,5.94921,0.000366841
3690.04,5.93604,0.000353765
3703.7,5.92971,0.000335557
3731.34,5.919,0.000306545
3759.4,5.90782,0.000280977
3773.58,5.90198,0.000261889
3787.88,5.89616,0.000241849
3816.79,5.88402,0.000222679
3831.42,5.87917,0.000203675
3861,5.86996,0.000189948
3875.97,5.86512,0.000183088
3891.05,5.85834,0.000176205
3906.25,5.85204,0.000171514
3921.57,5.84431,0.000166807
3937.01,5.83657,0.000163798
3952.57,5.83174,0.000160832
3968.25,5.82643,0.000153035
4000,5.8163,0.000149525
