# source: refractiveindex.info database (CC0), main/GaAs/nk/Skauli.yml
# freq_cm1,eps_real,eps_imag
588.235,10.3405,0
591.054,10.3469,0
593.887,10.3532,0
596.733,10.3594,0
599.592,10.3655,0
602.466,10.3715,0
605.353,10.3775,0
608.254,10.3833,0
611.169,10.3891,0
614.098,10.3948,0
617.04,10.4004,0
619.997,10.4059,0
622.969,10.4114,0
625.954,10.4168,0
628.954,10.4221,0
631.968,10.4273,0
634.996,10.4325,0
638.039,10.4376,0
641.097,10.4426,0
644.169,10.4476,0
647.256,10.4525,0
650.358,10.4573,0
653.475,10.4621,0
656.606,10.4668,0
659.753,10.4714,0
662.914,10.476,0
666.091,10.4805,0
669.283,10.485,0
672.491,10.4894,0
675.713,10.4937,0
678.951,10.498,0
682.205,10.5023,0
685.474,10.5064,0
688.759,10.5106,0
692.06,10.5146,0
695.377,10.5187,0
698.709,10.5226,0
702.057,10.5266,0
705.422,10.5304,0
708.802,10.5343,0
712.199,10.538,0
715.612,10.5418,0
719.041,10.5454,0
722.487,10.5491,0
725.949,10.5527,0
729.428,10.5562,0
732.924,10.5597,0
736.436,10.5632,0
739.965,10.5666,0
743.511,10.57,0
747.074,10.5733,0
750.655,10.5766,0
754.252,10.5799,0
757.866,10.5831,0
761.498,10.5863,0
765.147,10.5895,0
768.814,10.5926,0
772.499,10.5956,0
776.2,10.5987,0
779.92,10.6017,0
783.658,10.6046,0
787.413,10.6076,0
791.187,10.6105,0
794.978,10.6133,0
798.788,10.6162,0
802.616,10.619,0
806.462,10.6217,0
810.327,10.6245,0
814.21,10.6272,0
818.112,10.6298,0
822.032,10.6325,0
825.972,10.6351,0
829.93,10.6377,0
833.907,10.6402,0
837.903,10.6428,0
841.919,10.6453,0
845.954,10.6477,0
850.008,10.6502,0
854.081,10.6526,0
858.174,10.655,0
862.286,10.6574,0
866.419,10.6597,0
870.571,10.662,0
874.743,10.6643,0
878.935,10.6666,0
883.147,10.6688,0
887.379,10.671,0
891.631,10.6732,0
895.904,10.6754,0
900.198,10.6775,0
904.512,10.6796,0
908.846,10.6817,0
913.201,10.6838,0
917.578,10.6859,0
921.975,10.6879,0
926.393,10.6899,0
930.833,10.6919,0
935.293,10.6939,0
939.776,10.6958,0
944.279,10.6978,0
948.804,10.6997,0
953.351,10.7016,0
957.92,10.7035,0
962.51,10.7053,0
967.123,10.7071,0
971.758,10.709,0
976.414,10.7108,0
981.094,10.7125,0
985.795,10.7143,0
990.519,10.7161,0
995.266,10.7178,0
1000.04,10.7195,0
1004.83,10.7212,0
1009.64,10.7229,0
1014.48,10.7245,0
1019.34,10.7262,0
1024.23,10.7278,0
1029.14,10.7294,0
1034.07,10.731,0
1039.02,10.7326,0
1044,10.7342,0
1049.01,10.7357,0
1054.03,10.7373,0
1059.08,10.7388,0
1064.16,10.7403,0
1069.26,10.7418,0
1074.38,10.7433,0
1079.53,10.7448,0
1084.71,10.7462,0
1089.9,10.7477,0
1095.13,10.7491,0
1100.37,10.7505,0
1105.65,10.7519,0
1110.95,10.7533,0
1116.27,10.7547,0
1121.62,10.7561,0
1126.99,10.7574,0
1132.4,10.7588,0
1137.82,10.7601,0
1143.27,10.7614,0
1148.75,10.7628,0
1154.26,10.7641,0
1159.79,10.7653,0
1165.35,10.7666,0
1170.93,10.7679,0
1176.54,10.7691,0
1182.18,10.7704,0
1187.85,10.7716,0
1193.54,10.7729,0
1199.26,10.7741,0
1205.01,10.7753,0
1210.78,10.7765,0
1216.58,10.7777,0
1222.41,10.7788,0
1228.27,10.78,0
1234.16,10.7812,0
1240.07,10.7823,0
1246.01,10.7835,0
1251.99,10.7846,0
1257.99,10.7857,0
1264.01,10.7868,0
1270.07,10.7879,0
1276.16,10.789,0
1282.27,10.7901,0
1288.42,10.7912,0
1294.59,10.7923,0
1300.8,10.7934,0
1307.03,10.7944,0
1313.29,10.7955,0
1319.59,10.7965,0
1325.91,10.7976,0
1332.27,10.7986,0
1338.65,10.7996,0
1345.07,10.8006,0
1351.51,10.8017,0
1357.99,10.8027,0
1364.5,10.8037,0
1371.03,10.8046,0
1377.6,10.8056,0
1384.21,10.8066,0
1390.84,10.8076,0
1397.5,10.8086,0
1404.2,10.8095,0
1410.93,10.8105,0
1417.69,10.8114,0
1424.49,10.8124,0
1431.31,10.8133,0
1438.17,10.8142,0
1445.06,10.8152,0
1451.99,10.8161,0
1458.95,10.817,0
1465.94,10.8179,0
1472.96,10.8188,0
1480.02,10.8197,0
1487.12,10.8206,0
1494.24,10.8215,0
1501.4,10.8224,0
1508.6,10.8233,0
1515.83,10.8242,0
1523.09,10.8251,0
1530.39,10.8259,0
1537.72,10.8268,0
1545.09,10.8277,0
1552.5,10.8285,0
1559.94,10.8294,0
1567.41,10.8303,0
1574.92,10.8311,0
1582.47,10.832,0
1590.06,10.8328,0
1597.68,10.8336,0
1605.33,10.8345,0
1613.02,10.8353,0
1620.75,10.8361,0
1628.52,10.837,0
1636.33,10.8378,0
1644.17,10.8386,0
1652.05,10.8394,0
1659.96,10.8403,0
1667.92,10.8411,0
1675.91,10.8419,0
1683.94,10.8427,0
1692.01,10.8435,0
1700.12,10.8443,0
1708.27,10.8451,0
1716.45,10.8459,0
1724.68,10.8467,0
1732.95,10.8475,0
1741.25,10.8483,0
1749.59,10.8491,0
1757.98,10.8499,0
1766.4,10.8507,0
1774.87,10.8515,0
1783.37,10.8523,0
1791.92,10.8531,0
1800.51,10.8539,0
1809.14,10.8546,0
1817.81,10.8554,0
1826.52,10.8562,0
1835.27,10.857,0
1844.06,10.8578,0
1852.9,10.8586,0
1861.78,10.8593,0
1870.7,10.8601,0
1879.67,10.8609,0
1888.68,10.8617,0
1897.73,10.8625,0
1906.82,10.8632,0
1915.96,10.864,0
1925.14,10.8648,0
1934.37,10.8656,0
1943.64,10.8664,0
1952.95,10.8671,0
1962.31,10.8679,0
1971.71,10.8687,0
1981.16,10.8695,0
1990.66,10.8703,0
2000.2,10.871,0
2009.78,10.8718,0
2019.41,10.8726,0
2029.09,10.8734,0
2038.81,10.8742,0
2048.58,10.875,0
2058.4,10.8757,0
2068.27,10.8765,0
2078.18,10.8773,0
2088.14,10.8781,0
2098.14,10.8789,0
2108.2,10.8797,0
2118.3,10.8805,0
2128.45,10.8813,0
2138.65,10.8821,0
2148.9,10.8829,0
2159.2,10.8837,0
2169.55,10.8845,0
2179.94,10.8853,0
2190.39,10.8861,0
2200.89,10.8869,0
2211.43,10.8877,0
2222.03,10.8885,0
2232.68,10.8893,0
2243.38,10.8901,0
2254.13,10.8909,0
2264.93,10.8918,0
2275.79,10.8926,0
2286.69,10.8934,0
2297.65,10.8943,0
2308.66,10.8951,0
2319.72,10.8959,0
2330.84,10.8968,0
2342.01,10.8976,0
2353.23,10.8984,0
2364.51,10.8993,0
2375.84,10.9001,0
2387.23,10.901,0
2398.67,10.9019,0
2410.16,10.9027,0
2421.71,10.9036,0
2433.32,10.9045,0
2444.98,10.9053,0
2456.7,10.9062,0
2468.47,10.9071,0
2480.3,10.908,0
2492.19,10.9089,0
2504.13,10.9098,0
2516.13,10.9107,0
2528.19,10.9116,0
2540.3,10.9125,0
2552.48,10.9134,0
2564.71,10.9143,0
2577,10.9152,0
2589.35,10.9161,0
2601.76,10.9171,0
2614.22,10.918,0
2626.75,10.919,0
2639.34,10.9199,0
2651.99,10.9209,0
2664.7,10.9218,0
2677.47,10.9228,0
2690.3,10.9237,0
2703.19,10.9247,0
2716.14,10.9257,0
2729.16,10.9267,0
2742.24,10.9277,0
2755.38,10.9287,0
2768.59,10.9297,0
2781.85,10.9307,0
2795.18,10.9317,0
2808.58,10.9327,0
2822.04,10.9338,0
2835.56,10.9348,0
2849.15,10.9359,0
2862.8,10.9369,0
2876.52,10.938,0
2890.31,10.939,0
2904.16,10.9401,0
2918.08,10.9412,0
2932.06,10.9423,0
2946.11,10.9434,0
2960.23,10.9445,0
2974.42,10.9456,0
2988.67,10.9467,0
3002.99,10.9478,0
3017.38,10.949,0
3031.84,10.9501,0
3046.37,10.9513,0
3060.97,10.9524,0
3075.64,10.9536,0
3090.38,10.9548,0
3105.19,10.956,0
3120.07,10.9572,0
3135.02,10.9584,0
3150.05,10.9596,0
3165.14,10.9608,0
3180.31,10.9621,0
3195.55,10.9633,0
3210.86,10.9646,0
3226.25,10.9658,0
3241.71,10.9671,0
3257.25,10.9684,0
3272.86,10.9697,0
3288.54,10.971,0
3304.3,10.9723,0
3320.13,10.9736,0
3336.05,10.975,0
3352.03,10.9763,0
3368.1,10.9777,0
3384.24,10.979,0
3400.45,10.9804,0
3416.75,10.9818,0
3433.12,10.9832,0
3449.58,10.9846,0
3466.11,10.9861,0
3482.72,10.9875,0
3499.41,10.989,0
3516.18,10.9904,0
3533.03,10.9919,0
3549.96,10.9934,0
3566.97,10.9949,0
3584.06,10.9964,0
3601.24,10.9979,0
3618.5,10.9995,0
3635.84,11.0011,0
3653.26,11.0026,0
3670.77,11.0042,0
3688.36,11.0058,0
3706.04,11.0074,0
3723.8,11.009,0
3741.64,11.0107,0
3759.57,11.0123,0
3777.59,11.014,0
3795.69,11.0157,0
3813.88,11.0174,0
3832.16,11.0191,0
3850.52,11.0209,0
3868.97,11.0226,0
3887.52,11.0244,0
3906.14,11.0262,0
3924.86,11.028,0
3943.67,11.0298,0
3962.57,11.0316,0
3981.56,11.0335,0
4000.64,11.0353,0
4019.81,11.0372,0
4039.08,11.0391,0
4058.43,11.041,0
4077.88,11.043,0
4097.42,11.0449,0
4117.06,11.0469,0
4136.79,11.0489,0
4156.61,11.0509,0
4176.53,11.0529,0
4196.55,11.055,0
4216.66,11.057,0
4236.87,11.0591,0
4257.17,11.0612,0
4277.57,11.0634,0
4298.07,11.0655,0
4318.67,11.0677,0
4339.36,11.0699,0
4360.16,11.0721,0
4381.05,11.0743,0
4402.05,11.0766,0
4423.14,11.0789,0
4444.34,11.0812,0
4465.64,11.0835,0
4487.04,11.0858,0
4508.54,11.0882,0
4530.15,11.0906,0
4551.86,11.093,0
4573.67,11.0955,0
4595.59,11.0979,0
4617.61,11.1004,0
4639.74,11.1029,0
4661.97,11.1055,0
4684.31,11.108,0
4706.76,11.1106,0
4729.32,11.1133,0
4751.98,11.1159,0
4774.75,11.1186,0
4797.64,11.1213,0
4820.63,11.124,0
4843.73,11.1267,0
4866.94,11.1295,0
4890.26,11.1323,0
4913.7,11.1352,0
4937.25,11.138,0
4960.91,11.1409,0
4984.68,11.1439,0
5008.57,11.1468,0
5032.57,11.1498,0
5056.69,11.1528,0
5080.92,11.1559,0
5105.27,11.159,0
5129.73,11.1621,0
5154.32,11.1652,0
5179.02,11.1684,0
5203.84,11.1716,0
5228.77,11.1749,0
5253.83,11.1781,0
5279.01,11.1814,0
5304.31,11.1848,0
5329.73,11.1882,0
5355.27,11.1916,0
5380.93,11.1951,0
5406.72,11.1985,0
5432.63,11.2021,0
5458.66,11.2056,0
5484.82,11.2092,0
5511.11,11.2129,0
5537.52,11.2166,0
5564.05,11.2203,0
5590.72,11.2241,0
5617.51,11.2279,0
5644.43,11.2317,0
5671.48,11.2356,0
5698.66,11.2395,0
5725.97,11.2435,0
5753.41,11.2475,0
5780.98,11.2515,0
5808.68,11.2556,0
5836.52,11.2598,0
5864.49,11.264,0
5892.59,11.2682,0
5920.83,11.2725,0
5949.2,11.2768,0
5977.71,11.2812,0
6006.36,11.2856,0
6035.14,11.2901,0
6064.07,11.2946,0
6093.13,11.2992,0
6122.33,11.3038,0
6151.66,11.3085,0
6181.14,11.3132,0
6210.77,11.318,0
6240.53,11.3228,0
6270.43,11.3277,0
6300.48,11.3327,0
6330.68,11.3377,0
6361.02,11.3427,0
6391.5,11.3479,0
6422.13,11.353,0
6452.9,11.3583,0
6483.83,11.3635,0
6514.9,11.3689,0
6546.12,11.3743,0
6577.49,11.3798,0
6609.01,11.3853,0
6640.68,11.3909,0
6672.51,11.3966,0
6704.48,11.4023,0
6736.61,11.4081,0
6768.89,11.414,0
6801.33,11.4199,0
6833.93,11.4259,0
6866.68,11.432,0
6899.58,11.4382,0
6932.65,11.4444,0
6965.87,11.4507,0
6999.25,11.457,0
7032.79,11.4635,0
7066.5,11.47,0
7100.36,11.4766,0
7134.39,11.4833,0
7168.57,11.4901,0
7202.93,11.4969,0
7237.45,11.5038,0
7272.13,11.5108,0
7306.98,11.5179,0
7342,11.5251,0
7377.18,11.5324,0
7412.53,11.5397,0
7448.06,11.5472,0
7483.75,11.5547,0
7519.61,11.5623,0
7555.65,11.5701,0
7591.85,11.5779,0
7628.24,11.5858,0
7664.79,11.5938,0
7701.52,11.602,0
7738.43,11.6102,0
7775.52,11.6185,0
7812.78,11.627,0
7850.22,11.6355,0
7887.84,11.6442,0
7925.64,11.6529,0
7963.62,11.6618,0
8001.78,11.6708,0
8040.13,11.6799,0
8078.66,11.6892,0
8117.37,11.6985,0
8156.27,11.708,0
8195.36,11.7176,0
8234.63,11.7274,0
8274.09,11.7372,0
8313.75,11.7472,0
8353.59,11.7574,0
8393.62,11.7676,0
8433.84,11.7781,0
8474.26,11.7886,0
8514.87,11.7993,0
8555.68,11.8102,0
8596.68,11.8212,0
8637.87,11.8324,0
8679.27,11.8437,0
8720.86,11.8552,0
8762.65,11.8669,0
8804.64,11.8787,0
8846.84,11.8907,0
8889.23,11.9029,0
8931.83,11.9153,0
8974.64,11.9278,0
9017.64,11.9406,0
9060.86,11.9535,0
9104.28,11.9667,0
9147.91,11.98,0
9191.75,11.9936,0
9235.8,12.0074,0
9280.06,12.0214,0
9324.53,12.0357,0
9369.21,12.0502,0
9414.11,12.0649,0
9459.23,12.0799,0
9504.56,12.0952,0
9550.11,12.1107,0
9595.87,12.1265,0
9641.86,12.1427,0
9688.06,12.1591,0
9734.49,12.1759,0
9781.14,12.193,0
9828.01,12.2104,0
9875.11,12.2282,0
9922.43,12.2464,0
9969.98,12.2651,0
10017.8,12.2841,0
10065.8,12.3037,0
10114,12.3237,0
10162.5,12.3443,0
10211.2,12.3654,0
10260.1,12.3872,0
10309.3,12.4097,0
