# source: refractiveindex.info database (CC0), main/Ge/nk/Li-293K.yml
# freq_cm1,eps_real,eps_imag
555.556,15.9968,0
588.235,15.9976,0
625,15.9992,0
666.667,16.0008,0
714.286,16.0032,0
769.231,16.0064,0
833.333,16.0096,0
909.091,16.0136,0
1000,16.02,0
1111.11,16.0272,0
1250,16.0384,0
1428.57,16.0544,0
1538.46,16.0649,0
1666.67,16.0785,0
1818.18,16.0961,0
2000,16.1194,0
2105.26,16.1339,0
2222.22,16.1508,0
2352.94,16.17,0
2500,16.1942,0
2631.58,16.2167,0
2777.78,16.2425,0
2941.18,16.274,0
3125,16.3111,0
3333.33,16.3556,0
3448.28,16.3814,0
3571.43,16.4098,0
3703.7,16.4422,0
3846.15,16.4779,0
4000,16.5177,0
4166.67,16.5633,0
4347.83,16.6146,0
4444.44,16.6423,0
4545.45,16.6725,0
4651.16,16.7052,0
4761.9,16.7396,0
4878.05,16.7764,0
5000,16.8166,0
5050.51,16.8338,0
5102.04,16.851,0
5154.64,16.8691,0
5208.33,16.8872,0
5263.16,16.9061,0
