# source: refractiveindex.info database (CC0), main/Ge2Sb2Te5/nk/Frantz-crystal.yml
# freq_cm1,eps_real,eps_imag
308.585,27.3167,10.0822
312.441,27.3163,9.96156
317.269,27.3105,9.80734
318.228,27.316,9.77549
319.193,27.3091,9.75243
320.164,27.3146,9.72059
321.12,27.3095,9.68693
322.092,27.3149,9.6551
329.804,27.3191,9.43756
330.764,27.3138,9.40397
331.73,27.3174,9.38277
332.701,27.3121,9.3492
333.656,27.3156,9.328
336.553,27.319,9.24146
337.519,27.3119,9.21852
338.478,27.3154,9.19733
339.443,27.3206,9.16554
340.414,27.3134,9.14262
341.378,27.3186,9.11084
342.337,27.3115,9.08794
343.3,27.3149,9.06675
344.27,27.32,9.03498
345.232,27.3128,9.01209
346.2,27.3162,8.99091
347.162,27.3213,8.95914
348.129,27.3141,8.93627
355.834,27.323,8.74238
356.799,27.3157,8.71957
358.732,27.3223,8.67724
359.699,27.315,8.65444
360.659,27.3199,8.6227
361.624,27.3231,8.60154
362.595,27.3158,8.57876
363.557,27.319,8.5576
364.524,27.3223,8.53645
365.484,27.3149,8.51368
366.448,27.3181,8.49253
367.417,27.3213,8.47138
368.378,27.3245,8.45022
369.344,27.3172,8.42748
370.302,27.3203,8.40633
371.264,27.3235,8.38518
372.232,27.3161,8.36245
373.204,27.3193,8.34131
374.167,27.3224,8.32016
376.095,27.3181,8.27631
377.06,27.3213,8.25517
378.015,27.3244,8.23403
378.989,27.3169,8.21134
379.954,27.32,8.1902
380.909,27.3231,8.16906
381.883,27.3262,8.14793
382.848,27.3187,8.12525
383.803,27.3218,8.10412
384.778,27.3249,8.08299
385.728,27.3279,8.06186
386.698,27.3189,8.04977
387.657,27.3219,8.02864
388.621,27.325,8.00751
389.59,27.328,7.98638
390.564,27.3204,7.96375
391.527,27.3235,7.94262
392.48,27.325,7.93206
393.453,27.328,7.91094
394.415,27.3204,7.88832
395.382,27.3234,7.8672
396.338,27.3264,7.84608
397.314,27.3278,7.83552
398.264,27.3202,7.81292
399.233,27.3232,7.7918
400.192,27.3261,7.77069
401.171,27.3276,7.76013
402.123,27.3306,7.73901
403.096,27.3229,7.71644
404.057,27.3258,7.69532
405.022,27.3273,7.68477
405.992,27.3302,7.66366
406.951,27.3226,7.6411
407.914,27.324,7.63054
408.881,27.3269,7.60943
409.836,27.3298,7.58833
410.813,27.3312,7.57777
411.777,27.3235,7.55523
412.729,27.3264,7.53413
413.702,27.3278,7.52358
414.662,27.3307,7.50247
415.628,27.3335,7.48137
416.597,27.3244,7.4694
417.554,27.3272,7.4483
418.515,27.3286,7.43775
419.481,27.3314,7.41665
420.451,27.3342,7.39555
421.408,27.3251,7.3836
422.386,27.3279,7.3625
423.352,27.3293,7.35196
424.304,27.3321,7.33086
425.279,27.3334,7.32031
426.239,27.3257,7.29783
427.204,27.327,7.28729
428.174,27.3298,7.26619
429.129,27.3326,7.2451
430.089,27.3339,7.23456
431.053,27.3261,7.2121
432.021,27.3275,7.20155
432.994,27.3302,7.18046
433.952,27.3316,7.16992
434.915,27.3343,7.14883
435.882,27.3357,7.13829
436.853,27.3265,7.12639
437.809,27.3292,7.10531
438.77,27.3305,7.09477
439.734,27.3332,7.07368
440.703,27.3345,7.06314
441.657,27.3372,7.04206
442.635,27.328,7.03018
443.597,27.3307,7.0091
444.563,27.332,6.99856
445.534,27.3333,6.98802
446.488,27.336,6.96694
447.447,27.3373,6.9564
448.41,27.3294,6.934
449.378,27.3307,6.92347
450.349,27.332,6.91293
451.304,27.3346,6.89185
452.284,27.336,6.88131
453.248,27.3386,6.86024
454.194,27.3399,6.8497
455.166,27.3306,6.83786
456.121,27.3332,6.81679
457.101,27.3345,6.80626
458.064,27.3358,6.79572
459.031,27.3384,6.77465
459.982,27.3397,6.76411
460.957,27.3304,6.75229
461.915,27.333,6.73123
462.877,27.3342,6.72069
463.843,27.3355,6.71016
464.814,27.3381,6.68909
465.766,27.3393,6.67856
466.744,27.3406,6.66802
467.705,27.3419,6.65749
468.669,27.3339,6.63516
469.638,27.3351,6.62463
470.588,27.3364,6.6141
471.565,27.3389,6.59303
472.523,27.3401,6.5825
473.485,27.3414,6.57197
474.451,27.3426,6.56144
475.421,27.3346,6.53913
476.372,27.3358,6.5286
477.35,27.3371,6.51807
478.309,27.3383,6.50754
479.272,27.3408,6.48648
480.238,27.342,6.47595
481.209,27.3432,6.46542
482.16,27.3445,6.45489
483.138,27.3352,6.44314
484.097,27.3376,6.42208
485.06,27.3388,6.41155
486.027,27.34,6.40102
486.997,27.3412,6.3905
487.948,27.3425,6.37997
488.926,27.3449,6.35891
489.884,27.3461,6.34838
490.846,27.3368,6.33665
491.811,27.338,6.32613
492.781,27.3392,6.3156
493.73,27.3404,6.30507
494.707,27.3428,6.28402
495.663,27.344,6.2735
496.623,27.3451,6.26297
497.587,27.3463,6.25244
498.554,27.3475,6.24192
499.525,27.3382,6.23021
500.501,27.3394,6.21968
501.454,27.3417,6.19864
502.412,27.3429,6.18811
503.373,27.3441,6.17759
504.337,27.3452,6.16706
505.306,27.3464,6.15654
506.278,27.3476,6.14602
507.254,27.3488,6.13549
508.208,27.3499,6.12497
509.165,27.3406,6.11328
510.126,27.3417,6.10276
511.091,27.344,6.08172
512.059,27.3452,6.07119
513.031,27.3463,6.06067
513.98,27.3475,6.05015
514.96,27.3486,6.03963
515.916,27.3498,6.02911
516.876,27.3509,6.01858
517.84,27.3521,6.00806
518.807,27.3427,5.9964
519.778,27.3438,5.98588
520.752,27.345,5.97536
521.703,27.3461,5.96484
522.685,27.3472,5.95432
523.642,27.3484,5.9438
524.604,27.3495,5.93328
525.569,27.3506,5.92276
526.537,27.3518,5.91224
527.482,27.3529,5.90172
528.457,27.354,5.8912
529.409,27.3446,5.87956
530.391,27.3457,5.86904
531.35,27.3468,5.85853
532.311,27.3479,5.84801
533.276,27.3491,5.83749
534.245,27.3502,5.82697
535.217,27.3513,5.81645
536.164,27.3524,5.80594
537.143,27.3535,5.79542
538.097,27.3546,5.7849
539.054,27.3557,5.77438
540.015,27.3568,5.76386
540.979,27.3474,5.75225
541.947,27.3484,5.74174
542.918,27.3495,5.73122
543.892,27.3506,5.7207
544.84,27.3517,5.71019
545.822,27.3528,5.69967
546.777,27.3539,5.68916
547.735,27.355,5.67864
548.697,27.356,5.66812
549.662,27.3571,5.65761
550.63,27.3582,5.64709
551.602,27.3593,5.63658
552.578,27.3603,5.62606
553.526,27.3509,5.61448
554.508,27.3509,5.61448
555.463,27.352,5.60396
556.421,27.353,5.59345
557.383,27.3541,5.58293
558.347,27.3551,5.57242
559.315,27.3562,5.56191
560.287,27.3573,5.55139
561.23,27.3583,5.54088
562.208,27.3594,5.53036
563.158,27.3604,5.51985
564.143,27.3615,5.50934
565.099,27.3615,5.50934
566.059,27.3625,5.49882
567.022,27.3531,5.48726
567.988,27.3541,5.47675
568.958,27.3551,5.46624
569.93,27.3562,5.45573
570.874,27.3572,5.44522
571.853,27.3582,5.4347
572.803,27.3582,5.4347
573.789,27.3593,5.42419
574.746,27.3603,5.41368
575.705,27.3613,5.40317
576.668,27.3624,5.39266
577.634,27.3634,5.38214
578.603,27.3644,5.37163
579.576,27.3644,5.37163
580.518,27.3654,5.36112
581.497,27.3665,5.35061
582.445,27.357,5.33908
583.431,27.358,5.32857
584.385,27.359,5.31806
585.343,27.359,5.31806
586.304,27.36,5.30755
587.268,27.361,5.29704
588.235,27.362,5.28653
589.206,27.363,5.27602
590.179,27.364,5.26551
591.156,27.364,5.26551
592.101,27.365,5.255
593.049,27.366,5.24449
594.036,27.367,5.23398
594.99,27.368,5.22347
595.948,27.368,5.22347
596.908,27.369,5.21296
597.872,27.37,5.20245
598.838,27.371,5.19194
599.808,27.3615,5.18044
600.781,27.3615,5.18044
601.757,27.3625,5.16994
602.7,27.3634,5.15943
603.682,27.3644,5.14892
604.631,27.3644,5.14892
605.62,27.3654,5.13841
606.575,27.3664,5.1279
607.533,27.3673,5.1174
608.495,27.3683,5.10689
609.459,27.3683,5.10689
610.426,27.3693,5.09638
611.396,27.3703,5.08587
612.37,27.3712,5.07536
613.309,27.3712,5.07536
614.288,27.3722,5.06486
615.233,27.3732,5.05435
616.219,27.3741,5.04384
617.17,27.3741,5.04384
618.123,27.3751,5.03333
619.118,27.376,5.02282
620.078,27.3665,5.01136
621.041,27.3665,5.01136
622.007,27.3674,5.00086
622.975,27.3684,4.99035
623.908,27.3693,4.97984
624.883,27.3693,4.97984
625.861,27.3703,4.96934
626.802,27.3712,4.95883
627.786,27.3712,4.95883
628.733,27.3722,4.94833
629.723,27.3731,4.93782
630.676,27.374,4.92731
631.632,27.374,4.92731
632.591,27.375,4.91681
633.553,27.3759,4.9063
634.518,27.3759,4.9063
635.486,27.3769,4.8958
636.456,27.3778,4.88529
637.43,27.3787,4.87478
638.407,27.3787,4.87478
639.345,27.3796,4.86428
640.328,27.3806,4.85377
641.272,27.3806,4.85377
642.261,27.3815,4.84327
643.211,27.3824,4.83276
644.164,27.3719,4.83184
645.161,27.3728,4.82134
646.12,27.3737,4.81083
647.082,27.3737,4.81083
648.046,27.3747,4.80033
649.013,27.3756,4.78982
649.984,27.3756,4.78982
650.915,27.3765,4.77932
651.89,27.3774,4.76882
652.869,27.3774,4.76882
653.808,27.3783,4.75831
654.793,27.3792,4.74781
655.738,27.3792,4.74781
656.728,27.3801,4.7373
657.678,27.381,4.7268
658.631,27.381,4.7268
659.587,27.3819,4.7163
660.589,27.3828,4.70579
661.551,27.3828,4.70579
662.515,27.3837,4.69529
663.482,27.3846,4.68478
664.408,27.3846,4.68478
665.38,27.3855,4.67428
666.356,27.3864,4.66378
667.334,27.3864,4.66378
668.271,27.3873,4.65327
669.254,27.3881,4.64277
670.196,27.3881,4.64277
671.186,27.389,4.63226
672.133,27.389,4.63226
673.129,27.3899,4.62176
674.082,27.3908,4.61126
675.037,27.3908,4.61126
675.995,27.3812,4.59988
676.956,27.382,4.58937
677.92,27.382,4.58937
678.887,27.3829,4.57887
679.856,27.3829,4.57887
680.828,27.3838,4.56837
681.803,27.3846,4.55787
682.734,27.3846,4.55787
683.714,27.3855,4.54737
684.697,27.3864,4.53686
685.636,27.3864,4.53686
686.625,27.3872,4.52636
687.569,27.3872,4.52636
688.516,27.3881,4.51586
689.513,27.389,4.50536
690.465,27.389,4.50536
691.419,27.3898,4.49486
692.377,27.3898,4.49486
693.337,27.3907,4.48435
694.3,27.3915,4.47385
695.265,27.3915,4.47385
696.233,27.3924,4.46335
697.204,27.3924,4.46335
698.178,27.3932,4.45285
699.154,27.3932,4.45285
700.133,27.3941,4.44235
701.066,27.3949,4.43184
702.05,27.3949,4.43184
702.988,27.3958,4.42134
703.977,27.3958,4.42134
704.92,27.3966,4.41084
705.916,27.3966,4.41084
706.864,27.3974,4.40034
707.814,27.3983,4.38984
708.767,27.3983,4.38984
709.774,27.3991,4.37933
710.732,27.3991,4.37933
711.693,27.3999,4.36883
712.657,27.3999,4.36883
713.623,27.4008,4.35833
714.592,27.4016,4.34783
715.564,27.4016,4.34783
716.486,27.4024,4.33733
717.463,27.4024,4.33733
718.442,27.4033,4.32682
719.373,27.4033,4.32682
720.357,27.4041,4.31632
721.345,27.4041,4.31632
722.282,27.3944,4.305
723.275,27.3952,4.2945
724.218,27.3952,4.2945
725.163,27.396,4.284
726.164,27.396,4.284
727.114,27.3969,4.2735
728.067,27.3969,4.2735
729.022,27.3977,4.263
729.98,27.3977,4.263
730.994,27.3985,4.2525
731.957,27.3985,4.2525
732.869,27.3993,4.242
733.837,27.3993,4.242
734.808,27.4001,4.2315
735.781,27.4009,4.221
736.757,27.4009,4.221
737.735,27.4017,4.2105
738.662,27.4017,4.2105
739.645,27.4025,4.2
740.631,27.4025,4.2
741.565,27.4033,4.1895
742.556,27.4033,4.1895
743.494,27.4041,4.179
744.491,27.4041,4.179
745.434,27.4049,4.1685
746.38,27.4049,4.1685
747.384,27.4057,4.158
748.335,27.4057,4.158
749.288,27.4065,4.1475
750.244,27.4065,4.1475
751.202,27.4073,4.137
752.162,27.4073,4.137
753.125,27.4081,4.1265
754.091,27.4081,4.1265
755.059,27.4088,4.116
756.029,27.4088,4.116
757.002,27.4096,4.1055
757.978,27.4096,4.1055
758.956,27.4104,4.095
759.878,27.4104,4.095
760.861,27.4112,4.0845
761.847,27.4112,4.0845
762.777,27.412,4.074
763.767,27.412,4.074
764.701,27.4127,4.0635
765.697,27.4127,4.0635
766.636,27.4135,4.053
767.636,27.4135,4.053
768.58,27.4143,4.0425
769.527,27.4143,4.0425
770.475,27.415,4.032
771.486,27.415,4.032
772.439,27.4158,4.0215
773.395,27.4158,4.0215
774.353,27.4166,4.011
775.314,27.4166,4.011
776.277,27.4173,4.0005
777.242,27.4173,4.0005
778.21,27.4173,4.0005
779.18,27.4181,3.99
780.153,27.4181,3.99
781.128,27.4189,3.9795
782.105,27.4189,3.9795
783.024,27.4196,3.969
784.006,27.4196,3.969
784.991,27.4204,3.9585
785.916,27.4204,3.9585
786.906,27.4211,3.948
787.836,27.4211,3.948
788.83,27.4219,3.9375
789.765,27.4219,3.9375
790.764,27.4226,3.927
791.703,27.4226,3.927
792.707,27.4226,3.927
793.651,27.4234,3.9165
794.597,27.4234,3.9165
795.608,27.4241,3.906
796.559,27.4241,3.906
797.512,27.4249,3.8955
798.467,27.4249,3.8955
799.424,27.4256,3.885
800.384,27.4256,3.885
801.346,27.4256,3.885
802.311,27.4263,3.8745
803.277,27.4263,3.8745
804.246,27.4271,3.864
805.218,27.4271,3.864
806.192,27.4278,3.8535
807.168,27.4278,3.8535
808.146,27.4285,3.843
809.061,27.4285,3.843
810.045,27.4285,3.843
811.03,27.4293,3.8325
811.952,27.4293,3.8325
812.942,27.43,3.822
813.868,27.43,3.822
814.863,27.4307,3.8115
815.86,27.4307,3.8115
816.793,27.4307,3.8115
817.728,27.4315,3.801
818.733,27.4315,3.801
819.672,27.4322,3.7905
820.681,27.4322,3.7905
821.625,27.4329,3.78
822.571,27.4329,3.78
823.52,27.4329,3.78
824.538,27.4336,3.7695
825.491,27.4336,3.7695
826.446,27.4343,3.759
827.404,27.4343,3.759
828.363,27.4351,3.7485
829.325,27.4351,3.7485
830.289,27.4351,3.7485
831.255,27.4358,3.738
832.224,27.4358,3.738
833.194,27.4365,3.7275
834.168,27.4365,3.7275
835.143,27.4365,3.7275
836.05,27.4372,3.717
837.03,27.4372,3.717
838.012,27.4379,3.7065
838.997,27.4379,3.7065
839.913,27.4379,3.7065
840.901,27.4386,3.696
841.893,27.4386,3.696
842.815,27.4393,3.6855
843.811,27.4393,3.6855
844.737,27.44,3.675
845.737,27.44,3.675
846.668,27.44,3.675
847.673,27.4407,3.6645
848.608,27.4407,3.6645
849.545,27.4407,3.6645
850.557,27.4414,3.654
851.499,27.4414,3.654
852.442,27.4421,3.6435
853.461,27.4421,3.6435
854.409,27.4421,3.6435
855.359,27.4428,3.633
856.311,27.4428,3.633
857.265,27.4435,3.6225
858.295,27.4435,3.6225
859.254,27.4435,3.6225
860.215,27.4442,3.612
861.178,27.4442,3.612
862.143,27.4449,3.6015
863.111,27.4449,3.6015
864.08,27.4449,3.6015
864.977,27.4455,3.591
865.951,27.4455,3.591
866.927,27.4455,3.591
867.905,27.4462,3.5805
868.885,27.4462,3.5805
869.868,27.4469,3.57
870.777,27.4469,3.57
871.764,27.4469,3.57
872.753,27.4476,3.5595
873.668,27.4476,3.5595
874.661,27.4483,3.549
875.58,27.4483,3.549
876.578,27.4483,3.549
877.578,27.4489,3.5385
878.503,27.4489,3.5385
879.507,27.4489,3.5385
880.437,27.4496,3.528
881.368,27.4496,3.528
882.379,27.4496,3.528
883.314,27.4503,3.5175
884.33,27.4503,3.5175
885.269,27.4509,3.507
886.211,27.4509,3.507
887.154,27.4509,3.507
888.178,27.4516,3.4965
889.126,27.4516,3.4965
890.076,27.4516,3.4965
891.027,27.4523,3.486
891.981,27.4523,3.486
892.937,27.4523,3.486
893.975,27.4529,3.4755
894.935,27.4529,3.4755
895.897,27.4536,3.465
896.861,27.4536,3.465
897.827,27.4536,3.465
898.796,27.4543,3.4545
899.766,27.4543,3.4545
900.657,27.4543,3.4545
901.632,27.4549,3.444
902.609,27.4654,3.44466
903.587,27.4654,3.44466
904.568,27.4661,3.43415
905.551,27.4661,3.43415
906.454,27.4661,3.43415
907.441,27.4667,3.42365
908.43,27.4667,3.42365
909.339,27.4667,3.42365
910.332,27.4674,3.41315
911.328,27.4674,3.41315
912.242,27.468,3.40265
913.242,27.468,3.40265
914.16,27.468,3.40265
915.164,27.4687,3.39215
916.086,27.4687,3.39215
917.095,27.4687,3.39215
918.021,27.4693,3.38164
919.033,27.4693,3.38164
919.963,27.4693,3.38164
920.98,27.47,3.37114
921.914,27.47,3.37114
922.85,27.47,3.37114
923.873,27.4706,3.36064
924.813,27.4706,3.36064
925.754,27.4706,3.36064
926.698,27.4712,3.35014
927.73,27.4712,3.35014
928.678,27.4712,3.35014
929.627,27.4719,3.33964
930.579,27.4719,3.33964
931.532,27.4719,3.33964
932.488,27.4725,3.32913
933.445,27.4725,3.32913
934.405,27.4725,3.32913
935.366,27.4731,3.31863
936.33,27.4731,3.31863
937.295,27.4731,3.31863
938.262,27.4738,3.30813
939.232,27.4738,3.30813
940.203,27.4738,3.30813
941.176,27.4744,3.29763
942.152,27.4744,3.29763
943.129,27.4744,3.29763
944.109,27.475,3.28713
945.09,27.475,3.28713
945.984,27.475,3.28713
946.97,27.475,3.28713
947.957,27.4757,3.27662
948.947,27.4757,3.27662
949.848,27.4757,3.27662
950.841,27.4763,3.26612
951.837,27.4763,3.26612
952.744,27.4763,3.26612
953.743,27.4769,3.25562
954.654,27.4769,3.25562
955.657,27.4769,3.25562
956.663,27.4775,3.24512
957.579,27.4775,3.24512
958.589,27.4775,3.24512
959.509,27.4781,3.23462
960.523,27.4781,3.23462
961.446,27.4781,3.23462
962.371,27.4788,3.22411
963.391,27.4893,3.22473
964.32,27.4893,3.22473
965.344,27.4893,3.22473
966.277,27.4899,3.21422
967.212,27.4899,3.21422
968.242,27.4899,3.21422
969.18,27.4905,3.20372
970.12,27.4905,3.20372
971.062,27.4905,3.20372
972.006,27.4911,3.19322
973.047,27.4911,3.19322
973.994,27.4911,3.19322
974.944,27.4917,3.18271
975.895,27.4917,3.18271
976.849,27.4917,3.18271
977.804,27.4917,3.18271
978.761,27.4923,3.17221
979.72,27.4923,3.17221
980.777,27.4923,3.17221
981.74,27.4929,3.1617
982.704,27.4929,3.1617
983.671,27.4929,3.1617
984.543,27.4929,3.1617
985.513,27.4935,3.1512
986.485,27.4935,3.1512
987.459,27.4935,3.1512
988.435,27.4941,3.1407
989.413,27.4941,3.1407
990.393,27.4941,3.1407
991.375,27.4947,3.13019
992.26,27.4947,3.13019
993.246,27.4947,3.13019
994.233,27.4947,3.13019
995.223,27.4953,3.11969
996.115,27.4953,3.11969
997.108,27.4953,3.11969
998.104,27.4959,3.10918
999.101,27.4959,3.10918
1000,27.4959,3.10918
1001.9,27.4965,3.09868
1002.91,27.4965,3.09868
1003.87,27.4965,3.09868
1004.84,27.4971,3.08818
1005.8,27.4971,3.08818
1006.77,27.4971,3.08818
1007.73,27.4971,3.08818
1008.69,27.4977,3.07767
1009.66,27.5082,3.07826
1010.62,27.5082,3.07826
1011.59,27.5087,3.06775
1012.56,27.5087,3.06775
1013.52,27.5087,3.06775
1014.49,27.5087,3.06775
1015.44,27.5093,3.05725
1016.42,27.5093,3.05725
1017.38,27.5093,3.05725
1018.34,27.5099,3.04674
1020.27,27.5099,3.04674
1021.23,27.5099,3.04674
1022.19,27.5105,3.03623
1023.16,27.5105,3.03623
1024.13,27.5105,3.03623
1025.09,27.5105,3.03623
1026.05,27.5111,3.02573
1027.02,27.5111,3.02573
1027.98,27.5111,3.02573
1028.94,27.5116,3.01522
1029.91,27.5116,3.01522
1031.84,27.5116,3.01522
1032.8,27.5122,3.00472
1033.77,27.5122,3.00472
1034.74,27.5122,3.00472
1035.7,27.5122,3.00472
1036.67,27.5128,2.99421
1037.62,27.5128,2.99421
1038.59,27.5128,2.99421
1039.56,27.5134,2.9837
1041.48,27.5134,2.9837
1042.45,27.5134,2.9837
1043.42,27.5139,2.9732
1044.38,27.5139,2.9732
1045.35,27.5139,2.9732
1046.31,27.5139,2.9732
1047.27,27.5145,2.96269
1048.23,27.5145,2.96269
1050.17,27.525,2.96326
1051.13,27.5256,2.95275
1052.09,27.5256,2.95275
1053.05,27.5256,2.95275
1054.02,27.5256,2.95275
1054.99,27.5261,2.94224
1056.91,27.5261,2.94224
1057.88,27.5261,2.94224
1058.84,27.5267,2.93173
1059.8,27.5267,2.93173
1060.77,27.5267,2.93173
1061.74,27.5267,2.93173
1062.7,27.5272,2.92122
1064.62,27.5272,2.92122
1065.6,27.5278,2.91072
1066.55,27.5278,2.91072
1067.52,27.5278,2.91072
1068.49,27.5278,2.91072
1070.41,27.5283,2.90021
1071.38,27.5283,2.90021
1072.34,27.5283,2.90021
1073.31,27.5289,2.8897
1074.28,27.5289,2.8897
1076.19,27.5289,2.8897
1077.17,27.5294,2.87919
1078.13,27.5294,2.87919
1079.1,27.5294,2.87919
1080.05,27.5294,2.87919
1081.98,27.53,2.86868
1082.95,27.53,2.86868
1083.92,27.5405,2.86923
1084.88,27.5405,2.86923
1085.85,27.541,2.85872
1087.77,27.541,2.85872
1088.73,27.541,2.85872
1089.7,27.5416,2.84821
1090.67,27.5416,2.84821
1092.6,27.5416,2.84821
1093.55,27.5421,2.8377
1094.52,27.5421,2.8377
1095.48,27.5421,2.8377
1097.42,27.5427,2.82719
1098.38,27.5427,2.82719
1099.35,27.5427,2.82719
1100.3,27.5427,2.82719
1102.23,27.5432,2.81668
1103.2,27.5432,2.81668
1104.17,27.5432,2.81668
1105.13,27.5437,2.80617
1107.06,27.5437,2.80617
1108.02,27.5437,2.80617
1108.99,27.5437,2.80617
1109.95,27.5443,2.79566
1111.88,27.5443,2.79566
1112.84,27.5443,2.79566
1113.81,27.5448,2.78515
1115.74,27.5553,2.78568
1116.71,27.5553,2.78568
1117.67,27.5558,2.77517
1118.63,27.5558,2.77517
1120.56,27.5558,2.77517
1121.53,27.5558,2.77517
1122.49,27.5564,2.76466
1124.42,27.5564,2.76466
1125.38,27.5564,2.76466
1126.34,27.5569,2.75414
1128.27,27.5569,2.75414
1129.24,27.5569,2.75414
1130.2,27.5574,2.74363
1132.13,27.5574,2.74363
1133.09,27.5574,2.74363
1134.06,27.5574,2.74363
1135.99,27.5579,2.73312
1136.96,27.5579,2.73312
1137.92,27.5579,2.73312
1139.85,27.5585,2.72261
1140.81,27.5585,2.72261
1141.77,27.5585,2.72261
1143.71,27.559,2.7121
1144.66,27.5695,2.71261
1145.63,27.5695,2.71261
1147.57,27.57,2.7021
1148.53,27.57,2.7021
1149.49,27.57,2.7021
1151.42,27.57,2.7021
1152.38,27.5705,2.69158
1154.31,27.5705,2.69158
1155.28,27.5705,2.69158
1156.24,27.5705,2.69158
1158.17,27.571,2.68107
1159.14,27.571,2.68107
1160.09,27.571,2.68107
1162.02,27.5715,2.67056
1162.99,27.5715,2.67056
1164.92,27.5715,2.67056
1165.88,27.572,2.66004
1167.82,27.572,2.66004
1168.77,27.572,2.66004
1169.74,27.572,2.66004
1171.67,27.5725,2.64953
1172.64,27.5831,2.65003
1174.56,27.5836,2.63952
1175.53,27.5836,2.63952
1176.48,27.5836,2.63952
1178.43,27.5836,2.63952
1179.38,27.5841,2.629
1181.31,27.5841,2.629
1182.27,27.5841,2.629
1184.2,27.5846,2.61848
1185.17,27.5846,2.61848
1187.1,27.5846,2.61848
1188.06,27.5846,2.61848
1189.99,27.5851,2.60797
1190.96,27.5851,2.60797
1191.92,27.5851,2.60797
1193.84,27.5856,2.59745
1194.81,27.5856,2.59745
1196.74,27.5856,2.59745
1197.71,27.5856,2.59745
1199.63,27.5966,2.58743
1200.6,27.5966,2.58743
1202.53,27.5966,2.58743
1203.5,27.5971,2.57691
1205.41,27.5971,2.57691
1206.39,27.5971,2.57691
1208.31,27.5975,2.56639
1209.28,27.5975,2.56639
1211.21,27.5975,2.56639
1212.17,27.5975,2.56639
1214.09,27.598,2.55587
1216.03,27.598,2.55587
1216.99,27.598,2.55587
1218.92,27.5985,2.54536
1219.88,27.5985,2.54536
1221.82,27.5985,2.54536
1222.78,27.599,2.53484
1224.71,27.6095,2.53532
1225.67,27.6095,2.53532
1227.6,27.61,2.5248
1228.56,27.61,2.5248
1230.5,27.61,2.5248
1232.42,27.61,2.5248
1233.38,27.6105,2.51428
1235.32,27.6105,2.51428
1236.28,27.6105,2.51428
1238.21,27.611,2.50376
1239.17,27.611,2.50376
1241.1,27.611,2.50376
1243.02,27.6114,2.49324
1244,27.6114,2.49324
1245.92,27.6114,2.49324
1246.88,27.6114,2.49324
1248.81,27.6224,2.48319
1250.75,27.6224,2.48319
1251.71,27.6224,2.48319
1253.64,27.6229,2.47267
1255.57,27.6229,2.47267
1256.53,27.6229,2.47267
1258.46,27.6229,2.47267
1260.38,27.6234,2.46215
1261.35,27.6234,2.46215
1263.28,27.6234,2.46215
1264.24,27.6238,2.45163
1266.18,27.6238,2.45163
1268.1,27.6238,2.45163
1269.07,27.6238,2.45163
1271,27.6243,2.4411
1272.93,27.6348,2.44157
1273.89,27.6348,2.44157
1275.82,27.6353,2.43104
1277.74,27.6353,2.43104
1279.67,27.6353,2.43104
1280.64,27.6357,2.42052
1282.56,27.6357,2.42052
1284.51,27.6357,2.42052
1285.46,27.6357,2.42052
1287.38,27.6362,2.41
1289.32,27.6362,2.41
1291.24,27.6367,2.39947
1292.21,27.6367,2.39947
1294.15,27.6367,2.39947
1296.08,27.6472,2.39993
1297.03,27.6476,2.3894
1298.95,27.6476,2.3894
1300.9,27.6476,2.3894
1302.81,27.6481,2.37888
1303.78,27.6481,2.37888
1305.7,27.6481,2.37888
1307.63,27.6481,2.37888
1309.57,27.6485,2.36835
1311.49,27.6485,2.36835
1312.46,27.6485,2.36835
1314.39,27.649,2.35782
1316.33,27.649,2.35782
1318.25,27.6595,2.35827
1320.18,27.66,2.34774
1321.14,27.66,2.34774
1323.07,27.66,2.34774
1324.99,27.66,2.34774
1326.93,27.6604,2.33722
1328.85,27.6604,2.33722
1329.82,27.6604,2.33722
1331.75,27.6609,2.32669
1333.67,27.6609,2.32669
1335.61,27.6609,2.32669
1337.54,27.6613,2.31616
1339.46,27.6718,2.3166
1341.4,27.6718,2.3166
1342.35,27.6718,2.3166
1344.28,27.6723,2.30607
1346.22,27.6723,2.30607
1348.14,27.6723,2.30607
1350.07,27.6727,2.29554
1352.01,27.6727,2.29554
1353.93,27.6727,2.29554
1355.86,27.6731,2.28501
1357.79,27.6731,2.28501
1358.75,27.6731,2.28501
1360.67,27.6837,2.28544
1362.6,27.6841,2.27491
1364.54,27.6841,2.27491
1366.47,27.6841,2.27491
1368.4,27.6845,2.26438
1370.33,27.6845,2.26438
1372.25,27.6845,2.26438
1374.17,27.685,2.25385
1376.1,27.685,2.25385
1378.04,27.685,2.25385
1379.96,27.6955,2.25428
1381.9,27.6959,2.24374
1383.81,27.6959,2.24374
1385.75,27.6959,2.24374
1387.67,27.6963,2.23321
1389.6,27.6963,2.23321
1391.54,27.6963,2.23321
1393.48,27.6968,2.22267
1395.4,27.6968,2.22267
1397.33,27.6968,2.22267
1399.25,27.7073,2.2231
1401.19,27.7077,2.21256
1403.11,27.7077,2.21256
1405.05,27.7077,2.21256
1406.96,27.7081,2.20202
1408.89,27.7081,2.20202
1410.82,27.7081,2.20202
1412.75,27.7086,2.19149
1414.69,27.7086,2.19149
1416.61,27.7086,2.19149
1418.54,27.7191,2.1919
1420.47,27.7195,2.18137
1423.37,27.7195,2.18137
1425.29,27.7195,2.18137
1427.23,27.7199,2.17083
1429.14,27.7199,2.17083
1431.09,27.7199,2.17083
1433.01,27.7203,2.16029
1434.93,27.7203,2.16029
1436.86,27.7203,2.16029
1439.76,27.7309,2.1607
1441.69,27.7313,2.15016
1443.61,27.7313,2.15016
1445.55,27.7313,2.15016
1447.47,27.7317,2.13962
1449.4,27.7317,2.13962
1452.29,27.7317,2.13962
1454.23,27.7321,2.12908
1456.16,27.7426,2.12948
1458.09,27.7426,2.12948
1460,27.7426,2.12948
1462.91,27.743,2.11894
1464.84,27.743,2.11894
1466.75,27.743,2.11894
1468.69,27.7434,2.1084
1470.61,27.7434,2.1084
1473.51,27.7434,2.1084
1475.43,27.7544,2.09826
1477.37,27.7544,2.09826
1479.29,27.7544,2.09826
1482.18,27.7544,2.09826
1484.12,27.7548,2.08771
1486.04,27.7548,2.08771
1488.94,27.7548,2.08771
1490.87,27.7552,2.07717
1492.8,27.7657,2.07756
1495.68,27.7657,2.07756
1497.61,27.7661,2.06702
1499.54,27.7661,2.06702
1502.43,27.7661,2.06702
1504.37,27.7661,2.06702
1506.3,27.7665,2.05647
1509.18,27.7665,2.05647
1511.12,27.7771,2.05686
1513.04,27.7774,2.04631
1515.93,27.7774,2.04631
1517.87,27.7774,2.04631
1519.8,27.7774,2.04631
1522.7,27.7778,2.03576
1524.62,27.7778,2.03576
1527.51,27.7884,2.03615
1529.45,27.7888,2.0256
1532.33,27.7888,2.0256
1534.26,27.7888,2.0256
1536.19,27.7891,2.01505
1539.08,27.7891,2.01505
1541.02,27.7891,2.01505
1543.9,27.8001,2.00488
1545.83,27.8001,2.00488
1548.73,27.8001,2.00488
1550.65,27.8001,2.00488
1553.54,27.8005,1.99433
1555.48,27.8005,1.99433
1558.36,27.8005,1.99433
1560.31,27.8008,1.98378
1563.18,27.8114,1.98415
1565.12,27.8114,1.98415
1568.01,27.8118,1.9736
1569.93,27.8118,1.9736
1572.82,27.8118,1.9736
1575.72,27.8121,1.96304
1577.66,27.8227,1.96342
1580.55,27.8227,1.96342
1582.48,27.8227,1.96342
1585.36,27.8231,1.95286
1588.26,27.8231,1.95286
1590.2,27.8231,1.95286
1593.09,27.8234,1.9423
1595.02,27.834,1.94267
1597.9,27.834,1.94267
1600.79,27.8344,1.93211
1602.72,27.8344,1.93211
1605.63,27.8344,1.93211
1608.52,27.8344,1.93211
1610.44,27.8453,1.92192
1613.35,27.8453,1.92192
1616.24,27.8453,1.92192
1618.15,27.8456,1.91136
1621.06,27.8456,1.91136
1623.96,27.8456,1.91136
1626.84,27.8566,1.90116
1628.77,27.8566,1.90116
1631.67,27.8566,1.90116
1634.55,27.8566,1.90116
1637.44,27.8569,1.8906
1639.37,27.8569,1.8906
1642.28,27.8675,1.89096
1645.17,27.8678,1.88039
1648.04,27.8678,1.88039
1650.96,27.8678,1.88039
1653.85,27.8682,1.86983
1655.77,27.8682,1.86983
1658.65,27.8788,1.87018
1661.54,27.8788,1.87018
1664.45,27.8791,1.85962
1667.33,27.8791,1.85962
1670.23,27.8791,1.85962
1673.14,27.89,1.8494
1675.04,27.89,1.8494
1677.94,27.89,1.8494
1680.84,27.89,1.8494
1683.73,27.8904,1.83883
1686.63,27.9009,1.83918
1689.53,27.9009,1.83918
1692.42,27.9013,1.82861
1695.32,27.9013,1.82861
1698.2,27.9013,1.82861
1701.09,27.9122,1.81838
1703.98,27.9122,1.81838
1706.86,27.9122,1.81838
1709.78,27.9126,1.80781
1712.65,27.9126,1.80781
1715.56,27.9126,1.80781
1718.45,27.9231,1.80815
1721.35,27.9235,1.79758
1724.23,27.9235,1.79758
1727.12,27.9235,1.79758
1730.97,27.9344,1.78734
1733.88,27.9344,1.78734
1736.77,27.9344,1.78734
1739.68,27.9347,1.77677
1742.55,27.9347,1.77677
1745.44,27.9453,1.7771
1748.34,27.9453,1.7771
1752.2,27.9456,1.76653
1755.09,27.9456,1.76653
1757.99,27.9456,1.76653
1760.87,27.9565,1.75628
1763.76,27.9565,1.75628
1767.63,27.9565,1.75628
1770.54,27.9569,1.7457
1773.43,27.9675,1.74603
1776.29,27.9675,1.74603
1780.15,27.9678,1.73545
1783.07,27.9678,1.73545
1785.94,27.9678,1.73545
1789.81,27.9784,1.73578
1792.69,27.9787,1.72519
1795.59,27.9787,1.72519
1799.47,27.9787,1.72519
1802.35,27.9896,1.71493
1805.25,27.9896,1.71493
1809.1,27.9896,1.71493
1811.99,27.9899,1.70435
1814.88,28.0005,1.70467
1818.74,28.0005,1.70467
1821.63,28.0005,1.70467
1825.48,28.0008,1.69408
1828.39,28.0114,1.6944
1832.24,28.0114,1.6944
1835.13,28.0117,1.68381
1838.98,28.0117,1.68381
1841.89,28.0223,1.68413
1845.73,28.0227,1.67354
1848.63,28.0227,1.67354
1852.5,28.0227,1.67354
1855.39,28.0332,1.67385
1859.25,28.0336,1.66326
1863.1,28.0336,1.66326
1865.98,28.0336,1.66326
1869.86,28.0445,1.65298
1872.73,28.0445,1.65298
1876.6,28.0445,1.65298
1880.44,28.0554,1.64269
1883.35,28.0554,1.64269
1887.22,28.0554,1.64269
1891.07,28.0554,1.64269
1893.98,28.0663,1.6324
1897.82,28.0663,1.6324
1901.68,28.0663,1.6324
1905.52,28.0772,1.62211
1908.43,28.0772,1.62211
1912.27,28.0772,1.62211
1916.15,28.0775,1.6115
1920.01,28.0881,1.61181
1923.85,28.0881,1.61181
1927.71,28.0884,1.6012
1930.61,28.099,1.60151
1934.46,28.099,1.60151
1938.32,28.099,1.60151
1942.16,28.0993,1.5909
1946.02,28.1099,1.5912
1949.89,28.1099,1.5912
1953.74,28.1102,1.58059
1957.6,28.1208,1.58089
1961.48,28.1208,1.58089
1965.33,28.1211,1.57028
1969.16,28.1317,1.57058
1973.05,28.1317,1.57058
1976.91,28.1317,1.57058
1980.75,28.1426,1.56026
1984.6,28.1426,1.56026
1988.47,28.1426,1.56026
1992.31,28.1535,1.54994
1996.17,28.1535,1.54994
2000.04,28.1535,1.54994
2004.85,28.1645,1.53961
2008.72,28.1645,1.53961
2012.56,28.1645,1.53961
2016.41,28.1751,1.5399
2020.28,28.1754,1.52928
2025.11,28.1754,1.52928
2028.97,28.186,1.52957
2032.81,28.1863,1.51895
2036.66,28.1863,1.51895
2041.48,28.1969,1.51923
2045.37,28.1972,1.50861
2049.22,28.2078,1.50889
2054.02,28.2078,1.50889
2057.91,28.2081,1.49827
2062.71,28.2187,1.49855
2066.59,28.2187,1.49855
2070.44,28.2187,1.49855
2075.25,28.2296,1.4882
2079.13,28.2296,1.4882
2083.94,28.2403,1.48848
2087.77,28.2405,1.47785
2092.62,28.2405,1.47785
2096.48,28.2512,1.47813
2101.28,28.2514,1.46749
2106.11,28.2621,1.46777
2109.97,28.2621,1.46777
2114.79,28.2621,1.46777
2118.64,28.273,1.45741
2123.46,28.273,1.45741
2128.29,28.2836,1.45768
2133.11,28.2839,1.44704
2136.98,28.2839,1.44704
2141.79,28.2945,1.44731
2146.61,28.2948,1.43667
2151.42,28.3055,1.43694
2155.31,28.3055,1.43694
2160.11,28.3164,1.42656
2164.92,28.3164,1.42656
2169.76,28.3164,1.42656
2174.57,28.327,1.42683
2179.41,28.3273,1.41618
2184.22,28.3379,1.41645
2189.05,28.3379,1.41645
2193.85,28.3489,1.40606
2198.67,28.3489,1.40606
2203.52,28.3595,1.40633
2208.33,28.3598,1.39567
2213.17,28.3704,1.39594
2217.98,28.3704,1.39594
2222.81,28.3813,1.38554
2227.62,28.3813,1.38554
2232.44,28.3813,1.38554
2237.29,28.392,1.3858
2243.06,28.4029,1.3754
2247.85,28.4029,1.3754
2252.71,28.4029,1.3754
2257.49,28.4138,1.36499
2263.31,28.4245,1.36525
2268.14,28.4245,1.36525
2272.93,28.4248,1.35458
2278.73,28.4354,1.35484
2283.57,28.4461,1.35509
2288.38,28.4461,1.35509
2294.16,28.457,1.34467
2298.96,28.457,1.34467
2304.78,28.4677,1.34492
2309.58,28.4679,1.33425
2315.35,28.4786,1.3345
2320.19,28.4786,1.3345
2325.96,28.4895,1.32407
2331.76,28.4895,1.32407
2336.61,28.5002,1.32432
2342.36,28.5112,1.31389
2348.13,28.5112,1.31389
2353,28.5218,1.31413
2358.77,28.5218,1.31413
2364.57,28.5328,1.30369
2370.34,28.5435,1.30394
2376.14,28.5435,1.30394
2381.92,28.5544,1.29349
2386.75,28.5544,1.29349
2392.52,28.5651,1.29373
2398.31,28.576,1.28328
2404.08,28.576,1.28328
2409.87,28.5867,1.28352
2415.69,28.5869,1.27282
2421.42,28.5976,1.27306
2427.24,28.6083,1.2733
2433.98,28.6083,1.2733
2439.8,28.6193,1.26284
2445.59,28.63,1.26307
2451.34,28.63,1.26307
2457.12,28.6409,1.2526
2463.9,28.6516,1.25284
2469.68,28.6516,1.25284
2475.43,28.6626,1.24236
2482.19,28.6733,1.24259
2488,28.684,1.24282
2493.77,28.6842,1.23211
2500.5,28.6949,1.23234
2506.33,28.7057,1.23257
2513.07,28.7057,1.23257
2519.84,28.7166,1.22208
2525.57,28.7273,1.22231
2532.35,28.738,1.22254
2538.14,28.7383,1.21181
2544.92,28.749,1.21204
2551.61,28.7597,1.21226
2558.4,28.7707,1.20176
2564.17,28.7707,1.20176
2570.89,28.7814,1.20198
2577.65,28.7924,1.19147
2584.45,28.8031,1.1917
2591.14,28.8138,1.19192
2597.94,28.8138,1.19192
2604.64,28.8248,1.1814
2611.44,28.8355,1.18162
2618.14,28.8463,1.18184
2624.95,28.8572,1.17131
2631.65,28.868,1.17153
2639.36,28.8787,1.17175
2646.13,28.879,1.161
2652.87,28.8897,1.16122
2659.65,28.9005,1.16143
2667.38,28.9114,1.15089
2674.08,28.9222,1.15111
2681.83,28.933,1.15132
2688.61,28.9437,1.15153
2696.29,28.9547,1.14098
2703.07,28.9655,1.1412
2710.76,28.9762,1.14141
2717.47,28.9764,1.13064
2725.24,28.9872,1.13085
2732.91,28.998,1.13106
2740.63,29.009,1.1205
2747.4,29.0197,1.1207
2755.12,29.0305,1.12091
2762.81,29.0415,1.11034
2770.54,29.0523,1.11055
2778.24,29.0631,1.11075
2785.98,29.0848,1.10038
2793.69,29.0956,1.10058
2801.43,29.1064,1.10078
2809.15,29.1172,1.10099
2817.77,29.1282,1.0904
2825.5,29.139,1.0906
2833.26,29.1498,1.0908
2840.91,29.1608,1.0802
2849.65,29.1716,1.0804
2857.31,29.1824,1.0806
2865.99,29.2042,1.07019
2873.73,29.215,1.07039
2882.43,29.2258,1.07059
2891.09,29.2369,1.05997
2898.8,29.2477,1.06016
2907.48,29.2585,1.06036
2916.13,29.2803,1.04993
2924.83,29.2912,1.05012
2933.5,29.302,1.05032
2941.26,29.3128,1.05051
2949.94,29.3347,1.04006
2958.58,29.3455,1.04026
2968.24,29.3563,1.04045
2976.9,29.3782,1.02999
2985.61,29.3891,1.03018
2994.28,29.3999,1.03037
3003.91,29.4218,1.0199
3012.59,29.4326,1.02009
3021.24,29.4435,1.02028
3030.95,29.4654,1.00979
3039.61,29.4763,1.00998
3049.25,29.498,1.01035
3058.85,29.509,0.999672
3067.58,29.5308,1.00004
3077.21,29.5416,1.00022
3086.8,29.5634,1.00059
3096.45,29.5744,0.989898
3106.17,29.5962,0.990262
3115.75,29.6071,0.990444
3125.39,29.629,0.97992
3135.09,29.6508,0.98028
3144.75,29.6617,0.98046
3155.27,29.6837,0.969922
3164.96,29.6946,0.9701
3175.61,29.7164,0.970456
3185.22,29.7384,0.959904
3195.81,29.7602,0.960256
3205.44,29.7711,0.960432
3216.05,29.7931,0.949866
3226.64,29.815,0.950214
3236.35,29.8368,0.950562
3246.96,29.8479,0.939808
3257.54,29.8698,0.940152
3268.19,29.8916,0.940496
3278.8,29.9135,0.94084
3290.34,29.9356,0.93024
3300.87,29.9575,0.93058
3311.59,29.9794,0.93092
3323.14,30.0014,0.920304
3333.67,30.0233,0.92064
3345.26,30.0453,0.920976
3355.93,30.0674,0.910344
3367.46,30.0893,0.910676
3379.06,30.1113,0.911008
3390.64,30.1444,0.900524
3402.17,30.1663,0.900852
3413.78,30.1883,0.90118
3425.36,30.2104,0.890514
3436.9,30.2434,0.891
3448.51,30.2654,0.891324
3461.05,30.2876,0.88064
3472.58,30.3206,0.88112
3485.17,30.3427,0.88144
3496.63,30.3649,0.870738
3509.26,30.398,0.871212
3521.75,30.431,0.871686
3534.32,30.4533,0.860964
3546.85,30.4864,0.861432
3559.35,30.5085,0.861744
3571.94,30.5418,0.851158
3584.49,30.575,0.85162
3597.9,30.6082,0.852082
3610.5,30.6304,0.84132
3623.98,30.6637,0.841776
3636.5,30.6969,0.842232
3650.03,30.7302,0.842688
3663.54,30.7636,0.83205
3677.01,30.7969,0.8325
3690.58,30.8302,0.83295
3703.98,30.8637,0.822288
3717.47,30.897,0.822732
3732.04,30.9415,0.823324
3745.46,30.975,0.812636
3759.96,31.0196,0.81322
3774.44,31.053,0.813658
3787.88,31.0866,0.802944
3802.43,31.1312,0.80352
3816.79,31.1647,0.803952
3832.3,31.2095,0.793354
3846.75,31.2542,0.793922
3861.15,31.299,0.79449
3876.57,31.3439,0.78386
3891.05,31.3775,0.78428
3906.56,31.4335,0.78498
3922.03,31.4786,0.774318
3937.32,31.5235,0.77487
3952.88,31.5684,0.775422
3969.2,31.6248,0.764864
3984.7,31.6698,0.765408
4000,31.7148,0.765952
4016.39,31.7713,0.755358
4032.91,31.8277,0.756028
4049.24,31.8841,0.756698
4065.7,31.9407,0.746064
4081.97,31.9973,0.746724
4098.36,32.0539,0.747384
4115.73,32.1107,0.73671
4133.09,32.1787,0.73749
4149.55,32.2355,0.73814
4166.84,32.3038,0.727552
4184.28,32.372,0.72832
4202.56,32.4404,0.717696
4219.94,32.5088,0.718452
4237.29,32.5773,0.719208
4255.68,32.6574,0.70866
4273.87,32.7374,0.709528
4292.21,32.8176,0.710396
4310.53,32.9094,0.699914
4329.94,33.0013,0.70089
4348.2,33.0933,0.701866
4367.58,33.1854,0.702842
4386.73,33.2892,0.70394
4406.06,33.393,0.716596
4425.37,33.5086,0.729414
4444.64,33.6127,0.742144
4464.88,33.7285,0.766656
4485.11,33.8445,0.791248
4505.32,33.9607,0.81592
4525.71,34.0771,0.840672
4545.87,34.1935,0.8772
4567.04,34.3101,0.913848
4587.37,34.4269,0.950616
4608.51,34.5554,0.99943
4629.84,34.6724,1.04824
4652.03,34.8132,1.09759
4673.12,34.9305,1.14673
4695.28,35.0597,1.20809
4717.65,35.189,1.26966
4739.79,35.3186,1.33146
4762.81,35.4481,1.40538
4785.15,35.5778,1.47957
4808.15,35.7076,1.55402
4831.38,35.8374,1.64071
4854.37,35.9676,1.71571
4878.52,36.1093,1.81532
4902.68,36.2395,1.90295
4926.84,36.3695,2.00296
4950.99,36.4997,2.10331
4975.87,36.6299,2.20402
5000,36.7599,2.31721
5025.13,36.8899,2.4308
5051.27,37.0322,2.5452
5076.14,37.162,2.6718
5102.3,37.2919,2.79884
5128.47,37.4218,2.92632
5155.44,37.5512,3.0665
5181.35,37.6688,3.19436
5208.33,37.7983,3.33547
5236.42,37.9271,3.48939
5263.43,38.056,3.64384
5291.29,38.1847,3.79882
5319.15,38.3004,3.96608
5348.17,38.4284,4.13453
5377.21,38.5438,4.30286
5405.99,38.6716,4.47242
5435.08,38.786,4.65429
5464.78,38.9002,4.83673
5494.81,39.0143,5.01972
5525.78,39.1273,5.21581
5556.48,39.2401,5.4125
5587.22,39.3391,5.62147
5618.29,39.4514,5.81935
5650.04,39.5488,6.04211
5681.82,39.6468,6.25284
5714.61,39.7561,6.47782
5747.46,39.8397,6.70137
5781.35,39.9344,6.93924
5813.95,40.0298,7.16506
5848.64,40.1097,7.41576
5882.35,40.1902,7.65434
5917.16,40.2702,7.89349
5919.96,40.2805,7.92023
5931.9,40.31,8.01328
5944.24,40.328,8.09238
5952.74,40.3471,8.15875
5956.64,40.3573,8.18557
5968.72,40.3866,8.27885
5981.22,40.4044,8.35812
5988.38,40.4247,8.41187
5993.77,40.4335,8.45155
6006.37,40.4626,8.54506
6018.66,40.4788,8.6373
6024.1,40.4875,8.67704
6031.36,40.5077,8.73096
6044.12,40.5237,8.82333
6056.57,40.5524,8.91715
6069.43,40.5683,9.00965
6082.36,40.5968,9.10362
6094.96,40.6125,9.19624
6107.99,40.6266,9.30175
6121.07,40.6549,9.39595
6133.84,40.6703,9.48876
6147.04,40.6841,9.59447
6159.91,40.6993,9.68739
6173.22,40.7272,9.78189
6186.59,40.7407,9.8878
6199.63,40.7556,9.98091
6213.11,40.7688,10.0869
6226.65,40.7835,10.1802
6239.86,40.7966,10.2863
6253.52,40.8095,10.3925
6266.84,40.8239,10.4859
6280.62,40.8366,10.5923
6294.45,40.8491,10.6987
6307.95,40.8616,10.8052
6321.91,40.8739,10.9117
6335.93,40.8861,11.0183
6349.61,40.8999,11.1121
6363.75,40.899,11.2171
6377.55,40.9091,11.3367
6391.82,40.9208,11.4436
6406.15,40.9194,11.5487
6420.13,40.9309,11.6556
6434.59,40.9423,11.7627
6448.7,40.9406,11.8679
6463.29,40.9498,11.988
6477.52,40.9479,12.0933
6492.24,40.9458,12.1986
6507.03,40.9546,12.3189
6521.46,40.9522,12.4243
6536.37,40.9608,12.5447
6550.93,40.9581,12.6502
6565.99,40.9534,12.7687
6580.68,40.9505,12.8743
6595.87,40.9455,12.9929
6610.7,40.9403,13.1115
6626.03,40.935,13.2301
6641.43,40.9445,13.3379
6656.46,40.9259,13.4546
6672,40.9201,13.5733
6687.17,40.9142,13.6921
6702.86,40.908,13.8109
6718.17,40.9017,13.9298
6734.01,40.8953,14.0487
6749.46,40.8757,14.1654
6765.44,40.869,14.2844
6781.04,40.862,14.4034
6797.17,40.8397,14.5331
6812.92,40.8325,14.6522
6829.2,40.8121,14.769
6845.1,40.8045,14.8881
6861.53,40.7815,15.0179
6877.58,40.7605,15.1347
6894.17,40.7501,15.2668
6910.37,40.7289,15.3837
6927.13,40.7051,15.5135
6943.48,40.6835,15.6303
6960.4,40.6593,15.7601
6976.91,40.6374,15.877
6993.99,40.6128,16.0068
7010.66,40.588,16.1366
7027.9,40.5631,16.2664
7044.73,40.5404,16.3833
7062.15,40.5151,16.5131
7079.14,40.4766,16.6404
7096.22,40.4508,16.7702
7113.89,40.4249,16.9
7131.14,40.3858,17.0271
7148.98,40.3594,17.1569
7166.4,40.3199,17.284
7184.42,40.2932,17.4138
7202.02,40.2506,17.5538
7220.22,40.2104,17.6808
7237.98,40.1701,17.8078
7255.84,40.1296,17.9347
7274.31,40.099,18.0774
7292.35,40.0581,18.2043
7311.01,40.004,18.3283
7329.23,39.9598,18.468
7348.08,39.9182,18.5947
7366.48,39.8736,18.7344
7384.98,39.8316,18.861
7404.12,39.7735,18.9977
7422.8,39.7282,19.1371
7442.14,39.6726,19.2607
7461.02,39.6268,19.4001
7479.99,39.5679,19.5364
7499.63,39.5246,19.6627
7518.8,39.4652,19.7989
7538.64,39.4055,19.935
7558.01,39.3456,20.071
7577.48,39.2855,20.2069
7597.63,39.2251,20.3427
7617.31,39.1645,20.4784
7637.09,39.1037,20.6141
7657.55,39.0426,20.7496
7677.54,38.9684,20.8819
7698.23,38.9069,21.0172
7718.43,38.8323,21.1492
7738.74,38.7703,21.2844
7759.76,38.6918,21.429
7780.28,38.6293,21.564
7800.92,38.5538,21.6954
7822.28,38.4746,21.8397
7843.14,38.3985,21.9709
7864.11,38.3222,22.102
7885.81,38.2423,22.2458
7907.01,38.1655,22.3766
7928.33,38.085,22.5202
7950.39,37.995,22.6472
7971.94,37.914,22.7904
7993.61,37.8363,22.9207
8016.03,37.742,23.06
8037.94,37.6474,23.1991
8059.97,37.569,23.329
8082.11,37.474,23.4678
8105.04,37.3787,23.6064
8127.44,37.2868,23.732
8149.96,37.191,23.8702
8173.27,37.0949,24.0083
8196.05,36.9986,24.1461
8218.95,36.8893,24.2799
8242.66,36.7963,24.4046
8265.83,36.6865,24.538
8289.12,36.5892,24.6751
8312.55,36.479,24.808
8336.81,36.3685,24.9407
8360.5,36.2704,25.0771
8384.34,36.1595,25.2093
8408.31,36.0482,25.3413
8433.13,35.9368,25.4731
8457.37,35.8124,25.6005
8481.76,35.6964,25.7444
8506.29,35.5843,25.8754
8531.7,35.4592,26.0021
8556.52,35.334,26.1284
8581.48,35.2211,26.2586
8606.59,35.0954,26.3844
8632.6,34.9653,26.5225
8658.01,34.8392,26.6477
8683.57,34.7128,26.7726
8709.28,34.5819,26.9098
8735.91,34.4426,27.0298
8761.94,34.3156,27.1538
8788.12,34.1883,27.2775
8814.46,34.044,27.4091
8840.95,33.9039,27.5278
8868.39,33.7591,27.6586
8895.21,33.6186,27.7766
8922.2,33.4778,27.8943
8949.35,33.3324,28.024
8976.66,33.1913,28.141
9004.95,33.0499,28.2576
9032.61,32.8915,28.3817
9060.43,32.7498,28.4977
9088.43,32.5909,28.621
9116.6,32.4365,28.7315
9144.95,32.2772,28.854
9174.31,32.1224,28.9638
9203.02,31.9628,29.0855
9231.91,31.8077,29.1945
9260.97,31.6402,29.2983
9290.23,31.48,29.4187
9319.66,31.3122,29.5217
9350.16,31.1516,29.6413
9379.98,30.9835,29.7434
9409.99,30.8104,29.8572
9440.2,30.642,29.9584
9470.59,30.4686,30.0713
9501.19,30.2878,30.1667
9531.98,30.1191,30.2665
9563.89,29.9331,30.373
9595.09,29.7641,30.472
9626.49,29.5779,30.5775
9658.1,29.3967,30.6704
9689.92,29.2102,30.7749
9721.95,29.0287,30.8668
9754.19,28.8353,30.9532
9786.65,28.6485,31.0561
9820.29,28.4548,31.1413
9853.19,28.2731,31.2313
9886.31,28.0741,31.3274
10004.1,27.3897,31.6152
10019.8,27.2986,31.6589
10035.5,27.2075,31.7025
10051.3,27.1101,31.7287
10067,27.0189,31.772
10083,26.9332,31.8035
10098.9,26.8304,31.8411
10114.8,26.7446,31.8724
10130.8,26.6535,31.9152
10146.9,26.5506,31.9525
10163,26.4649,31.9834
10179.2,26.362,32.0204
10195.4,26.2762,32.0511
10211.7,26.1734,32.0878
10228.1,26.0876,32.1182
10244.4,25.9848,32.1547
10260.9,25.8874,32.1794
10277.4,25.7962,32.2211
10293.9,25.6989,32.2456
10310.6,25.596,32.2815
10327.2,25.5103,32.3113
10343.9,25.4074,32.3469
10360.8,25.3102,32.3709
10377.5,25.2073,32.4063
10394.5,25.1101,32.43
10411.4,25.0073,32.4651
10428.4,24.9101,32.4886
10445.4,24.8244,32.5176
10462.5,24.7216,32.5523
10479.8,24.6244,32.5754
10496.9,24.5102,32.6041
10514.3,24.4131,32.6269
10531.6,24.3103,32.6611
10549,24.2133,32.6836
10566.5,24.1162,32.7061
10584,24.0135,32.7398
10601.6,23.9165,32.7621
10619.2,23.8081,32.7784
10636.9,23.7054,32.8117
10654.7,23.6085,32.8335
10672.6,23.5003,32.8494
10690.5,23.3976,32.8823
10708.4,23.3007,32.9038
10726.4,23.1926,32.9193
10744.5,23.0899,32.9517
10762.6,22.9819,32.9669
10780.9,22.8852,32.9879
10799.1,22.7713,33.014
10817.5,22.6746,33.0347
10835.9,22.5667,33.0494
10854.2,22.4589,33.0639
10872.8,22.3623,33.0842
10891.3,22.2486,33.1096
10910,22.1409,33.1237
10928.7,22.0332,33.1376
10947.5,21.9367,33.1574
10966.4,21.8291,33.1711
10985.3,21.7156,33.1957
11004.2,21.6081,33.2091
11023.4,21.5006,33.2223
11042.5,21.3932,33.2354
11061.7,21.2859,33.2484
11080.9,21.1786,33.2612
11100.3,21.0713,33.2739
11119.6,20.9641,33.2864
11139.1,20.857,33.2988
11158.6,20.7498,33.3111
11178.3,20.6318,33.3171
11198,20.5248,33.3291
11217.7,20.4179,33.341
11237.5,20.311,33.3527
11257.3,20.1932,33.3581
11277.4,20.0864,33.3695
11297.4,19.9797,33.3808
11317.5,19.8622,33.3857
11337.6,19.7555,33.3967
11358,19.6381,33.4013
11378.2,19.5316,33.412
11398.6,19.4143,33.4164
11419.2,19.3141,33.416
11439.7,19.197,33.4201
11460.3,19.0907,33.4302
11481.1,18.9738,33.4339
11501.8,18.8569,33.4375
11522.7,18.757,33.4365
11543.6,18.6403,33.4398
11564.6,18.5236,33.4429
11585.7,18.407,33.4459
11606.9,18.2968,33.4381
11628.2,18.191,33.447
11649.4,18.0747,33.4495
11670.9,17.9647,33.4413
11692.4,17.8485,33.4435
11714,17.7387,33.435
11735.6,17.6227,33.4369
11757.4,17.5068,33.4387
11779.1,17.3973,33.4298
11801.1,17.271,33.4248
11823,17.1617,33.4156
11845.1,17.0461,33.4168
11867.2,16.937,33.4073
11889.5,16.8216,33.4081
11911.9,16.7023,33.392
11934.2,16.5934,33.3821
11956.7,16.4783,33.3824
11979.3,16.3593,33.3659
12001.9,16.2443,33.3659
12024.7,16.1256,33.349
12047.6,16.0173,33.3384
12070.4,15.8923,33.3316
12093.5,15.7842,33.3207
12116.7,15.6659,33.3032
12139.9,15.558,33.2921
12163.1,15.4399,33.2744
12186.5,15.3155,33.2667
12210,15.2079,33.2552
12233.6,15.0903,33.237
12257.2,14.9727,33.2186
12280.9,14.8553,33.2002
12304.8,14.7482,33.1881
12328.8,14.631,33.1693
12352.8,14.514,33.1504
12376.9,14.3971,33.1314
12401.1,14.2803,33.1122
12425.4,14.1636,33.0929
12449.9,14.0471,33.0734
12474.4,13.9308,33.0538
12499.1,13.8145,33.034
12523.8,13.6984,33.0141
12548.6,13.5824,32.994
12573.6,13.4633,32.9573
12598.6,13.3476,32.9369
12623.7,13.232,32.9164
12648.8,13.1166,32.8958
12674.1,12.9981,32.8585
12699.5,12.8829,32.8376
12725.1,12.7679,32.8166
12750.7,12.6499,32.7789
12776.5,12.5352,32.7576
12802.5,12.4273,32.7264
12828.4,12.3031,32.6981
12854.5,12.1955,32.6666
12880.6,12.0716,32.638
12906.9,11.9547,32.5996
12933.3,11.8408,32.5774
12959.7,11.7242,32.5387
12986.3,11.6174,32.5067
13013,11.4943,32.4774
13039.8,11.3782,32.4383
13066.8,11.2623,32.3991
13094,11.1493,32.3761
13121.1,11.0337,32.3367
13148.4,10.9183,32.2972
13175.8,10.8031,32.2575
13203.2,10.6881,32.2177
13230.8,10.5732,32.1778
13258.7,10.4586,32.1377
13286.6,10.3441,32.0976
13314.5,10.2298,32.0573
13342.6,10.1157,32.0169
13371,10.0017,31.9764
13399.3,9.88795,31.9357
13427.7,9.77438,31.895
13456.2,9.66099,31.8541
13485.1,9.54778,31.8131
13513.9,9.43241,31.7559
13542.8,9.31958,31.7147
13572,9.20695,31.6733
13601.2,9.09222,31.6158
13630.5,8.97998,31.5742
13659.9,8.86791,31.5325
13689.6,8.75384,31.4747
13719.3,8.64216,31.4328
13749.3,8.52853,31.3748
13779.2,8.41724,31.3326
13809.3,8.30406,31.2744
13839.7,8.19316,31.2321
13870,8.08042,31.1736
13900.7,7.97686,31.1221
13931.3,7.8576,31.0725
13962,7.74554,31.0138
13993.1,7.64259,30.9619
14024.1,7.53097,30.9031
14055.4,7.41958,30.8441
14086.7,7.31725,30.7921
14118.3,7.20631,30.7329
14149.9,7.0956,30.6737
14181.8,6.98513,30.6144
14213.6,6.87488,30.555
14245.8,6.76488,30.4956
14278,6.6551,30.436
14310.5,6.54556,30.3763
14342.9,6.44491,30.3236
14375.7,6.33582,30.2638
14408.4,6.22537,30.1883
14441.5,6.11677,30.1283
14474.5,6.0084,30.0682
14507.9,5.9073,29.9995
14541.4,5.7994,29.9393
14574.9,5.69878,29.8705
14608.8,5.59136,29.8101
14642.6,5.49121,29.7412
14676.7,5.37582,29.6736
14711.1,5.27617,29.6046
14745.3,5.17676,29.5355
14780,5.0776,29.4664
14814.8,4.96327,29.3985
14849.6,4.8646,29.3293
14884.7,4.76617,29.26
14920,4.65971,29.1836
14955.3,4.56178,29.1142
14990.9,4.45587,29.0378
15026.7,4.35844,28.9683
15062.5,4.25308,28.8918
15098.7,4.15615,28.8222
15135,4.05133,28.7456
15171.3,3.95491,28.6759
15208,3.85771,28.5911
15244.8,3.75373,28.5143
15281.9,3.65807,28.4446
15318.9,3.56171,28.3597
15356.3,3.46656,28.2898
15393.9,3.37075,28.2049
15431.6,3.26815,28.128
15469.6,3.17292,28.043
15507.5,3.0788,27.9731
15545.8,2.98412,27.8881
15584.3,2.88973,27.8032
15623,2.78854,27.726
15662,2.69473,27.641
15700.8,2.60898,27.5631
15740.1,2.51572,27.4782
15779.6,2.42274,27.3932
15819.3,2.33006,27.3082
15859.2,2.23766,27.2232
15899.3,2.14554,27.1382
15939.3,2.05372,27.0532
15979.8,1.96218,26.9683
16020.5,1.87094,26.8833
16061.4,1.78706,26.7907
16102.5,1.69638,26.7058
16143.9,1.606,26.6208
16185.4,1.52298,26.5283
16227.2,1.43317,26.4434
16269.2,1.35073,26.351
16311.4,1.25408,26.259
16353.8,1.17223,26.1667
16396.1,1.09067,26.0745
16439,1.00233,25.9896
16482.1,0.921344,25.8974
16525.4,0.840645,25.8053
16568.9,0.752955,25.7061
16612.7,0.672852,25.6141
16656.7,0.593035,25.5221
16700.9,0.513504,25.4301
16745.4,0.42708,25.3312
16790.1,0.348145,25.2393
16835,0.269496,25.1475
16880.2,0.184028,25.0487
16925.6,0.113024,24.9499
16971.3,0.035255,24.8583
17017.2,-0.049259,24.7597
17063.4,-0.119391,24.6611
17109.8,-0.203261,24.5626
17156.5,-0.272805,24.4643
17203.4,-0.342069,24.366
17250.6,-0.424987,24.2677
17298,-0.493663,24.1696
17346.1,-0.568916,24.0646
17394,-0.644025,23.9735
17442.3,-0.71864,23.8686
17490.8,-0.786144,23.7709
17539.6,-0.860125,23.6663
17588.6,-0.927045,23.5687
17637.9,-1.00039,23.4643
17687.5,-1.05973,23.3603
17737.4,-1.13245,23.2561
17787.6,-1.19821,23.1589
17838,-1.27029,23.0549
17889.1,-1.33507,22.9445
17940.1,-1.39994,22.8477
17991.4,-1.4641,22.7375
18043.1,-1.52839,22.6409
18095,-1.59193,22.531
18147.2,-1.6621,22.4276
18199.7,-1.71856,22.325
18252.8,-1.78116,22.2155
18306,-1.84344,22.1061
18359.4,-1.89904,22.0039
18413.2,-1.9607,21.8949
18467.2,-2.02205,21.786
18521.6,-2.0768,21.6842
18576.7,-2.13753,21.5757
18631.7,-2.19793,21.4672
18687,-2.25182,21.3659
18742.7,-2.31162,21.2578
18798.8,-2.36422,21.1437
18855.5,-2.41726,21.0428
18912.2,-2.46926,20.9291
18969.2,-2.52782,20.8217
19026.6,-2.57315,20.7152
19084.3,-2.6311,20.6081
19142.8,-2.68189,20.4952
19201.2,-2.73237,20.3824
19260,-2.7766,20.2767
19319.2,-2.8265,20.1644
19379.1,-2.8829,20.0582
19439,-2.92631,19.9531
19499.3,-2.96852,19.8355
19559.9,-3.01722,19.724
19621.3,-3.06562,19.6127
19682.7,-3.10794,19.5084
19744.5,-3.15575,19.3975
19806.7,-3.1965,19.2811
19869.7,-3.24371,19.1707
19932.6,-3.27821,19.0615
19996,-3.32484,18.9515
20059.8,-3.36445,18.8361
20124.4,-3.39819,18.7276
20189,-3.44394,18.6183
20254,-3.4827,18.5036
20319.8,-3.52118,18.3892
20385.7,-3.55388,18.2817
20452,-3.5918,18.1678
20518.7,-3.62944,18.0542
20586.3,-3.66138,17.9474
20653.9,-3.69846,17.8343
20722,-3.73526,17.7214
20790.9,-3.76518,17.6035
20859.8,-3.7961,17.4977
20929.3,-3.8255,17.3804
20999.6,-3.86119,17.2686
21069.9,-3.88481,17.1584
21140.8,-3.91996,17.0471
21212.5,-3.94829,16.9309
21284.3,-3.9712,16.8216
21356.6,-4.00554,16.7112
21429.8,-4.02798,16.6024
21503.1,-4.05529,16.4874
21576.8,-4.08233,16.3727
21651.6,-4.10407,16.2649
21726.4,-4.13061,16.1508
21801.7,-4.14546,16.0385
21878,-4.1715,15.9251
21954.4,-4.19728,15.812
22031.3,-4.21148,15.7007
22109.2,-4.23677,15.5882
22187.2,-4.25056,15.4776
22266.3,-4.27534,15.3658
22345.4,-4.28871,15.2558
22425,-4.30667,15.1398
22505.8,-4.32596,15.0353
22586.6,-4.34345,14.92
22668,-4.356,14.8114
22750.5,-4.37304,14.6968
22833.1,-4.38518,14.5889
22916.9,-4.40177,14.475
23000.7,-4.40727,14.3631
23085.1,-4.41884,14.2562
23170.7,-4.43477,14.1435
23256.4,-4.43974,14.0327
23343.2,-4.45072,13.9269
23430.2,-4.45984,13.8107
23517.8,-4.47043,13.7056
23606.6,-4.4747,13.5963
23695.6,-4.48322,13.4814
23785.7,-4.49325,13.3773
23876,-4.497,13.2692
23967,-4.50059,13.1615
24059.3,-4.50834,13.0481
24151.7,-4.51159,12.9412
24245.4,-4.51468,12.8346
24339.2,-4.5116,12.7242
24433.7,-4.51438,12.6185
24529.6,-4.51701,12.5131
24625.7,-4.51352,12.404
24723.1,-4.51584,12.2994
24820.7,-4.5162,12.1852
24919,-4.51229,12.0773
25018.8,-4.51414,11.9739
25118.7,-4.50996,11.8669
25220,-4.50163,11.7662
25321.6,-4.49723,11.66
25424.6,-4.49269,11.5543
25527.8,-4.48803,11.4489
25631.8,-4.48325,11.3441
25737.4,-4.47834,11.2396
25843.1,-4.46756,11.1317
25950.4,-4.45856,11.0339
26058,-4.45331,10.9307
26166.4,-4.44226,10.8242
26276.4,-4.43111,10.7182
26386.6,-4.42176,10.622
26498.5,-4.41044,10.5169
26610.6,-4.39904,10.4122
26724.4,-4.38385,10.3136
26838.4,-4.3723,10.2099
26953.5,-4.35701,10.1123
27070.2,-4.3453,10.0095
27187.2,-4.3299,9.9127
27306,-4.31804,9.81088
27425.1,-4.29708,9.71144
27545.9,-4.28155,9.61601
27667.1,-4.26408,9.5121
27789.4,-4.24846,9.4176
27913.5,-4.22743,9.32007
28037.9,-4.20984,9.21768
28164.3,-4.18879,9.12114
28290.9,-4.17305,9.02849
28419.6,-4.15197,8.9329
28548.6,-4.12563,8.83444
