# source: refractiveindex.info database (CC0), main/Ge2Sb2Te5/nk/Frantz-amorphous.yml
# freq_cm1,eps_real,eps_imag
337.519,13.9801,0
344.27,13.9801,0
345.232,13.9801,0
346.2,13.9801,0
347.162,13.9801,0
348.129,13.9801,0
355.834,13.9801,0
356.799,13.9801,0
358.732,13.9801,0
359.699,13.9801,0
360.659,13.9801,0
361.624,13.9801,0
362.595,13.9801,0
363.557,13.9801,0
364.524,13.9801,0
365.484,13.9801,0
366.448,13.9801,0
367.417,13.9801,0
368.378,13.9801,0
369.344,13.9801,0
370.302,13.9801,0
371.264,13.9801,0
372.232,13.9801,0
373.204,13.9801,0
374.167,13.9801,0
375.122,13.9801,0
376.095,13.9801,0
377.06,13.9801,0
378.015,13.9801,0
378.989,13.9801,0
379.954,13.9801,0
380.909,13.9801,0
381.883,13.9801,0
382.848,13.9801,0
383.803,13.9801,0
384.778,13.9801,0
385.728,13.9801,0
386.698,13.9801,0
387.657,13.9801,0
388.621,13.9801,0
389.59,13.9801,0
390.564,13.9801,0
391.527,13.9801,0
392.48,13.9801,0
393.453,13.9801,0
394.415,13.9801,0
395.382,13.9801,0
396.338,13.9801,0
397.314,13.9801,0
398.264,13.9801,0
399.233,13.9801,0
400.192,13.9801,0
401.171,13.9801,0
402.123,13.9801,0
403.096,13.9801,0
404.057,13.9801,0
405.022,13.9801,0
405.992,13.9801,0
406.951,13.9801,0
407.914,13.9801,0
408.881,13.9801,0
409.836,13.9801,0
410.813,13.9801,0
411.777,13.9801,0
412.729,13.9801,0
413.702,13.9801,0
414.662,13.9801,0
415.628,13.9801,0
416.597,13.9801,0
417.554,13.9801,0
418.515,13.9801,0
419.481,13.9801,0
420.451,13.9876,0
421.408,13.9876,0
422.386,13.9876,0
423.352,13.9876,0
424.304,13.9876,0
425.279,13.9876,0
426.239,13.9876,0
427.204,13.9876,0
428.174,13.9876,0
429.129,13.9876,0
430.089,13.9876,0
431.053,13.9876,0
432.021,13.9876,0
432.994,13.9876,0
433.952,13.9876,0
434.915,13.9876,0
435.882,13.9876,0
436.853,13.9876,0
437.809,13.9876,0
438.77,13.9876,0
439.734,13.9876,0
440.703,13.9876,0
441.657,13.9876,0
442.635,13.9876,0
443.597,13.9876,0
444.563,13.9876,0
445.534,13.9876,0
446.488,13.9876,0
447.447,13.9876,0
448.41,13.9876,0
449.378,13.9876,0
450.349,13.9876,0
451.304,13.9876,0
452.284,13.9876,0
453.248,13.9876,0
454.194,13.9876,0
455.166,13.9876,0
456.121,13.9876,0
457.101,13.9876,0
458.064,13.9876,0
459.031,13.9876,0
459.982,13.9876,0
460.957,13.9876,0
461.915,13.9876,0
462.877,13.9876,0
463.843,13.9876,0
464.814,13.9876,0
465.766,13.9876,0
466.744,13.9876,0
467.705,13.9876,0
468.669,13.9876,0
469.638,13.9876,0
470.588,13.9876,0
471.565,13.9876,0
472.523,13.9876,0
473.485,13.9876,0
474.451,13.9876,0
475.421,13.9876,0
476.372,13.9876,0
477.35,13.9876,0
478.309,13.9876,0
479.272,13.9876,0
480.238,13.9876,0
481.209,13.9876,0
482.16,13.9876,0
483.138,13.9876,0
484.097,13.9876,0
485.06,13.9876,0
486.027,13.9876,0
486.997,13.9876,0
487.948,13.9876,0
488.926,13.9876,0
489.884,13.9876,0
490.846,13.9876,0
491.811,13.9876,0
492.781,13.9876,0
493.73,13.9876,0
494.707,13.9876,0
495.663,13.9876,0
496.623,13.9876,0
497.587,13.9876,0
498.554,13.9876,0
499.525,13.9876,0
500.501,13.9876,0
501.454,13.9876,0
502.412,13.9876,0
503.373,13.9876,0
504.337,13.9876,0
505.306,13.9876,0
506.278,13.9876,0
507.254,13.9876,0
508.208,13.9876,0
509.165,13.9876,0
510.126,13.9876,0
511.091,13.9876,0
512.059,13.9876,0
513.031,13.9876,0
513.98,13.9876,0
514.96,13.9876,0
515.916,13.9876,0
516.876,13.9876,0
517.84,13.9876,0
518.807,13.9876,0
519.778,13.9876,0
520.752,13.9876,0
521.703,13.9876,0
522.685,13.9876,0
523.642,13.9876,0
524.604,13.9876,0
525.569,13.9876,0
526.537,13.9876,0
527.482,13.9876,0
528.457,13.9876,0
529.409,13.9876,0
530.391,13.9876,0
531.35,13.9876,0
532.311,13.9876,0
533.276,13.9876,0
534.245,13.9876,0
535.217,13.9876,0
536.164,13.9876,0
537.143,13.9876,0
538.097,13.9876,0
539.054,13.9876,0
540.015,13.9876,0
540.979,13.9876,0
541.947,13.9876,0
542.918,13.9876,0
543.892,13.9876,0
544.84,13.9876,0
545.822,13.9876,0
546.777,13.9876,0
547.735,13.9876,0
548.697,13.9876,0
549.662,13.9876,0
550.63,13.9876,0
551.602,13.9876,0
552.578,13.9876,0
553.526,13.9876,0
554.508,13.9876,0
555.463,13.9876,0
556.421,13.9876,0
557.383,13.9876,0
558.347,13.9876,0
559.315,13.9876,0
560.287,13.9876,0
561.23,13.9876,0
562.208,13.9876,0
563.158,13.9876,0
564.143,13.9876,0
565.099,13.9876,0
566.059,13.9876,0
567.022,13.9876,0
567.988,13.9876,0
568.958,13.9876,0
569.93,13.9876,0
570.874,13.9876,0
571.853,13.9876,0
572.803,13.9876,0
573.789,13.9876,0
574.746,13.9876,0
575.705,13.9876,0
576.668,13.9876,0
577.634,13.9876,0
578.603,13.9876,0
579.576,13.9876,0
580.518,13.9876,0
581.497,13.9876,0
582.445,13.9876,0
583.431,13.9876,0
584.385,13.9876,0
585.343,13.9876,0
586.304,13.9876,0
587.268,13.9876,0
588.235,13.9876,0
589.206,13.9876,0
590.179,13.9876,0
591.156,13.9876,0
592.101,13.9876,0
593.049,13.9876,0
594.036,13.9876,0
594.99,13.9876,0
595.948,13.9876,0
596.908,13.9876,0
597.872,13.9876,0
598.838,13.9876,0
599.808,13.9876,0
600.781,13.9876,0
601.757,13.9876,0
602.7,13.9951,0
603.682,13.9951,0
604.631,13.9951,0
605.62,13.9951,0
606.575,13.9951,0
607.533,13.9951,0
608.495,13.9951,0
609.459,13.9951,0
610.426,13.9951,0
611.396,13.9951,0
612.37,13.9951,0
613.309,13.9951,0
614.288,13.9951,0
615.233,13.9951,0
616.219,13.9951,0
617.17,13.9951,0
618.123,13.9951,0
619.118,13.9951,0
620.078,13.9951,0
621.041,13.9951,0
622.007,13.9951,0
622.975,13.9951,0
623.908,13.9951,0
624.883,13.9951,0
625.861,13.9951,0
626.802,13.9951,0
627.786,13.9951,0
628.733,13.9951,0
629.723,13.9951,0
630.676,13.9951,0
631.632,13.9951,0
632.591,13.9951,0
633.553,13.9951,0
634.518,13.9951,0
635.486,13.9951,0
636.456,13.9951,0
637.43,13.9951,0
638.407,13.9951,0
639.345,13.9951,0
640.328,13.9951,0
641.272,13.9951,0
642.261,13.9951,0
643.211,13.9951,0
644.164,13.9951,0
645.161,13.9951,0
646.12,13.9951,0
647.082,13.9951,0
648.046,13.9951,0
649.013,13.9951,0
649.984,13.9951,0
650.915,13.9951,0
651.89,13.9951,0
652.869,13.9951,0
653.808,13.9951,0
654.793,13.9951,0
655.738,13.9951,0
656.728,13.9951,0
657.678,13.9951,0
658.631,13.9951,0
659.587,13.9951,0
660.589,13.9951,0
661.551,13.9951,0
662.515,13.9951,0
663.482,13.9951,0
664.408,13.9951,0
665.38,13.9951,0
666.356,13.9951,0
667.334,13.9951,0
668.271,13.9951,0
669.254,13.9951,0
670.196,13.9951,0
671.186,13.9951,0
672.133,13.9951,0
673.129,13.9951,0
674.082,13.9951,0
675.037,13.9951,0
675.995,13.9951,0
676.956,13.9951,0
677.92,13.9951,0
678.887,13.9951,0
679.856,13.9951,0
680.828,13.9951,0
681.803,13.9951,0
682.734,13.9951,0
683.714,13.9951,0
684.697,13.9951,0
685.636,13.9951,0
686.625,13.9951,0
687.569,13.9951,0
688.516,13.9951,0
689.513,13.9951,0
690.465,13.9951,0
691.419,13.9951,0
692.377,13.9951,0
693.337,13.9951,0
694.3,13.9951,0
695.265,13.9951,0
696.233,13.9951,0
697.204,13.9951,0
698.178,13.9951,0
699.154,13.9951,0
700.133,13.9951,0
701.066,13.9951,0
702.05,13.9951,0
702.988,13.9951,0
703.977,13.9951,0
704.92,13.9951,0
705.916,13.9951,0
706.864,13.9951,0
707.814,13.9951,0
708.767,13.9951,0
709.774,13.9951,0
710.732,13.9951,0
711.693,13.9951,0
712.657,13.9951,0
713.623,13.9951,0
714.592,13.9951,0
715.564,13.9951,0
716.486,13.9951,0
717.463,13.9951,0
718.442,13.9951,0
719.373,13.9951,0
720.357,13.9951,0
721.345,13.9951,0
722.282,13.9951,0
723.275,13.9951,0
724.218,13.9951,0
725.163,13.9951,0
726.164,13.9951,0
727.114,13.9951,0
728.067,13.9951,0
729.022,13.9951,0
729.98,13.9951,0
730.994,13.9951,0
731.957,13.9951,0
732.869,13.9951,0
733.837,13.9951,0
734.808,13.9951,0
735.781,13.9951,0
736.757,13.9951,0
737.735,13.9951,0
738.662,13.9951,0
739.645,13.9951,0
740.631,14.0026,0
741.565,14.0026,0
742.556,14.0026,0
743.494,14.0026,0
744.491,14.0026,0
745.434,14.0026,0
746.38,14.0026,0
747.384,14.0026,0
748.335,14.0026,0
749.288,14.0026,0
750.244,14.0026,0
751.202,14.0026,0
752.162,14.0026,0
753.125,14.0026,0
754.091,14.0026,0
755.059,14.0026,0
756.029,14.0026,0
757.002,14.0026,0
757.978,14.0026,0
758.956,14.0026,0
759.878,14.0026,0
760.861,14.0026,0
761.847,14.0026,0
762.777,14.0026,0
763.767,14.0026,0
764.701,14.0026,0
765.697,14.0026,0
766.636,14.0026,0
767.636,14.0026,0
768.58,14.0026,0
769.527,14.0026,0
770.475,14.0026,0
771.486,14.0026,0
772.439,14.0026,0
773.395,14.0026,0
774.353,14.0026,0
775.314,14.0026,0
776.277,14.0026,0
777.242,14.0026,0
778.21,14.0026,0
779.18,14.0026,0
780.153,14.0026,0
781.128,14.0026,0
782.105,14.0026,0
783.024,14.0026,0
784.006,14.0026,0
784.991,14.0026,0
785.916,14.0026,0
786.906,14.0026,0
787.836,14.0026,0
788.83,14.0026,0
789.765,14.0026,0
790.764,14.0026,0
791.703,14.0026,0
792.707,14.0026,0
793.651,14.0026,0
794.597,14.0026,0
795.608,14.0026,0
796.559,14.0026,0
797.512,14.0026,0
798.467,14.0026,0
799.424,14.0026,0
800.384,14.0026,0
801.346,14.0026,0
802.311,14.0026,0
803.277,14.0026,0
804.246,14.0026,0
805.218,14.0026,0
806.192,14.0026,0
807.168,14.0026,0
808.146,14.0026,0
809.061,14.0026,0
810.045,14.0026,0
811.03,14.0026,0
811.952,14.0026,0
812.942,14.0026,0
813.868,14.0026,0
814.863,14.0026,0
815.86,14.0026,0
816.793,14.0026,0
817.728,14.0026,0
818.733,14.0026,0
819.672,14.0026,0
820.681,14.0026,0
821.625,14.0026,0
822.571,14.0026,0
823.52,14.0026,0
824.538,14.0026,0
825.491,14.0026,0
826.446,14.0026,0
827.404,14.0026,0
828.363,14.0026,0
829.325,14.0026,0
830.289,14.0026,0
831.255,14.0026,0
832.224,14.0026,0
833.194,14.0026,0
834.168,14.0026,0
835.143,14.0026,0
836.05,14.0026,0
837.03,14.0026,0
838.012,14.0026,0
838.997,14.0026,0
839.913,14.0026,0
840.901,14.0026,0
841.893,14.0026,0
842.815,14.0026,0
843.811,14.0026,0
844.737,14.0026,0
845.737,14.0026,0
846.668,14.0026,0
847.673,14.0026,0
848.608,14.0026,0
849.545,14.0026,0
850.557,14.0026,0
851.499,14.0026,0
852.442,14.0026,0
853.461,14.0026,0
854.409,14.0026,0
855.359,14.0026,0
856.311,14.01,0
857.265,14.01,0
858.295,14.01,0
859.254,14.01,0
860.215,14.01,0
861.178,14.01,0
862.143,14.01,0
863.111,14.01,0
864.08,14.01,0
864.977,14.01,0
865.951,14.01,0
866.927,14.01,0
867.905,14.01,0
868.885,14.01,0
869.868,14.01,0
870.777,14.01,0
871.764,14.01,0
872.753,14.01,0
873.668,14.01,0
874.661,14.01,0
875.58,14.01,0
876.578,14.01,0
877.578,14.01,0
878.503,14.01,0
879.507,14.01,0
880.437,14.01,0
881.368,14.01,0
882.379,14.01,0
883.314,14.01,0
884.33,14.01,0
885.269,14.01,0
886.211,14.01,0
887.154,14.01,0
888.178,14.01,0
889.126,14.01,0
890.076,14.01,0
891.027,14.01,0
891.981,14.01,0
892.937,14.01,0
893.975,14.01,0
894.935,14.01,0
895.897,14.01,0
896.861,14.01,0
897.827,14.01,0
898.796,14.01,0
899.766,14.01,0
900.657,14.01,0
901.632,14.01,0
902.609,14.01,0
903.587,14.01,0
904.568,14.01,0
905.551,14.01,0
906.454,14.01,0
907.441,14.01,0
908.43,14.01,0
909.339,14.01,0
910.332,14.01,0
911.328,14.01,0
912.242,14.01,0
913.242,14.01,0
914.16,14.01,0
915.164,14.01,0
916.086,14.01,0
917.095,14.01,0
918.021,14.01,0
919.033,14.01,0
919.963,14.01,0
920.98,14.01,0
921.914,14.01,0
922.85,14.01,0
923.873,14.01,0
924.813,14.01,0
925.754,14.01,0
926.698,14.01,0
927.73,14.01,0
928.678,14.01,0
929.627,14.01,0
930.579,14.01,0
931.532,14.01,0
932.488,14.01,0
933.445,14.01,0
934.405,14.01,0
935.366,14.01,0
936.33,14.01,0
937.295,14.01,0
938.262,14.01,0
939.232,14.01,0
940.203,14.01,0
941.176,14.01,0
942.152,14.01,0
943.129,14.01,0
944.109,14.01,0
945.09,14.01,0
945.984,14.01,0
946.97,14.01,0
947.957,14.01,0
948.947,14.01,0
949.848,14.01,0
950.841,14.01,0
951.837,14.01,0
952.744,14.01,0
953.743,14.01,0
954.654,14.01,0
955.657,14.01,0
956.663,14.01,0
957.579,14.01,0
958.589,14.0175,0
959.509,14.0175,0
960.523,14.0175,0
961.446,14.0175,0
962.371,14.0175,0
963.391,14.0175,0
964.32,14.0175,0
965.344,14.0175,0
966.277,14.0175,0
967.212,14.0175,0
968.242,14.0175,0
969.18,14.0175,0
970.12,14.0175,0
971.062,14.0175,0
972.006,14.0175,0
973.047,14.0175,0
973.994,14.0175,0
974.944,14.0175,0
975.895,14.0175,0
976.849,14.0175,0
977.804,14.0175,0
978.761,14.0175,0
979.72,14.0175,0
980.777,14.0175,0
981.74,14.0175,0
982.704,14.0175,0
983.671,14.0175,0
984.543,14.0175,0
985.513,14.0175,0
986.485,14.0175,0
987.459,14.0175,0
988.435,14.0175,0
989.413,14.0175,0
990.393,14.0175,0
991.375,14.0175,0
992.26,14.0175,0
993.246,14.0175,0
994.233,14.0175,0
995.223,14.0175,0
996.115,14.0175,0
997.108,14.0175,0
998.104,14.0175,0
999.101,14.0175,0
1000.02,14.0175,0
1001.94,14.0175,0
1002.91,14.0175,0
1003.87,14.0175,0
1004.84,14.0175,0
1005.8,14.0175,0
1006.77,14.0175,0
1007.73,14.0175,0
1008.69,14.0175,0
1009.66,14.0175,0
1010.62,14.0175,0
1011.59,14.0175,0
1012.56,14.0175,0
1013.52,14.0175,0
1014.49,14.0175,0
1015.44,14.0175,0
1016.42,14.0175,0
1017.38,14.0175,0
1018.34,14.0175,0
1020.27,14.0175,0
1021.23,14.0175,0
1022.19,14.0175,0
1023.16,14.0175,0
1024.13,14.0175,0
1025.09,14.0175,0
1026.05,14.0175,0
1027.02,14.0175,0
1027.98,14.0175,0
1028.94,14.0175,0
1029.91,14.0175,0
1031.84,14.0175,0
1032.8,14.0175,0
1033.77,14.0175,0
1034.74,14.0175,0
1035.7,14.0175,0
1036.67,14.0175,0
1037.62,14.0175,0
1038.59,14.0175,0
1039.56,14.0175,0
1041.48,14.0175,0
1042.45,14.0175,0
1043.42,14.0175,0
1044.38,14.0175,0
1045.35,14.0175,0
1046.31,14.0175,0
1047.27,14.0175,0
1048.23,14.0175,0
1050.17,14.025,0
1051.13,14.025,0
1052.09,14.025,0
1053.05,14.025,0
1054.02,14.025,0
1054.99,14.025,0
1056.91,14.025,0
1057.88,14.025,0
1058.84,14.025,0
1059.8,14.025,0
1060.77,14.025,0
1061.74,14.025,0
1062.7,14.025,0
1064.62,14.025,0
1065.6,14.025,0
1066.55,14.025,0
1067.52,14.025,0
1068.49,14.025,0
1070.41,14.025,0
1071.38,14.025,0
1072.34,14.025,0
1073.31,14.025,0
1074.28,14.025,0
1076.19,14.025,0
1077.17,14.025,0
1078.13,14.025,0
1079.1,14.025,0
1080.05,14.025,0
1081.98,14.025,0
1082.95,14.025,0
1083.92,14.025,0
1084.88,14.025,0
1085.85,14.025,0
1087.77,14.025,0
1088.73,14.025,0
1089.7,14.025,0
1090.67,14.025,0
1092.6,14.025,0
1093.55,14.025,0
1094.52,14.025,0
1095.48,14.025,0
1097.42,14.025,0
1098.38,14.025,0
1099.35,14.025,0
1100.3,14.025,0
1102.23,14.025,0
1103.2,14.025,0
1104.17,14.025,0
1105.13,14.025,0
1107.06,14.025,0
1108.02,14.025,0
1108.99,14.025,0
1109.95,14.025,0
1111.88,14.025,0
1112.84,14.025,0
1113.81,14.025,0
1115.74,14.025,0
1116.71,14.025,0
1117.67,14.025,0
1118.63,14.025,0
1120.56,14.025,0
1121.53,14.025,0
1122.49,14.025,0
1124.42,14.025,0
1125.38,14.025,0
1126.34,14.025,0
1128.27,14.025,0
1129.24,14.025,0
1130.2,14.025,0
1132.13,14.025,0
1133.09,14.025,0
1134.06,14.0325,0
1135.99,14.0325,0
1136.96,14.0325,0
1137.92,14.0325,0
1139.85,14.0325,0
1140.81,14.0325,0
1141.77,14.0325,0
1143.71,14.0325,0
1144.66,14.0325,0
1145.63,14.0325,0
1147.57,14.0325,0
1148.53,14.0325,0
1149.49,14.0325,0
1151.42,14.0325,0
1152.38,14.0325,0
1154.31,14.0325,0
1155.28,14.0325,0
1156.24,14.0325,0
1158.17,14.0325,0
1159.14,14.0325,0
1160.09,14.0325,0
1162.02,14.0325,0
1162.99,14.0325,0
1164.92,14.0325,0
1165.88,14.0325,0
1167.82,14.0325,0
1168.77,14.0325,0
1169.74,14.0325,0
1171.67,14.0325,0
1172.64,14.0325,0
1174.56,14.0325,0
1175.53,14.0325,0
1176.48,14.0325,0
1178.43,14.0325,0
1179.38,14.0325,0
1181.31,14.0325,0
1182.27,14.0325,0
1184.2,14.0325,0
1185.17,14.0325,0
1187.1,14.0325,0
1188.06,14.0325,0
1189.99,14.0325,0
1190.96,14.0325,0
1191.92,14.0325,0
1193.84,14.0325,0
1194.81,14.0325,0
1196.74,14.0325,0
1197.71,14.0325,0
1199.63,14.0325,0
1200.6,14.0325,0
1202.53,14.0325,0
1203.5,14.0325,0
1205.41,14.0325,0
1206.39,14.0325,0
1208.31,14.0325,0
1209.28,14.0325,0
1211.21,14.0325,0
1212.17,14.04,0
1214.09,14.04,0
1216.03,14.04,0
1216.99,14.04,0
1218.92,14.04,0
1219.88,14.04,0
1221.82,14.04,0
1222.78,14.04,0
1224.71,14.04,0
1225.67,14.04,0
1227.6,14.04,0
1228.56,14.04,0
1230.5,14.04,0
1232.42,14.04,0
1233.38,14.04,0
1235.32,14.04,0
1236.28,14.04,0
1238.21,14.04,0
1239.17,14.04,0
1241.1,14.04,0
1243.02,14.04,0
1244,14.04,0
1245.92,14.04,0
1246.88,14.04,0
1248.81,14.04,0
1250.75,14.04,0
1251.71,14.04,0
1253.64,14.04,0
1255.57,14.04,0
1256.53,14.04,0
1258.46,14.04,0
1260.38,14.04,0
1261.35,14.04,0
1263.28,14.04,0
1264.24,14.04,0
1266.18,14.04,0
1268.1,14.04,0
1269.07,14.04,0
1271,14.04,0
1272.93,14.04,0
1273.89,14.04,0
1275.82,14.04,0
1277.74,14.04,0
1279.67,14.04,0
1280.64,14.04,0
1282.56,14.04,0
1284.51,14.04,0
1285.46,14.0475,0
1287.38,14.0475,0
1289.32,14.0475,0
1291.24,14.0475,0
1292.21,14.0475,0
1294.15,14.0475,0
1296.08,14.0475,0
1297.03,14.0475,0
1298.95,14.0475,0
1300.9,14.0475,0
1302.81,14.0475,0
1303.78,14.0475,0
1305.7,14.0475,0
1307.63,14.0475,0
1309.57,14.0475,0
1311.49,14.0475,0
1312.46,14.0475,0
1314.39,14.0475,0
1316.33,14.0475,0
1318.25,14.0475,0
1320.18,14.0475,0
1321.14,14.0475,0
1323.07,14.0475,0
1324.99,14.0475,0
1326.93,14.0475,0
1328.85,14.0475,0
1329.82,14.0475,0
1331.75,14.0475,0
1333.67,14.0475,0
1335.61,14.0475,0
1337.54,14.0475,0
1339.46,14.0475,0
1341.4,14.0475,0
1342.35,14.0475,0
1344.28,14.0475,0
1346.22,14.0475,0
1348.14,14.0475,0
1350.07,14.0475,0
1352.01,14.0475,0
1353.93,14.0475,0
1355.86,14.055,0
1357.79,14.055,0
1358.75,14.055,0
1360.67,14.055,0
1362.6,14.055,0
1364.54,14.055,0
1366.47,14.055,0
1368.4,14.055,0
1370.33,14.055,0
1372.25,14.055,0
1374.17,14.055,0
1376.1,14.055,0
1378.04,14.055,0
1379.96,14.055,0
1381.9,14.055,0
1383.81,14.055,0
1385.75,14.055,0
1387.67,14.055,0
1389.6,14.055,0
1391.54,14.055,0
1393.48,14.055,0
1395.4,14.055,0
1397.33,14.055,0
1399.25,14.055,0
1401.19,14.055,0
1403.11,14.055,0
1405.05,14.055,0
1406.96,14.055,0
1408.89,14.055,0
1410.82,14.055,0
1412.75,14.055,0
1414.69,14.055,0
1416.61,14.055,0
1418.54,14.055,0
1420.47,14.0625,0
1423.37,14.0625,0
1425.29,14.0625,0
1427.23,14.0625,0
1429.14,14.0625,0
1431.09,14.0625,0
1433.01,14.0625,0
1434.93,14.0625,0
1436.86,14.0625,0
1439.76,14.0625,0
1441.69,14.0625,0
1443.61,14.0625,0
1445.55,14.0625,0
1447.47,14.0625,0
1449.4,14.0625,0
1452.29,14.0625,0
1454.23,14.0625,0
1456.16,14.0625,0
1458.09,14.0625,0
1460,14.0625,0
1462.91,14.0625,0
1464.84,14.0625,0
1466.75,14.0625,0
1468.69,14.0625,0
1470.61,14.0625,0
1473.51,14.0625,0
1475.43,14.0625,0
1477.37,14.0625,0
1479.29,14.0625,0
1482.18,14.0625,0
1484.12,14.07,0
1486.04,14.07,0
1488.94,14.07,0
1490.87,14.07,0
1492.8,14.07,0
1495.68,14.07,0
1497.61,14.07,0
1499.54,14.07,0
1502.43,14.07,0
1504.37,14.07,0
1506.3,14.07,0
1509.18,14.07,0
1511.12,14.07,0
1513.04,14.07,0
1515.93,14.07,0
1517.87,14.07,0
1519.8,14.07,0
1522.7,14.07,0
1524.62,14.07,0
1527.51,14.07,0
1529.45,14.07,0
1532.33,14.07,0
1534.26,14.07,0
1536.19,14.07,0
1539.08,14.07,0
1541.02,14.07,0
1543.9,14.0775,0
1545.83,14.0775,0
1548.73,14.0775,0
1550.65,14.0775,0
1553.54,14.0775,0
1555.48,14.0775,0
1558.36,14.0775,0
1560.31,14.0775,0
1563.18,14.0775,0
1565.12,14.0775,0
1568.01,14.0775,0
1569.93,14.0775,0
1572.82,14.0775,0
1575.72,14.0775,0
1577.66,14.0775,0
1580.55,14.0775,0
1582.48,14.0775,0
1585.36,14.0775,0
1588.26,14.0775,0
1590.2,14.0775,0
1593.09,14.0775,0
1595.02,14.0775,0
1597.9,14.0775,0
1600.79,14.085,0
1602.72,14.085,0
1605.63,14.085,0
1608.52,14.085,0
1610.44,14.085,0
1613.35,14.085,0
1616.24,14.085,0
1618.15,14.085,0
1621.06,14.085,0
1623.96,14.085,0
1626.84,14.085,0
1628.77,14.085,0
1631.67,14.085,0
1634.55,14.085,0
1637.44,14.085,0
1639.37,14.085,0
1642.28,14.085,0
1645.17,14.085,0
1648.04,14.085,0
1650.96,14.085,0
1653.85,14.085,0
1655.77,14.085,0
1658.65,14.0925,0
1661.54,14.0925,0
1664.45,14.0925,0
1667.33,14.0925,0
1670.23,14.0925,0
1673.14,14.0925,0
1675.04,14.0925,0
1677.94,14.0925,0
1680.84,14.0925,0
1683.73,14.0925,0
1686.63,14.0925,0
1689.53,14.0925,0
1692.42,14.0925,0
1695.32,14.0925,0
1698.2,14.0925,0
1701.09,14.0925,0
1703.98,14.0925,0
1706.86,14.0925,0
1709.78,14.1,0
1712.65,14.1,0
1715.56,14.1,0
1718.45,14.1,0
1721.35,14.1,0
1724.23,14.1,0
1727.12,14.1,0
1730.97,14.1,0
1733.88,14.1,0
1736.77,14.1,0
1739.68,14.1,0
1742.55,14.1,0
1745.44,14.1,0
1748.34,14.1,0
1752.2,14.1,0
1755.09,14.1,0
1757.99,14.1,0
1760.87,14.1,0
1763.76,14.1075,0
1767.63,14.1075,0
1770.54,14.1075,0
1773.43,14.1075,0
1776.29,14.1075,0
1780.15,14.1075,0
1783.07,14.1075,0
1785.94,14.1075,0
1789.81,14.1075,0
1792.69,14.1075,0
1795.59,14.1075,0
1799.47,14.1075,0
1802.35,14.1075,0
1805.25,14.1075,0
1809.1,14.1075,0
1811.99,14.115,0
1814.88,14.115,0
1818.74,14.115,0
1821.63,14.115,0
1825.48,14.115,0
1828.39,14.115,0
1832.24,14.115,0
1835.13,14.115,0
1838.98,14.115,0
1841.89,14.115,0
1845.73,14.115,0
1848.63,14.115,0
1852.5,14.115,0
1855.39,14.115,0
1859.25,14.115,0
1863.1,14.1226,0
1865.98,14.1226,0
1869.86,14.1226,0
1872.73,14.1226,0
1876.6,14.1226,0
1880.44,14.1226,0
1883.35,14.1226,0
1887.22,14.1226,0
1891.07,14.1226,0
1893.98,14.1226,0
1897.82,14.1226,0
1901.68,14.1226,0
1905.52,14.1226,0
1908.43,14.1301,0
1912.27,14.1301,0
1916.15,14.1301,0
1920.01,14.1301,0
1923.85,14.1301,0
1927.71,14.1301,0
1930.61,14.1301,0
1934.46,14.1301,0
1938.32,14.1301,0
1942.16,14.1301,0
1946.02,14.1301,0
1949.89,14.1301,0
1953.74,14.1301,0
1957.6,14.1376,0
1961.48,14.1376,0
1965.33,14.1376,0
1969.16,14.1376,0
1973.05,14.1376,0
1976.91,14.1376,0
1980.75,14.1376,0
1984.6,14.1376,0
1988.47,14.1376,0
1992.31,14.1376,0
1996.17,14.1376,0
2000.04,14.1451,0
2004.85,14.1451,0
2008.72,14.1451,0
2012.56,14.1451,0
2016.41,14.1451,0
2020.28,14.1451,0
2025.11,14.1451,0
2028.97,14.1451,0
2032.81,14.1451,0
2036.66,14.1451,0
2041.48,14.1451,0
2045.37,14.1526,0
2049.22,14.1526,0
2054.02,14.1526,0
2057.91,14.1526,0
2062.71,14.1526,0
2066.59,14.1526,0
2070.44,14.1526,0
2075.25,14.1526,0
2079.13,14.1526,0
2083.94,14.1526,0
2087.77,14.1602,0
2092.62,14.1602,0
2096.48,14.1602,0
2101.28,14.1602,0
2106.11,14.1602,0
2109.97,14.1602,0
2114.79,14.1602,0
2118.64,14.1602,0
2123.46,14.1602,0
2128.29,14.1677,0
2133.11,14.1677,0
2136.98,14.1677,0
2141.79,14.1677,0
2146.61,14.1677,0
2151.42,14.1677,0
2155.31,14.1677,0
2160.11,14.1677,0
2164.92,14.1677,0
2169.76,14.1752,0
2174.57,14.1752,0
2179.41,14.1752,0
2184.22,14.1752,0
2189.05,14.1752,0
2193.85,14.1752,0
2198.67,14.1752,0
2203.52,14.1752,0
2208.33,14.1752,0
2213.17,14.1828,0
2217.98,14.1828,0
2222.81,14.1828,0
2227.62,14.1828,0
2232.44,14.1828,0
2237.29,14.1828,0
2243.06,14.1828,0
2247.85,14.1828,0
2252.71,14.1903,0
2257.49,14.1903,0
2263.31,14.1903,0
2268.14,14.1903,0
2272.93,14.1903,0
2278.73,14.1903,0
2283.57,14.1903,0
2288.38,14.1978,0
2294.16,14.1978,0
2298.96,14.1978,0
2304.78,14.1978,0
2309.58,14.1978,0
2315.35,14.1978,0
2320.19,14.1978,0
2325.96,14.2054,0
2331.76,14.2054,0
2336.61,14.2054,0
2342.36,14.2054,0
2348.13,14.2054,0
2353,14.2054,0
2358.77,14.2054,0
2364.57,14.2129,0
2370.34,14.2129,0
2376.14,14.2129,0
2381.92,14.2129,0
2386.75,14.2129,0
2392.52,14.2129,0
2398.31,14.2129,0
2404.08,14.2204,0
2409.87,14.2204,0
2415.69,14.2204,0
2421.42,14.2204,0
2427.24,14.2204,0
2433.98,14.2204,0
2439.8,14.228,0
2445.59,14.228,0
2451.34,14.228,0
2457.12,14.228,0
2463.9,14.228,0
2469.68,14.228,0
2475.43,14.2355,0
2482.19,14.2355,0
2488,14.2355,0
2493.77,14.2355,0
2500.5,14.2355,0
2506.33,14.2431,0
2513.07,14.2431,0
2519.84,14.2431,0
2525.57,14.2431,0
2532.35,14.2431,0
2538.14,14.2431,0
2544.92,14.2506,0
2551.61,14.2506,0
2558.4,14.2506,0
2564.17,14.2506,0
2570.89,14.2506,0
2577.65,14.2582,0
2584.45,14.2582,0
2591.14,14.2582,0
2597.94,14.2582,0
2604.64,14.2582,0
2611.44,14.2657,0
2618.14,14.2657,0
2624.95,14.2657,0
2631.65,14.2657,0
2639.36,14.2733,0
2646.13,14.2733,0
2652.87,14.2733,0
2659.65,14.2733,0
2667.38,14.2733,0
2674.08,14.2808,0
2681.83,14.2808,0
2688.61,14.2808,0
2696.29,14.2808,0
2703.07,14.2884,0
2710.76,14.2884,0
2717.47,14.2884,0
2725.24,14.2884,0
2732.91,14.2884,0
2740.63,14.296,0
2747.4,14.296,0
2755.12,14.296,0
2762.81,14.296,0
2770.54,14.3035,0
2778.24,14.3035,0
2785.98,14.3035,0
2793.69,14.3035,0
2801.43,14.3111,0
2809.15,14.3111,0
2817.77,14.3111,0
2825.5,14.3187,0
2833.26,14.3187,0
2840.91,14.3187,0
2849.65,14.3187,0
2857.31,14.3262,0
2865.99,14.3262,0
2873.73,14.3262,0
2882.43,14.3262,0
2891.09,14.3338,0
2898.8,14.3338,0
2907.48,14.3338,0
2916.13,14.3414,0
2924.83,14.3414,0
2933.5,14.3414,0
2941.26,14.3414,0
2949.94,14.3489,0
2958.58,14.3489,0
2968.24,14.3489,0
2976.9,14.3565,0
2985.61,14.3565,0
2994.28,14.3565,0
3003.91,14.3641,0
3012.59,14.3641,0
3021.24,14.3641,0
3030.95,14.3717,0
3039.61,14.3717,0
3049.25,14.3717,0
3058.85,14.3793,0
3067.58,14.3793,0
3077.21,14.3793,0
3086.8,14.3868,0
3096.45,14.3868,0
3106.17,14.3868,0
3115.75,14.3944,0
3125.39,14.3944,0
3135.09,14.402,0
3144.75,14.402,0
3155.27,14.402,0
3164.96,14.4096,0
3175.61,14.4096,0
3185.22,14.4172,0
3195.81,14.4172,0
3205.44,14.4172,0
3216.05,14.4248,0
3226.64,14.4248,0
3236.35,14.4324,0
3246.96,14.4324,0
3257.54,14.4324,0
3268.19,14.44,0
3278.8,14.44,0
3290.34,14.4476,0
3300.87,14.4476,0
3311.59,14.4552,0
3323.14,14.4552,0
3333.67,14.4552,0
3345.26,14.4628,0
3355.93,14.4628,0
3367.46,14.4704,0
3379.06,14.4704,0
3390.64,14.478,0
3402.17,14.478,0
3413.78,14.4856,0
3425.36,14.4856,0
3436.9,14.4932,0
3448.51,14.4932,0
3461.05,14.5009,0
3472.58,14.5009,0
3485.17,14.5085,0
3496.63,14.5085,0
3509.26,14.5161,0
3521.75,14.5161,0
3534.32,14.5237,0
3546.85,14.5313,0
3559.35,14.5313,0
3571.94,14.539,0
3584.49,14.539,0
3597.9,14.5466,0
3610.5,14.5542,0
3623.98,14.5542,0
3636.5,14.5619,0
3650.03,14.5619,0
3663.54,14.5695,0
3677.01,14.5771,0
3690.58,14.5771,0
3703.98,14.5848,0
3717.47,14.5924,0
3732.04,14.5924,0
3745.46,14.6,0
3759.96,14.6077,0
3774.44,14.6077,0
3787.88,14.6153,0
3802.43,14.623,0
3816.79,14.623,0
3832.3,14.6306,0
3846.75,14.6383,0
3861.15,14.6459,0
3876.57,14.6459,0
3891.05,14.6536,0
3906.56,14.6612,0
3922.03,14.6689,0
3937.32,14.6689,0
3952.88,14.6766,0
3969.2,14.6842,0
3984.7,14.6919,0
4000,14.6996,0
4016.39,14.7072,0
4032.91,14.7149,0
4049.24,14.7149,0
4065.7,14.7226,0
4081.97,14.7302,0
4098.36,14.7379,0
4115.73,14.7456,0
4133.09,14.7533,0
4149.55,14.761,0
4166.84,14.7686,0
4184.28,14.7763,0
4202.56,14.784,0
4219.94,14.7917,0
4237.29,14.7994,0
4255.68,14.8071,0
4273.87,14.8148,0
4292.21,14.8225,0
4310.53,14.8302,0
4329.94,14.8456,0
4348.2,14.8533,0
4367.58,14.861,0
4386.73,14.8687,0
4406.06,14.8764,0
4425.37,14.8842,0
4444.64,14.8996,0
4464.88,14.9073,0
4485.11,14.915,0
4505.32,14.9228,0
4525.71,14.9382,0
4545.87,14.946,0
4567.04,14.9537,0
4587.37,14.9692,0
4608.51,14.9769,0
4629.84,14.9924,0
4652.03,15.0001,0
4673.12,15.0156,0
4695.28,15.0234,0
4717.65,15.0389,0
4739.79,15.0466,0
4762.81,15.0622,0
4785.15,15.0777,0
4808.15,15.0855,0
4831.38,15.101,0
4854.37,15.1165,0
4878.52,15.1243,0
4902.68,15.1399,0
4926.84,15.1554,0
4950.99,15.171,0
4975.87,15.1866,0
5000,15.2022,0
5025.13,15.2178,0
5051.27,15.2334,0
5076.14,15.249,0
5102.3,15.2646,0
5128.47,15.2803,0
5155.44,15.2959,0
5181.35,15.3194,0
5208.33,15.3351,0
5236.42,15.3507,0
5263.43,15.3742,0
5291.29,15.3899,0
5319.15,15.4135,0
5348.17,15.4292,0
5377.21,15.4528,0
5405.99,15.4764,0
5435.08,15.4921,0
5464.78,15.5157,0
5494.81,15.5394,0
5525.78,15.563,0
5556.48,15.5867,0
5587.22,15.6104,0
5618.29,15.642,0
5650.04,15.6658,0
5681.82,15.6895,0
5714.61,15.7212,0
5747.46,15.753,0
5781.35,15.7847,0
5813.95,15.8086,0
5848.64,15.8404,0
5882.35,15.8802,0
5917.16,15.9121,0
5919.96,15.9121,0
5931.9,15.9281,0
5944.24,15.9361,0
5956.64,15.952,0
5968.72,15.96,0
5981.22,15.976,0
5993.77,15.992,0
6006.37,16,0
6018.66,16.016,0
6031.36,16.032,0
6044.12,16.048,0
6056.57,16.056,0
6069.43,16.0721,0
6082.36,16.0881,0
6094.96,16.1042,0
6107.99,16.1202,0
6121.07,16.1363,0
6133.84,16.1524,0
6147.04,16.1684,0
6159.91,16.1845,0
6173.22,16.2006,0
6186.59,16.2167,0
6199.63,16.2328,0.008058
6213.11,16.257,0.008064
6226.65,16.2732,0.008068
6239.86,16.2893,0.008072
6253.52,16.3135,0.008078
6266.84,16.3297,0.016164
6280.62,16.3458,0.016172
6294.45,16.3701,0.024276
6307.95,16.3863,0.024288
6321.91,16.4106,0.024306
6335.93,16.4268,0.032424
6349.61,16.443,0.03244
6363.75,16.4673,0.04058
6377.55,16.4836,0.04872
6391.82,16.5079,0.048756
6406.15,16.5323,0.056924
6420.13,16.5486,0.056952
6434.59,16.573,0.065136
6448.7,16.5892,0.073314
6463.29,16.6137,0.08152
6477.52,16.6381,0.08158
6492.24,16.6544,0.089782
6507.03,16.6789,0.098016
6521.46,16.6952,0.106236
6536.37,16.7197,0.114492
6550.93,16.7442,0.12276
6565.99,16.7688,0.13104
6580.68,16.7851,0.139298
6595.87,16.8097,0.1476
6610.7,16.8342,0.155914
6626.03,16.8506,0.1642
6641.43,16.8752,0.172536
6656.46,16.8998,0.189106
6672,16.9244,0.197472
6687.17,16.9491,0.20585
6702.86,16.9655,0.214188
6718.17,16.9901,0.230832
6734.01,17.0148,0.23925
6749.46,17.0394,0.255936
6765.44,17.0641,0.264384
6781.04,17.0805,0.281044
6797.17,17.1053,0.28952
6812.92,17.13,0.306286
6829.2,17.1547,0.314792
6845.1,17.1794,0.3316
6861.53,17.2042,0.340136
6877.58,17.229,0.356986
6894.17,17.2454,0.37377
6910.37,17.2701,0.390664
6927.13,17.295,0.399264
6943.48,17.3197,0.4162
6960.4,17.3445,0.43316
6976.91,17.3693,0.450144
6993.99,17.3941,0.467152
7010.66,17.4189,0.484184
7027.9,17.4437,0.50124
7044.73,17.4686,0.51832
7062.15,17.485,0.535296
7079.14,17.5099,0.55242
7096.22,17.5347,0.569568
7113.89,17.5594,0.595122
7131.14,17.5843,0.612324
7148.98,17.6092,0.62955
7166.4,17.6341,0.6468
7184.42,17.6588,0.67248
7202.02,17.6837,0.689784
7220.22,17.7086,0.707112
7237.98,17.7334,0.732888
7255.84,17.7583,0.75027
7274.31,17.7746,0.775928
7292.35,17.7996,0.79336
7311.01,17.8243,0.819262
7329.23,17.8491,0.8452
7348.08,17.874,0.862716
7366.48,17.8988,0.88872
7384.98,17.9236,0.91476
7404.12,17.9483,0.940836
7422.8,17.9733,0.958466
7442.14,17.9981,0.984608
7461.02,18.0144,1.01055
7479.99,18.0391,1.03676
7499.63,18.0639,1.063
7518.8,18.0886,1.08928
7538.64,18.1134,1.1156
7558.01,18.1382,1.14195
7577.48,18.1627,1.17686
7597.63,18.1874,1.20329
7617.31,18.2036,1.22947
7637.09,18.2284,1.25597
7657.55,18.2531,1.2825
7677.54,18.2776,1.31762
7698.23,18.3023,1.34423
7718.43,18.3267,1.37945
7738.74,18.3429,1.40581
7759.76,18.3673,1.4411
7780.28,18.392,1.46786
7800.92,18.4164,1.50325
7822.28,18.4325,1.52973
7843.14,18.4569,1.5652
7864.11,18.4812,1.60072
7885.81,18.5059,1.62767
7907.01,18.5216,1.66289
7928.33,18.5459,1.69853
7950.39,18.5702,1.73423
7971.94,18.5945,1.76997
7993.61,18.6101,1.80534
8016.03,18.6343,1.84117
8037.94,18.6585,1.87705
8059.97,18.6741,1.91253
8082.11,18.6983,1.9485
8105.04,18.7224,1.98451
8127.44,18.7379,2.02011
8149.96,18.7616,2.06489
8173.27,18.777,2.10056
8196.05,18.8011,2.13676
8218.95,18.816,2.18119
8242.66,18.8401,2.21748
8265.83,18.8636,2.26252
8289.12,18.8789,2.29838
8312.55,18.9024,2.34353
8336.81,18.9176,2.37947
8360.5,18.9323,2.42416
8384.34,18.9557,2.46946
8408.31,18.9709,2.50551
8433.13,18.9942,2.55091
8457.37,19.0087,2.59578
8481.76,19.0232,2.64069
8506.29,19.0464,2.68625
8531.7,19.0608,2.73125
8556.52,19.0752,2.77629
8581.48,19.0982,2.82201
8606.59,19.1125,2.86714
8632.6,19.1268,2.9123
8658.01,19.141,2.95751
8683.57,19.1639,3.00344
8709.28,19.1773,3.05753
8735.91,19.1914,3.10287
8761.94,19.2054,3.14825
8788.12,19.2187,3.20247
8814.46,19.2326,3.24794
8840.95,19.2458,3.30225
8868.39,19.2596,3.3478
8895.21,19.2727,3.4022
8922.2,19.2856,3.45666
8949.35,19.2993,3.50233
8976.66,19.3122,3.55688
9004.95,19.3249,3.61147
9032.61,19.3377,3.66611
9060.43,19.3503,3.7208
9088.43,19.3638,3.76669
9116.6,19.3675,3.82061
9144.95,19.3791,3.88427
9174.31,19.3915,3.93914
9203.02,19.4038,3.99406
9231.91,19.4072,4.04811
9260.97,19.4194,4.10311
9290.23,19.4227,4.15722
9319.66,19.4338,4.22117
9350.16,19.4369,4.27534
9379.98,19.4478,4.33939
9409.99,19.4508,4.39362
9440.2,19.4616,4.45776
9470.59,19.4644,4.51206
9501.19,19.475,4.57629
9531.98,19.4777,4.63065
9563.89,19.4792,4.69392
9595.09,19.4807,4.75722
9626.49,19.4909,4.82163
9658.1,19.4922,4.885
9689.92,19.4945,4.9395
9721.95,19.4956,5.00292
9754.19,19.4965,5.06638
9786.65,19.4963,5.13876
9820.29,19.4971,5.20227
9853.19,19.4977,5.26581
9886.31,19.4983,5.32938
10004.1,19.4844,5.56358
10019.8,19.4896,5.59159
10035.5,19.4845,5.62726
10051.3,19.4807,5.65401
10067,19.4769,5.68077
10083,19.4807,5.71772
10098.9,19.4769,5.74448
10114.8,19.4717,5.78016
10130.8,19.4678,5.80692
10146.9,19.4715,5.84391
10163,19.4676,5.87068
10179.2,19.4623,5.90636
10195.4,19.4583,5.93313
10211.7,19.453,5.96882
10228.1,19.4565,6.00585
10244.4,19.4525,6.03262
10260.9,19.447,6.06832
10277.4,19.443,6.09509
10293.9,19.4375,6.13079
10310.6,19.432,6.16648
10327.2,19.4278,6.19326
10343.9,19.4312,6.23035
10360.8,19.427,6.25713
10377.5,19.4213,6.29283
10394.5,19.4157,6.32853
10411.4,19.4114,6.35531
10428.4,19.4057,6.39102
10445.4,19.4,6.42672
10462.5,19.3942,6.46242
10479.8,19.3898,6.4892
10496.9,19.384,6.52491
10514.3,19.3781,6.56061
10531.6,19.3722,6.59631
10549,19.3678,6.62309
10566.5,19.3619,6.6588
10584,19.3559,6.6945
10601.6,19.3409,6.7287
10619.2,19.3349,6.76439
10636.9,19.3303,6.79116
10654.7,19.3242,6.82686
10672.6,19.3181,6.86256
10690.5,19.3119,6.89825
10708.4,19.3057,6.93395
10726.4,19.2906,6.96808
10744.5,19.2843,7.00377
10762.6,19.278,7.03946
10780.9,19.2733,7.06622
10799.1,19.2669,7.10191
10817.5,19.2516,7.136
10835.9,19.2452,7.17168
10854.2,19.2387,7.20736
10872.8,19.2233,7.24142
10891.3,19.2168,7.27709
10910,19.2103,7.31276
10928.7,19.2037,7.34843
10947.5,19.1882,7.38245
10966.4,19.1815,7.41811
10985.3,19.166,7.4521
11004.2,19.1592,7.48776
11023.4,19.1508,7.53233
11042.5,19.1351,7.56629
11061.7,19.1283,7.60194
11080.9,19.1126,7.63587
11100.3,19.1057,7.67151
11119.6,19.0899,7.70542
11139.1,19.083,7.74105
11158.6,19.0671,7.77494
11178.3,19.0583,7.81947
11198,19.0424,7.85333
11217.7,19.0353,7.88894
11237.5,19.0193,7.92278
11257.3,19.0122,7.95839
11277.4,18.9943,8.0011
11297.4,18.9782,8.03489
11317.5,18.971,8.07049
11337.6,18.9548,8.10426
11358,18.9368,8.1469
11378.2,18.9294,8.18248
11398.6,18.9131,8.21621
11419.2,18.8968,8.24992
11439.7,18.8786,8.2925
11460.3,18.8712,8.32806
11481.1,18.8548,8.36173
11501.8,18.8364,8.40426
11522.7,18.82,8.4379
11543.6,18.8016,8.4804
11564.6,18.7939,8.51592
11585.7,18.7774,8.54951
11606.9,18.7588,8.59197
11628.2,18.7422,8.62553
11649.4,18.7236,8.66794
11670.9,18.7069,8.70147
11692.4,18.6901,8.73498
11714,18.6714,8.77734
11735.6,18.6546,8.81082
11757.4,18.6358,8.85314
11779.1,18.6189,8.88658
11801.1,18.6,8.92886
11823,18.583,8.96227
11845.1,18.564,9.00452
11867.2,18.547,9.03789
11889.5,18.5191,9.07805
11911.9,18.5,9.12023
11934.2,18.4829,9.15354
11956.7,18.4636,9.19568
11979.3,18.4465,9.22896
12001.9,18.4183,9.26896
12024.7,18.4011,9.3022
12047.6,18.3817,9.34426
12070.4,18.3623,9.38629
12093.5,18.3361,9.41734
12116.7,18.3166,9.45933
12139.9,18.297,9.50129
12163.1,18.2707,9.53226
12186.5,18.2511,9.57418
12210,18.2226,9.61389
12233.6,18.205,9.64695
12257.2,18.1764,9.6866
12280.9,18.1566,9.72842
12304.8,18.1279,9.768
12328.8,18.1102,9.80097
12352.8,18.0814,9.84049
12376.9,18.0614,9.88221
12401.1,18.0326,9.92165
12425.4,18.006,9.95227
12449.9,17.9858,9.99392
12474.4,17.9569,10.0333
12499.1,17.9279,10.0726
12523.8,17.9076,10.1141
12548.6,17.8785,10.1533
12573.6,17.8517,10.1838
12598.6,17.8225,10.2229
12623.7,17.8021,10.2644
12648.8,17.7728,10.3035
12674.1,17.7435,10.3425
12699.5,17.7142,10.3815
12725.1,17.6848,10.4205
12750.7,17.6554,10.4594
12776.5,17.6259,10.4983
12802.5,17.5988,10.5284
12828.4,17.5692,10.5672
12854.5,17.5397,10.606
12880.6,17.51,10.6447
12906.9,17.4804,10.6834
12933.3,17.4507,10.722
12959.7,17.4209,10.7606
12986.3,17.3824,10.7967
13013,17.3526,10.8352
13039.8,17.3227,10.8737
13066.8,17.2928,10.9121
13094,17.2542,10.948
13121.1,17.2242,10.9863
13148.4,17.1941,11.0247
13175.8,17.1554,11.0604
13203.2,17.1253,11.0986
13230.8,17.0951,11.1368
13258.7,17.0537,11.181
13286.6,17.0234,11.219
13314.5,16.9845,11.2545
13342.6,16.9542,11.2925
13371,16.9151,11.3278
13399.3,16.8761,11.3631
13427.7,16.8457,11.4009
13456.2,16.8066,11.4361
13485.1,16.7674,11.4712
13513.9,16.7342,11.5175
13542.8,16.695,11.5525
13572,16.6557,11.5874
13601.2,16.6164,11.6223
13630.5,16.5857,11.6598
13659.9,16.5463,11.6945
13689.6,16.5069,11.7292
13719.3,16.4648,11.7724
13749.3,16.4253,11.807
13779.2,16.3858,11.8415
13809.3,16.3463,11.876
13839.7,16.3067,11.9103
13870,16.2644,11.9532
13900.7,16.2247,11.9875
13931.3,16.1851,12.0217
13962,16.1369,12.053
13993.1,16.0943,12.0956
14024.1,16.0545,12.1296
14055.4,16.0147,12.1635
14086.7,15.9664,12.1945
14118.3,15.9237,12.2368
14149.9,15.8838,12.2706
14181.8,15.8354,12.3013
14213.6,15.7954,12.335
14245.8,15.7441,12.3741
14278,15.7041,12.4075
14310.5,15.6556,12.438
14342.9,15.6155,12.4714
14375.7,15.564,12.5101
14408.4,15.5154,12.5404
14441.5,15.4752,12.5735
14474.5,15.4266,12.6036
14507.9,15.375,12.642
14541.4,15.3263,12.6719
14574.9,15.286,12.7048
14608.8,15.2343,12.7429
14642.6,15.1855,12.7726
14676.7,15.1368,12.8022
14711.1,15.085,12.8401
14745.3,15.0362,12.8695
14780,14.9874,12.8989
14814.8,14.9385,12.9282
14849.6,14.8866,12.9657
14884.7,14.8294,12.9917
14920,14.7805,13.0207
14955.3,14.7284,13.0579
14990.9,14.6795,13.0868
15026.7,14.6223,13.1124
15062.5,14.5701,13.1493
15098.7,14.5211,13.1779
15135,14.4639,13.2032
15171.3,14.4149,13.2316
15208,14.3544,13.265
15244.8,14.3053,13.2932
15281.9,14.248,13.3181
15318.9,14.1875,13.3512
15356.3,14.1384,13.3791
15393.9,14.0811,13.4038
15431.6,14.0238,13.4283
15469.6,13.9713,13.4642
15507.5,13.914,13.4885
15545.8,13.8567,13.5127
15584.3,13.796,13.545
15623,13.7387,13.569
15662,13.6813,13.5929
15700.8,13.624,13.6167
15740.1,13.5633,13.6485
15779.6,13.5059,13.6721
15819.3,13.4486,13.6956
15859.2,13.3832,13.7156
15899.3,13.3224,13.7469
15939.3,13.2651,13.7701
15979.8,13.2077,13.7932
16020.5,13.1423,13.8127
16061.4,13.085,13.8356
16102.5,13.0162,13.8629
16143.9,12.9588,13.8856
16185.4,12.8935,13.9046
16227.2,12.8362,13.9271
16269.2,12.7709,13.9459
16311.4,12.7056,13.9646
16353.8,12.6448,13.9947
16396.1,12.5795,14.0132
16439,12.5143,14.0315
16482.1,12.4491,14.0498
16525.4,12.3839,14.0679
16568.9,12.3188,14.0859
16612.7,12.2536,14.1037
16656.7,12.1885,14.1215
16700.9,12.1234,14.1391
16745.4,12.0584,14.1566
16790.1,11.9933,14.174
16835,11.9283,14.1913
16880.2,11.8555,14.2048
16925.6,11.7905,14.2218
16971.3,11.7256,14.2387
17017.2,11.6529,14.2519
17063.4,11.588,14.2685
17109.8,11.5154,14.2813
17156.5,11.4506,14.2977
17203.4,11.378,14.3103
17250.6,11.3056,14.3227
17298,11.2408,14.3388
17346.1,11.1684,14.3509
17394,11.0961,14.3629
17442.3,11.0276,14.3672
17490.8,10.9553,14.3789
17539.6,10.8831,14.3906
17588.6,10.811,14.402
17637.9,10.7427,14.4058
17687.5,10.6707,14.417
17737.4,10.5987,14.4281
17787.6,10.5268,14.439
17838,10.4587,14.4422
17889.1,10.3869,14.4529
17940.1,10.3076,14.4596
17991.4,10.2398,14.4625
18043.1,10.1606,14.4688
18095,10.0929,14.4715
18147.2,10.014,14.4775
18199.7,9.94638,14.4799
18252.8,9.86755,14.4857
18306,9.79273,14.4839
18359.4,9.72144,14.4934
18413.2,9.64678,14.4913
18467.2,9.57222,14.4892
18521.6,9.4938,14.4942
18576.7,9.41943,14.4918
18631.7,9.34515,14.4892
18687,9.26698,14.4938
18742.7,9.19288,14.491
18798.8,9.11888,14.488
18855.5,9.04498,14.4849
18912.2,8.97117,14.4817
18969.2,8.88624,14.4815
19026.6,8.81263,14.478
19084.3,8.73912,14.4744
19142.8,8.65856,14.4666
19201.2,8.58526,14.4627
19260,8.50494,14.4546
19319.2,8.43184,14.4505
19379.1,8.35584,14.435
19439,8.2759,14.4266
19499.3,8.20314,14.422
19559.9,8.12344,14.4132
19621.3,8.04387,14.4043
19682.7,7.96856,14.3883
19744.5,7.88926,14.3791
19806.7,7.81009,14.3698
19869.7,7.73519,14.3534
19932.6,7.65629,14.3438
19996,7.58167,14.3271
20059.8,7.50304,14.3173
20124.4,7.42184,14.2962
20189,7.3435,14.2861
20254,7.26946,14.269
20319.8,7.18877,14.2476
20385.7,7.11504,14.2302
20452,7.03049,14.2154
20518.7,6.95706,14.1978
20586.3,6.87705,14.1759
20653.9,6.80393,14.1581
20722,6.72426,14.136
20790.9,6.64477,14.1137
20859.8,6.56546,14.0914
20929.3,6.48634,14.0689
20999.6,6.41401,14.0505
21069.9,6.33523,14.0278
21140.8,6.2609,13.9984
21212.5,6.18249,13.9754
21284.3,6.09773,13.9481
21356.6,6.02398,13.9184
21429.8,5.94614,13.8951
21503.1,5.87278,13.8652
21576.8,5.79531,13.8417
21651.6,5.71589,13.8073
21726.4,5.64312,13.7772
21801.7,5.55984,13.7491
21878,5.48746,13.7187
21954.4,5.40894,13.684
22031.3,5.33696,13.6535
22109.2,5.25888,13.6186
22187.2,5.18103,13.5836
22266.3,5.10967,13.5529
22345.4,5.03227,13.5177
22425,4.95944,13.4763
22505.8,4.88251,13.441
22586.6,4.80581,13.4056
22668,4.7337,13.364
22750.5,4.65747,13.3284
22833.1,4.58583,13.2867
22916.9,4.51008,13.251
23000.7,4.43892,13.2091
23085.1,4.368,13.1672
23170.7,4.29296,13.1313
23256.4,4.22252,13.0893
23343.2,4.14634,13.0428
23430.2,4.0764,13.0008
23517.8,4.0067,12.9586
23606.6,3.93134,12.912
23695.6,3.86651,12.8639
23785.7,3.7917,12.8173
23876,3.723,12.775
23967,3.65312,12.7225
24059.3,3.57914,12.6757
24151.7,3.51559,12.6275
24245.4,3.44216,12.5807
24339.2,3.3734,12.5281
24433.7,3.31062,12.4799
24529.6,3.24241,12.4274
24625.7,3.17449,12.3748
24723.1,3.10686,12.3222
24820.7,3.03952,12.2696
24919,2.97246,12.217
25018.8,2.90569,12.1644
25118.7,2.8436,12.1063
25220,2.7774,12.0538
25321.6,2.71588,11.9957
25424.6,2.65026,11.9432
25527.8,2.58931,11.8852
25631.8,2.52324,11.8229
25737.4,2.46288,11.7651
25843.1,2.40282,11.7072
25950.4,2.34303,11.6495
26058,2.27823,11.5874
26166.4,2.21904,11.5297
26276.4,2.1645,11.4668
26386.6,2.10065,11.4049
26498.5,2.0467,11.3422
26610.6,1.98349,11.2804
26724.4,1.93012,11.2178
26838.4,1.87191,11.151
26953.5,1.81913,11.0887
27070.2,1.76154,11.0221
27187.2,1.70934,10.96
27306,1.65239,10.8936
27425.1,1.59577,10.8273
27545.9,1.54446,10.7654
27667.1,1.49279,10.6944
27789.4,1.44206,10.6328
27913.5,1.39101,10.562
28037.9,1.34028,10.4914
28164.3,1.28987,10.421
28290.9,1.24461,10.355
28419.6,1.19481,10.2848
28548.6,1.14533,10.2149
