# source: refractiveindex.info database (CC0), main/InAs/nk/Lorimor.yml
# freq_cm1,eps_real,eps_imag
319.489,9.37693,0
320.63,9.40943,0
321.775,9.4413,0
322.924,9.47256,0
324.077,9.50322,0
325.234,9.5333,0
326.396,9.56282,0
327.561,9.59179,0
328.731,9.62023,0
329.905,9.64814,0
331.083,9.67555,0
332.266,9.70246,0
333.452,9.72889,0
334.643,9.75486,0
335.838,9.78036,0
337.037,9.80542,0
338.241,9.83005,0
339.449,9.85425,0
340.661,9.87803,0
341.878,9.90141,0
343.098,9.9244,0
344.324,9.947,0
345.553,9.96923,0
346.787,9.99109,0
348.026,10.0126,0
349.269,10.0337,0
350.516,10.0545,0
351.768,10.075,0
353.024,10.0952,0
354.284,10.115,0
355.55,10.1345,0
356.819,10.1537,0
358.094,10.1726,0
359.372,10.1912,0
360.656,10.2096,0
361.944,10.2276,0
363.236,10.2454,0
364.533,10.2629,0
365.835,10.2801,0
367.142,10.2971,0
368.453,10.3139,0
369.768,10.3303,0
371.089,10.3466,0
372.414,10.3626,0
373.744,10.3784,0
375.079,10.3939,0
376.418,10.4093,0
377.762,10.4244,0
379.111,10.4393,0
380.465,10.4539,0
381.824,10.4684,0
383.188,10.4827,0
384.556,10.4968,0
385.929,10.5106,0
387.307,10.5243,0
388.691,10.5378,0
390.079,10.5512,0
391.472,10.5643,0
392.87,10.5773,0
394.273,10.5901,0
395.681,10.6027,0
397.094,10.6151,0
398.512,10.6274,0
399.935,10.6396,0
401.363,10.6515,0
402.796,10.6633,0
404.235,10.675,0
405.678,10.6865,0
407.127,10.6979,0
408.581,10.7091,0
410.04,10.7202,0
411.504,10.7311,0
412.974,10.7419,0
414.449,10.7526,0
415.929,10.7631,0
417.414,10.7735,0
418.905,10.7838,0
420.401,10.7939,0
421.902,10.8039,0
423.409,10.8138,0
424.921,10.8236,0
426.438,10.8333,0
427.961,10.8428,0
429.489,10.8523,0
431.023,10.8616,0
432.562,10.8708,0
434.107,10.8799,0
435.657,10.8889,0
437.213,10.8978,0
438.774,10.9065,0
440.341,10.9152,0
441.914,10.9238,0
443.492,10.9323,0
445.076,10.9406,0
446.665,10.9489,0
448.26,10.9571,0
449.861,10.9652,0
451.467,10.9732,0
453.08,10.9811,0
454.698,10.989,0
456.321,10.9967,0
457.951,11.0044,0
459.586,11.0119,0
461.228,11.0194,0
462.875,11.0268,0
464.528,11.0341,0
466.187,11.0414,0
467.851,11.0485,0
469.522,11.0556,0
471.199,11.0626,0
472.881,11.0695,0
474.57,11.0764,0
476.265,11.0832,0
477.966,11.0899,0
479.673,11.0965,0
481.386,11.1031,0
483.105,11.1096,0
484.83,11.116,0
486.561,11.1224,0
488.299,11.1287,0
490.043,11.1349,0
491.793,11.1411,0
493.549,11.1472,0
495.311,11.1532,0
497.08,11.1592,0
498.855,11.1651,0
500.637,11.1709,0
502.425,11.1767,0
504.219,11.1825,0
506.019,11.1881,0
507.826,11.1938,0
509.64,11.1993,0
511.46,11.2048,0
513.286,11.2103,0
515.119,11.2157,0
516.959,11.221,0
518.805,11.2263,0
520.658,11.2316,0
522.517,11.2368,0
524.383,11.2419,0
526.256,11.247,0
528.135,11.252,0
530.021,11.257,0
531.914,11.2619,0
533.813,11.2668,0
535.72,11.2717,0
537.633,11.2765,0
539.553,11.2812,0
541.48,11.2859,0
543.413,11.2906,0
545.354,11.2952,0
547.301,11.2998,0
549.256,11.3043,0
551.217,11.3088,0
553.186,11.3133,0
555.161,11.3177,0
557.144,11.322,0
559.133,11.3264,0
561.13,11.3306,0
563.134,11.3349,0
565.145,11.3391,0
567.163,11.3433,0
569.189,11.3474,0
571.221,11.3515,0
573.261,11.3555,0
575.308,11.3596,0
577.363,11.3635,0
579.425,11.3675,0
581.494,11.3714,0
583.57,11.3753,0
585.654,11.3791,0
587.746,11.3829,0
589.845,11.3867,0
591.951,11.3904,0
594.065,11.3941,0
596.186,11.3978,0
598.316,11.4015,0
600.452,11.4051,0
602.596,11.4086,0
604.748,11.4122,0
606.908,11.4157,0
609.075,11.4192,0
611.25,11.4227,0
613.433,11.4261,0
615.624,11.4295,0
617.822,11.4329,0
620.029,11.4362,0
622.243,11.4395,0
624.465,11.4428,0
626.695,11.446,0
628.933,11.4493,0
631.179,11.4525,0
633.433,11.4557,0
635.695,11.4588,0
637.965,11.4619,0
640.243,11.465,0
642.53,11.4681,0
644.824,11.4711,0
647.127,11.4742,0
649.438,11.4772,0
651.757,11.4801,0
654.085,11.4831,0
656.421,11.486,0
658.765,11.4889,0
661.117,11.4918,0
663.478,11.4947,0
665.848,11.4975,0
668.225,11.5003,0
670.612,11.5031,0
673.007,11.5058,0
675.41,11.5086,0
677.822,11.5113,0
680.242,11.514,0
682.672,11.5167,0
685.11,11.5194,0
687.556,11.522,0
690.012,11.5246,0
692.476,11.5272,0
694.949,11.5298,0
697.43,11.5324,0
699.921,11.5349,0
702.42,11.5374,0
704.929,11.5399,0
707.446,11.5424,0
709.973,11.5449,0
712.508,11.5473,0
715.052,11.5498,0
717.606,11.5522,0
720.169,11.5546,0
722.74,11.5569,0
725.321,11.5593,0
727.912,11.5616,0
730.511,11.564,0
733.12,11.5663,0
735.738,11.5686,0
738.365,11.5708,0
741.002,11.5731,0
743.648,11.5753,0
746.304,11.5776,0
748.969,11.5798,0
751.644,11.582,0
754.328,11.5841,0
757.022,11.5863,0
759.725,11.5885,0
762.438,11.5906,0
765.161,11.5927,0
767.893,11.5948,0
770.636,11.5969,0
773.388,11.599,0
776.149,11.6011,0
778.921,11.6031,0
781.703,11.6052,0
784.494,11.6072,0
787.296,11.6092,0
790.107,11.6112,0
792.929,11.6132,0
795.761,11.6151,0
798.602,11.6171,0
801.454,11.619,0
804.316,11.621,0
807.189,11.6229,0
810.071,11.6248,0
812.964,11.6267,0
815.867,11.6286,0
818.781,11.6305,0
821.705,11.6323,0
824.639,11.6342,0
827.584,11.636,0
830.539,11.6379,0
833.505,11.6397,0
836.482,11.6415,0
839.469,11.6433,0
842.467,11.6451,0
845.475,11.6468,0
848.495,11.6486,0
851.525,11.6504,0
854.566,11.6521,0
857.617,11.6538,0
860.68,11.6556,0
863.754,11.6573,0
866.838,11.659,0
869.934,11.6607,0
873.04,11.6624,0
876.158,11.6641,0
879.287,11.6657,0
882.427,11.6674,0
885.578,11.669,0
888.741,11.6707,0
891.915,11.6723,0
895.1,11.6739,0
898.296,11.6756,0
901.504,11.6772,0
904.723,11.6788,0
907.954,11.6804,0
911.197,11.6819,0
914.451,11.6835,0
917.716,11.6851,0
920.994,11.6867,0
924.283,11.6882,0
927.583,11.6898,0
930.896,11.6913,0
934.22,11.6928,0
937.556,11.6944,0
940.904,11.6959,0
944.264,11.6974,0
947.637,11.6989,0
951.021,11.7004,0
954.417,11.7019,0
957.825,11.7034,0
961.246,11.7049,0
964.678,11.7063,0
968.123,11.7078,0
971.581,11.7093,0
975.05,11.7107,0
978.532,11.7122,0
982.027,11.7136,0
985.534,11.715,0
989.053,11.7165,0
992.585,11.7179,0
996.13,11.7193,0
999.687,11.7207,0
1003.26,11.7222,0
1006.84,11.7236,0
1010.44,11.725,0
1014.04,11.7264,0
1017.66,11.7278,0
1021.3,11.7291,0
1024.95,11.7305,0
1028.61,11.7319,0
1032.28,11.7333,0
1035.97,11.7347,0
1039.67,11.736,0
1043.38,11.7374,0
1047.1,11.7387,0
1050.84,11.7401,0
1054.6,11.7414,0
1058.36,11.7428,0
1062.14,11.7441,0
1065.94,11.7455,0
1069.74,11.7468,0
1073.56,11.7482,0
1077.4,11.7495,0
1081.24,11.7508,0
1085.1,11.7521,0
1088.98,11.7535,0
1092.87,11.7548,0
1096.77,11.7561,0
1100.69,11.7574,0
1104.62,11.7587,0
1108.56,11.76,0
1112.52,11.7613,0
1116.49,11.7626,0
1120.48,11.7639,0
1124.48,11.7652,0
1128.5,11.7665,0
1132.53,11.7678,0
1136.57,11.7691,0
1140.63,11.7704,0
1144.71,11.7717,0
1148.79,11.773,0
1152.9,11.7743,0
1157.01,11.7756,0
1161.14,11.7768,0
1165.29,11.7781,0
1169.45,11.7794,0
1173.63,11.7807,0
1177.82,11.782,0
1182.03,11.7832,0
1186.25,11.7845,0
1190.48,11.7858,0
1194.74,11.7871,0
1199,11.7884,0
1203.28,11.7896,0
1207.58,11.7909,0
1211.89,11.7922,0
1216.22,11.7935,0
1220.56,11.7947,0
1224.92,11.796,0
1229.3,11.7973,0
1233.69,11.7986,0
1238.09,11.7998,0
1242.51,11.8011,0
1246.95,11.8024,0
1251.4,11.8037,0
1255.87,11.805,0
1260.36,11.8062,0
1264.86,11.8075,0
1269.38,11.8088,0
1273.91,11.8101,0
1278.46,11.8114,0
1283.02,11.8126,0
1287.61,11.8139,0
1292.2,11.8152,0
1296.82,11.8165,0
1301.45,11.8178,0
1306.1,11.8191,0
1310.76,11.8204,0
1315.44,11.8217,0
1320.14,11.823,0
1324.85,11.8243,0
1329.59,11.8256,0
1334.33,11.8269,0
1339.1,11.8282,0
1343.88,11.8295,0
1348.68,11.8308,0
1353.5,11.8322,0
1358.33,11.8335,0
1363.18,11.8348,0
1368.05,11.8361,0
1372.93,11.8375,0
1377.84,11.8388,0
1382.76,11.8401,0
1387.69,11.8415,0
1392.65,11.8428,0
1397.62,11.8442,0
1402.61,11.8455,0
1407.62,11.8469,0
1412.65,11.8482,0
1417.7,11.8496,0
1422.76,11.851,0
1427.84,11.8523,0
1432.94,11.8537,0
1438.06,11.8551,0
1443.19,11.8565,0
1448.34,11.8579,0
1453.52,11.8593,0
1458.71,11.8607,0
1463.92,11.8621,0
1469.14,11.8635,0
1474.39,11.8649,0
1479.66,11.8664,0
1484.94,11.8678,0
1490.24,11.8692,0
1495.56,11.8707,0
1500.91,11.8721,0
1506.27,11.8736,0
1511.64,11.8751,0
1517.04,11.8765,0
1522.46,11.878,0
1527.9,11.8795,0
1533.35,11.881,0
1538.83,11.8825,0
1544.32,11.884,0
1549.84,11.8855,0
1555.37,11.887,0
1560.93,11.8886,0
1566.5,11.8901,0
1572.1,11.8917,0
1577.71,11.8932,0
1583.35,11.8948,0
1589,11.8963,0
1594.67,11.8979,0
1600.37,11.8995,0
1606.08,11.9011,0
1611.82,11.9027,0
1617.58,11.9044,0
1623.35,11.906,0
1629.15,11.9076,0
1634.97,11.9093,0
1640.81,11.9109,0
1646.66,11.9126,0
1652.55,11.9143,0
1658.45,11.916,0
1664.37,11.9177,0
1670.31,11.9194,0
1676.28,11.9211,0
1682.26,11.9229,0
1688.27,11.9246,0
1694.3,11.9264,0
1700.35,11.9282,0
1706.42,11.9299,0
1712.52,11.9317,0
1718.63,11.9336,0
1724.77,11.9354,0
1730.93,11.9372,0
1737.11,11.9391,0
1743.31,11.9409,0
1749.54,11.9428,0
1755.79,11.9447,0
1762.06,11.9466,0
1768.35,11.9486,0
1774.67,11.9505,0
1781,11.9525,0
1787.36,11.9544,0
1793.75,11.9564,0
1800.15,11.9584,0
1806.58,11.9604,0
1813.03,11.9625,0
1819.51,11.9645,0
1826,11.9666,0
1832.52,11.9687,0
1839.07,11.9708,0
1845.64,11.9729,0
1852.23,11.9751,0
1858.84,11.9772,0
1865.48,11.9794,0
1872.14,11.9816,0
1878.83,11.9839,0
1885.54,11.9861,0
1892.27,11.9884,0
1899.03,11.9907,0
1905.81,11.993,0
1912.62,11.9953,0
1919.45,11.9976,0
1926.3,12,0
1933.18,12.0024,0
1940.08,12.0048,0
1947.01,12.0073,0
1953.96,12.0097,0
1960.94,12.0122,0
1967.94,12.0147,0
1974.97,12.0173,0
1982.02,12.0199,0
1989.1,12.0224,0
1996.21,12.0251,0
2003.33,12.0277,0
2010.49,12.0304,0
2017.67,12.0331,0
2024.87,12.0358,0
2032.11,12.0386,0
2039.36,12.0414,0
2046.64,12.0442,0
2053.95,12.0471,0
2061.29,12.0499,0
2068.65,12.0529,0
2076.04,12.0558,0
2083.45,12.0588,0
2090.89,12.0618,0
2098.36,12.0649,0
2105.85,12.0679,0
2113.37,12.0711,0
2120.92,12.0742,0
2128.49,12.0774,0
2136.09,12.0806,0
2143.72,12.0839,0
2151.38,12.0872,0
2159.06,12.0906,0
2166.77,12.094,0
2174.51,12.0974,0
2182.27,12.1009,0
2190.07,12.1044,0
2197.89,12.108,0
2205.74,12.1116,0
2213.61,12.1152,0
2221.52,12.1189,0
2229.45,12.1227,0
2237.41,12.1265,0
2245.4,12.1303,0
2253.42,12.1342,0
2261.47,12.1381,0
2269.55,12.1421,0
2277.65,12.1462,0
2285.78,12.1503,0
2293.95,12.1545,0
2302.14,12.1587,0
2310.36,12.163,0
2318.61,12.1673,0
2326.89,12.1717,0
2335.2,12.1761,0
2343.54,12.1807,0
2351.91,12.1853,0
2360.31,12.1899,0
2368.74,12.1946,0
2377.2,12.1994,0
2385.68,12.2043,0
2394.2,12.2092,0
2402.75,12.2142,0
2411.33,12.2193,0
2419.95,12.2245,0
2428.59,12.2297,0
2437.26,12.235,0
2445.96,12.2404,0
2454.7,12.2459,0
2463.46,12.2515,0
2472.26,12.2572,0
2481.09,12.2629,0
2489.95,12.2688,0
2498.84,12.2747,0
2507.77,12.2807,0
2516.72,12.2869,0
2525.71,12.2931,0
2534.73,12.2995,0
2543.78,12.3059,0
2552.87,12.3125,0
2561.98,12.3192,0
2571.13,12.3259,0
2580.31,12.3329,0
2589.53,12.3399,0
2598.77,12.3471,0
2608.06,12.3543,0
2617.37,12.3618,0
2626.72,12.3693,0
2636.1,12.377,0
2645.51,12.3848,0
2654.96,12.3928,0
2664.44,12.401,0
2673.95,12.4093,0
2683.5,12.4177,0
2693.09,12.4263,0
2702.7,12.4351,0
