# source: refractiveindex.info database (CC0), main/KBr/nk/Li.yml
# freq_cm1,eps_real,eps_imag
238.095,1.58537,0
240.23,1.60485,0
242.384,1.62367,0
244.558,1.64187,0
246.75,1.65947,0
248.963,1.67651,0
251.195,1.69301,0
253.448,1.70899,0
255.72,1.72448,0
258.013,1.7395,0
260.327,1.75407,0
262.661,1.7682,0
265.016,1.78192,0
267.393,1.79525,0
269.79,1.80819,0
272.209,1.82076,0
274.65,1.83297,0
277.113,1.84485,0
279.598,1.8564,0
282.105,1.86764,0
284.634,1.87857,0
287.187,1.88921,0
289.762,1.89956,0
292.36,1.90965,0
294.981,1.91946,0
297.626,1.92903,0
300.295,1.93835,0
302.988,1.94743,0
305.705,1.95628,0
308.446,1.9649,0
311.211,1.97331,0
314.002,1.98152,0
316.818,1.98952,0
319.658,1.99732,0
322.525,2.00494,0
325.417,2.01237,0
328.334,2.01962,0
331.279,2.0267,0
334.249,2.03361,0
337.246,2.04036,0
340.27,2.04695,0
343.321,2.05338,0
346.4,2.05967,0
349.506,2.06581,0
352.64,2.07181,0
355.802,2.07767,0
358.992,2.0834,0
362.211,2.089,0
365.459,2.09448,0
368.736,2.09983,0
372.042,2.10506,0
375.378,2.11017,0
378.744,2.11517,0
382.14,2.12006,0
385.567,2.12485,0
389.024,2.12953,0
392.512,2.1341,0
396.032,2.13858,0
399.583,2.14296,0
403.166,2.14725,0
406.781,2.15145,0
410.428,2.15555,0
414.108,2.15957,0
417.822,2.1635,0
421.568,2.16735,0
425.348,2.17112,0
429.162,2.17481,0
433.01,2.17842,0
436.893,2.18196,0
440.81,2.18542,0
444.763,2.18881,0
448.751,2.19213,0
452.775,2.19538,0
456.835,2.19857,0
460.931,2.20169,0
465.064,2.20474,0
469.234,2.20774,0
473.442,2.21067,0
477.687,2.21354,0
481.97,2.21636,0
486.292,2.21912,0
490.652,2.22182,0
495.052,2.22447,0
499.491,2.22706,0
503.969,2.22961,0
508.488,2.2321,0
513.048,2.23454,0
517.648,2.23694,0
522.29,2.23928,0
526.973,2.24158,0
531.698,2.24384,0
536.466,2.24605,0
541.276,2.24822,0
546.129,2.25034,0
551.026,2.25242,0
555.967,2.25447,0
560.953,2.25647,0
565.982,2.25843,0
571.057,2.26036,0
576.178,2.26225,0
581.344,2.2641,0
586.557,2.26591,0
591.816,2.26769,0
597.123,2.26944,0
602.477,2.27115,0
607.88,2.27283,0
613.33,2.27448,0
618.83,2.27609,0
624.379,2.27768,0
629.977,2.27923,0
635.626,2.28076,0
641.325,2.28225,0
647.076,2.28372,0
652.878,2.28516,0
658.732,2.28657,0
664.639,2.28796,0
670.599,2.28932,0
676.612,2.29065,0
682.679,2.29196,0
688.8,2.29324,0
694.976,2.2945,0
701.208,2.29574,0
707.495,2.29695,0
713.839,2.29814,0
720.24,2.29931,0
726.698,2.30046,0
733.214,2.30158,0
739.789,2.30269,0
746.422,2.30377,0
753.115,2.30483,0
759.868,2.30588,0
766.682,2.3069,0
773.556,2.3079,0
780.492,2.30889,0
787.491,2.30986,0
794.552,2.31081,0
801.677,2.31174,0
808.865,2.31266,0
816.118,2.31355,0
823.436,2.31444,0
830.819,2.3153,0
838.269,2.31615,0
845.785,2.31699,0
853.369,2.31781,0
861.021,2.31861,0
868.742,2.3194,0
876.531,2.32017,0
884.391,2.32093,0
892.321,2.32168,0
900.322,2.32241,0
908.395,2.32313,0
916.54,2.32384,0
924.759,2.32453,0
933.051,2.32522,0
941.417,2.32588,0
949.858,2.32654,0
958.375,2.32719,0
966.969,2.32782,0
975.639,2.32844,0
984.388,2.32905,0
993.214,2.32965,0
1002.12,2.33024,0
1011.11,2.33082,0
1020.17,2.33139,0
1029.32,2.33194,0
1038.55,2.33249,0
1047.86,2.33303,0
1057.26,2.33356,0
1066.74,2.33408,0
1076.3,2.33459,0
1085.95,2.33509,0
1095.69,2.33558,0
1105.52,2.33606,0
1115.43,2.33653,0
1125.43,2.337,0
1135.52,2.33746,0
1145.7,2.33791,0
1155.98,2.33835,0
1166.34,2.33878,0
1176.8,2.33921,0
1187.35,2.33963,0
1198,2.34004,0
1208.74,2.34044,0
1219.58,2.34084,0
1230.51,2.34123,0
1241.55,2.34161,0
1252.68,2.34199,0
1263.91,2.34236,0
1275.25,2.34272,0
1286.68,2.34308,0
1298.22,2.34343,0
1309.86,2.34378,0
1321.6,2.34411,0
1333.45,2.34445,0
1345.41,2.34477,0
1357.48,2.3451,0
1369.65,2.34541,0
1381.93,2.34572,0
1394.32,2.34603,0
1406.82,2.34633,0
1419.44,2.34662,0
1432.16,2.34691,0
1445.01,2.3472,0
1457.96,2.34748,0
1471.04,2.34776,0
1484.23,2.34803,0
1497.54,2.34829,0
1510.96,2.34856,0
1524.51,2.34881,0
1538.18,2.34907,0
1551.97,2.34932,0
1565.89,2.34956,0
1579.93,2.3498,0
1594.1,2.35004,0
1608.39,2.35027,0
1622.81,2.3505,0
1637.36,2.35073,0
1652.05,2.35095,0
1666.86,2.35117,0
1681.81,2.35138,0
1696.89,2.35159,0
1712.1,2.3518,0
1727.45,2.35201,0
1742.94,2.35221,0
1758.57,2.35241,0
1774.34,2.3526,0
1790.25,2.3528,0
1806.3,2.35299,0
1822.5,2.35317,0
1838.84,2.35336,0
1855.33,2.35354,0
1871.96,2.35371,0
1888.75,2.35389,0
1905.69,2.35406,0
1922.77,2.35423,0
1940.01,2.3544,0
1957.41,2.35457,0
1974.96,2.35473,0
1992.67,2.35489,0
2010.54,2.35505,0
2028.57,2.3552,0
2046.76,2.35536,0
2065.11,2.35551,0
2083.63,2.35566,0
2102.31,2.35581,0
2121.16,2.35595,0
2140.18,2.3561,0
2159.37,2.35624,0
2178.73,2.35638,0
2198.27,2.35652,0
2217.98,2.35665,0
2237.87,2.35679,0
2257.93,2.35692,0
2278.18,2.35705,0
2298.61,2.35718,0
2319.22,2.35731,0
2340.01,2.35744,0
2361,2.35756,0
2382.17,2.35769,0
2403.53,2.35781,0
2425.08,2.35793,0
2446.82,2.35805,0
2468.76,2.35817,0
2490.9,2.35829,0
2513.23,2.3584,0
2535.77,2.35852,0
2558.51,2.35863,0
2581.45,2.35875,0
2604.6,2.35886,0
2627.95,2.35897,0
2651.51,2.35908,0
2675.29,2.35919,0
2699.28,2.3593,0
2723.48,2.3594,0
2747.9,2.35951,0
2772.54,2.35962,0
2797.4,2.35972,0
2822.49,2.35982,0
2847.79,2.35993,0
2873.33,2.36003,0
2899.09,2.36013,0
2925.09,2.36024,0
2951.32,2.36034,0
2977.78,2.36044,0
3004.48,2.36054,0
3031.42,2.36064,0
3058.6,2.36074,0
3086.03,2.36083,0
3113.7,2.36093,0
3141.62,2.36103,0
3169.79,2.36113,0
3198.21,2.36123,0
3226.89,2.36132,0
3255.82,2.36142,0
3285.02,2.36152,0
3314.47,2.36161,0
3344.19,2.36171,0
3374.18,2.36181,0
3404.44,2.3619,0
3434.96,2.362,0
3465.76,2.3621,0
3496.84,2.36219,0
3528.19,2.36229,0
3559.83,2.36239,0
3591.75,2.36248,0
3623.96,2.36258,0
3656.45,2.36268,0
3689.24,2.36278,0
3722.32,2.36287,0
3755.69,2.36297,0
3789.37,2.36307,0
3823.35,2.36317,0
3857.63,2.36327,0
3892.22,2.36337,0
3927.12,2.36347,0
3962.33,2.36357,0
3997.86,2.36367,0
4033.71,2.36377,0
4069.88,2.36387,0
4106.37,2.36398,0
4143.19,2.36408,0
4180.35,2.36418,0
4217.83,2.36429,0
4255.65,2.36439,0
4293.81,2.3645,0
4332.31,2.36461,0
4371.16,2.36472,0
4410.35,2.36483,0
4449.9,2.36494,0
4489.8,2.36505,0
4530.06,2.36516,0
4570.68,2.36527,0
4611.66,2.36539,0
4653.01,2.3655,0
4694.73,2.36562,0
4736.83,2.36573,0
4779.3,2.36585,0
4822.16,2.36597,0
4865.4,2.36609,0
4909.02,2.36622,0
4953.04,2.36634,0
4997.45,2.36647,0
5042.26,2.36659,0
5087.48,2.36672,0
5133.09,2.36685,0
5179.12,2.36698,0
5225.56,2.36712,0
5272.42,2.36725,0
5319.69,2.36739,0
5367.39,2.36753,0
5415.52,2.36767,0
5464.08,2.36781,0
5513.07,2.36795,0
5562.51,2.3681,0
5612.38,2.36825,0
5662.71,2.3684,0
5713.48,2.36855,0
5764.72,2.3687,0
5816.41,2.36886,0
5868.56,2.36902,0
5921.18,2.36918,0
5974.27,2.36934,0
6027.84,2.36951,0
6081.89,2.36968,0
6136.43,2.36985,0
6191.45,2.37002,0
6246.97,2.3702,0
6302.98,2.37037,0
6359.5,2.37056,0
6416.52,2.37074,0
6474.06,2.37093,0
6532.11,2.37112,0
6590.68,2.37131,0
6649.78,2.37151,0
6709.4,2.37171,0
6769.57,2.37191,0
6830.27,2.37211,0
6891.51,2.37232,0
6953.3,2.37254,0
7015.65,2.37275,0
7078.56,2.37297,0
7142.03,2.3732,0
7206.07,2.37342,0
7270.69,2.37365,0
7335.88,2.37389,0
7401.66,2.37413,0
7468.03,2.37437,0
7534.99,2.37462,0
7602.55,2.37487,0
7670.72,2.37512,0
7739.51,2.37538,0
7808.9,2.37565,0
7878.92,2.37592,0
7949.57,2.37619,0
8020.85,2.37647,0
8092.77,2.37675,0
8165.34,2.37704,0
8238.55,2.37733,0
8312.43,2.37763,0
8386.96,2.37794,0
8462.16,2.37825,0
8538.04,2.37856,0
8614.6,2.37888,0
8691.84,2.37921,0
8769.78,2.37954,0
8848.42,2.37987,0
8927.76,2.38022,0
9007.81,2.38057,0
9088.58,2.38092,0
9170.08,2.38129,0
9252.3,2.38166,0
9335.26,2.38203,0
9418.97,2.38241,0
9503.43,2.3828,0
9588.64,2.3832,0
9674.62,2.3836,0
9761.37,2.38402,0
9848.9,2.38444,0
9937.21,2.38486,0
10026.3,2.3853,0
10116.2,2.38574,0
10206.9,2.38619,0
10298.4,2.38665,0
10390.8,2.38712,0
10484,2.38759,0
10578,2.38808,0
10672.8,2.38857,0
10768.5,2.38908,0
10865.1,2.38959,0
10962.5,2.39011,0
11060.8,2.39064,0
11160,2.39119,0
11260,2.39174,0
11361,2.3923,0
11462.9,2.39288,0
11565.7,2.39346,0
11669.4,2.39406,0
11774,2.39466,0
11879.6,2.39528,0
11986.1,2.39591,0
12093.6,2.39655,0
12202,2.39721,0
12311.4,2.39788,0
12421.8,2.39856,0
12533.2,2.39925,0
12645.6,2.39996,0
12759,2.40068,0
12873.4,2.40141,0
12988.8,2.40216,0
13105.3,2.40292,0
13222.8,2.4037,0
13341.3,2.40449,0
13461,2.4053,0
13581.7,2.40613,0
13703.5,2.40697,0
13826.3,2.40783,0
13950.3,2.4087,0
14075.4,2.40959,0
14201.6,2.4105,0
14328.9,2.41143,0
14457.4,2.41237,0
14587.1,2.41334,0
14717.9,2.41432,0
14849.8,2.41533,0
14983,2.41635,0
15117.3,2.41739,0
15252.9,2.41846,0
15389.7,2.41954,0
15527.6,2.42065,0
15666.9,2.42178,0
15807.4,2.42294,0
15949.1,2.42411,0
16092.1,2.42532,0
16236.4,2.42654,0
16382,2.42779,0
16528.9,2.42907,0
16677.1,2.43037,0
16826.6,2.4317,0
16977.5,2.43306,0
17129.7,2.43445,0
17283.3,2.43586,0
17438.3,2.43731,0
17594.7,2.43878,0
17752.4,2.44029,0
17911.6,2.44183,0
18072.2,2.4434,0
18234.3,2.445,0
18397.8,2.44664,0
18562.7,2.44831,0
18729.2,2.45002,0
18897.1,2.45177,0
19066.6,2.45355,0
19237.5,2.45537,0
19410,2.45723,0
19584.1,2.45913,0
19759.7,2.46108,0
19936.9,2.46306,0
20115.6,2.46509,0
20296,2.46717,0
20478,2.46929,0
20661.6,2.47146,0
20846.9,2.47367,0
21033.8,2.47594,0
21222.4,2.47826,0
21412.7,2.48063,0
21604.7,2.48305,0
21798.4,2.48553,0
21993.9,2.48807,0
22191.1,2.49067,0
22390.1,2.49332,0
22590.8,2.49604,0
22793.4,2.49882,0
22997.8,2.50167,0
23204,2.50458,0
23412.1,2.50757,0
23622,2.51062,0
23833.8,2.51375,0
24047.5,2.51695,0
24263.1,2.52024,0
24480.7,2.5236,0
24700.2,2.52704,0
24921.7,2.53057,0
25145.2,2.53419,0
25370.6,2.5379,0
25598.1,2.5417,0
25827.6,2.5456,0
26059.2,2.5496,0
26292.9,2.5537,0
26528.7,2.55791,0
26766.5,2.56223,0
27006.5,2.56666,0
27248.7,2.57121,0
27493,2.57588,0
27739.6,2.58067,0
27988.3,2.5856,0
28239.2,2.59066,0
28492.5,2.59586,0
28747.9,2.6012,0
29005.7,2.60669,0
29265.8,2.61234,0
29528.2,2.61815,0
29793,2.62413,0
30060.1,2.63028,0
30329.7,2.63661,0
30601.6,2.64312,0
30876,2.64984,0
31152.9,2.65675,0
31432.2,2.66388,0
31714.1,2.67123,0
31998.4,2.6788,0
32285.3,2.68662,0
32574.8,2.69469,0
32866.9,2.70301,0
33161.6,2.71161,0
33459,2.7205,0
33759,2.72968,0
34061.7,2.73918,0
34367.1,2.74901,0
34675.3,2.75918,0
34986.2,2.76971,0
35299.9,2.78063,0
35616.4,2.79194,0
35935.8,2.80368,0
36258,2.81586,0
36583.1,2.82851,0
36911.2,2.84166,0
37242.1,2.85533,0
37576.1,2.86956,0
37913,2.88439,0
38253,2.89984,0
38596,2.91596,0
38942.1,2.9328,0
39291.2,2.9504,0
39643.5,2.96882,0
39999,2.98811,0
40357.7,3.00835,0
40719.6,3.0296,0
41084.7,3.05196,0
41453.1,3.0755,0
41824.8,3.10033,0
42199.8,3.12657,0
42578.2,3.15436,0
42960,3.18383,0
43345.2,3.21517,0
43733.8,3.24858,0
44126,3.28429,0
44521.7,3.32257,0
44920.9,3.36376,0
45323.7,3.40823,0
45730.1,3.45646,0
46140.1,3.50902,0
46553.8,3.56662,0
46971.3,3.63016,0
47392.4,3.70077,0
47817.4,3.77993,0
48246.2,3.86963,0
48678.8,3.97253,0
49115.2,4.09243,0
49555.7,4.23482,0
50000,4.40804,0
