# source: refractiveindex.info database (CC0), other/mixed crystals/TlBr-TlI/nk/Rodney.yml
# freq_cm1,eps_real,eps_imag
253.936,4.91156,0
255.733,4.92272,0
257.542,4.9337,0
259.364,4.94452,0
261.199,4.95516,0
263.047,4.96564,0
264.909,4.97595,0
266.783,4.98611,0
268.67,4.9961,0
270.571,5.00594,0
272.486,5.01563,0
274.414,5.02517,0
276.355,5.03457,0
278.31,5.04381,0
280.28,5.05292,0
282.263,5.06188,0
284.26,5.07071,0
286.271,5.07941,0
288.296,5.08797,0
290.336,5.09639,0
292.39,5.1047,0
294.459,5.11287,0
296.542,5.12092,0
298.641,5.12885,0
300.754,5.13665,0
302.881,5.14434,0
305.024,5.15191,0
307.183,5.15937,0
309.356,5.16671,0
311.545,5.17395,0
313.749,5.18107,0
315.969,5.18809,0
318.204,5.195,0
320.456,5.20181,0
322.723,5.20851,0
325.007,5.21512,0
327.306,5.22162,0
329.622,5.22803,0
331.954,5.23435,0
334.303,5.24056,0
336.668,5.24669,0
339.05,5.25272,0
341.449,5.25867,0
343.865,5.26452,0
346.298,5.27029,0
348.748,5.27597,0
351.215,5.28157,0
353.7,5.28709,0
356.203,5.29252,0
358.723,5.29787,0
361.261,5.30315,0
363.817,5.30834,0
366.391,5.31346,0
368.983,5.31851,0
371.594,5.32347,0
374.223,5.32837,0
376.871,5.33319,0
379.537,5.33795,0
382.223,5.34263,0
384.927,5.34725,0
387.651,5.35179,0
390.393,5.35627,0
393.155,5.36069,0
395.937,5.36504,0
398.739,5.36932,0
401.56,5.37355,0
404.401,5.37771,0
407.262,5.38181,0
410.144,5.38585,0
413.046,5.38983,0
415.968,5.39376,0
418.911,5.39762,0
421.875,5.40143,0
424.86,5.40519,0
427.866,5.40889,0
430.893,5.41254,0
433.942,5.41613,0
437.012,5.41968,0
440.104,5.42317,0
443.218,5.42661,0
446.354,5.43,0
449.512,5.43334,0
452.692,5.43663,0
455.895,5.43988,0
459.121,5.44308,0
462.369,5.44623,0
465.641,5.44934,0
468.935,5.4524,0
472.253,5.45542,0
475.594,5.45839,0
478.959,5.46133,0
482.348,5.46422,0
485.761,5.46706,0
489.198,5.46987,0
492.659,5.47264,0
496.145,5.47537,0
499.655,5.47806,0
503.19,5.48071,0
506.75,5.48332,0
510.336,5.48589,0
513.947,5.48843,0
517.583,5.49094,0
521.245,5.4934,0
524.933,5.49583,0
528.647,5.49823,0
532.387,5.50059,0
536.154,5.50292,0
539.947,5.50522,0
543.768,5.50748,0
547.615,5.50971,0
551.49,5.51191,0
555.391,5.51408,0
559.321,5.51622,0
563.278,5.51832,0
567.264,5.5204,0
571.277,5.52245,0
575.319,5.52447,0
579.39,5.52646,0
583.489,5.52842,0
587.617,5.53036,0
591.775,5.53226,0
595.962,5.53414,0
600.179,5.536,0
604.425,5.53783,0
608.702,5.53963,0
613.008,5.54141,0
617.345,5.54316,0
621.713,5.54489,0
626.112,5.54659,0
630.542,5.54827,0
635.003,5.54992,0
639.496,5.55156,0
644.021,5.55317,0
648.577,5.55475,0
653.166,5.55632,0
657.788,5.55786,0
662.442,5.55939,0
667.129,5.56089,0
671.849,5.56237,0
676.602,5.56383,0
681.389,5.56527,0
686.21,5.56669,0
691.066,5.56809,0
695.955,5.56947,0
700.879,5.57083,0
705.838,5.57217,0
710.832,5.57349,0
715.861,5.5748,0
720.926,5.57609,0
726.027,5.57736,0
731.164,5.57861,0
736.337,5.57985,0
741.547,5.58107,0
746.794,5.58227,0
752.077,5.58345,0
757.398,5.58462,0
762.757,5.58578,0
768.154,5.58692,0
773.589,5.58804,0
779.062,5.58915,0
784.574,5.59024,0
790.125,5.59132,0
795.716,5.59238,0
801.346,5.59343,0
807.015,5.59446,0
812.725,5.59548,0
818.476,5.59649,0
824.267,5.59748,0
830.098,5.59846,0
835.972,5.59943,0
841.886,5.60038,0
847.843,5.60133,0
853.842,5.60226,0
859.883,5.60317,0
865.967,5.60408,0
872.094,5.60497,0
878.264,5.60585,0
884.478,5.60672,0
890.736,5.60758,0
897.038,5.60843,0
903.385,5.60926,0
909.777,5.61009,0
916.214,5.6109,0
922.696,5.6117,0
929.224,5.6125,0
935.799,5.61328,0
942.42,5.61405,0
949.088,5.61482,0
955.803,5.61557,0
962.565,5.61632,0
969.376,5.61705,0
976.234,5.61778,0
983.142,5.61849,0
990.098,5.6192,0
997.103,5.6199,0
1004.16,5.62059,0
1011.26,5.62127,0
1018.42,5.62194,0
1025.62,5.62261,0
1032.88,5.62326,0
1040.19,5.62391,0
1047.55,5.62455,0
1054.96,5.62518,0
1062.42,5.62581,0
1069.94,5.62643,0
1077.51,5.62704,0
1085.13,5.62764,0
1092.81,5.62823,0
1100.54,5.62882,0
1108.33,5.6294,0
1116.17,5.62998,0
1124.07,5.63055,0
1132.02,5.63111,0
1140.03,5.63167,0
1148.1,5.63221,0
1156.22,5.63276,0
1164.4,5.63329,0
1172.64,5.63382,0
1180.94,5.63435,0
1189.29,5.63487,0
1197.71,5.63538,0
1206.18,5.63589,0
1214.71,5.63639,0
1223.31,5.63689,0
1231.96,5.63738,0
1240.68,5.63787,0
1249.46,5.63835,0
1258.3,5.63883,0
1267.2,5.6393,0
1276.17,5.63977,0
1285.2,5.64023,0
1294.29,5.64069,0
1303.45,5.64114,0
1312.67,5.64159,0
1321.96,5.64203,0
1331.31,5.64247,0
1340.73,5.64291,0
1350.22,5.64334,0
1359.77,5.64377,0
1369.39,5.64419,0
1379.08,5.64461,0
1388.84,5.64503,0
1398.66,5.64544,0
1408.56,5.64585,0
1418.52,5.64626,0
1428.56,5.64666,0
1438.67,5.64706,0
1448.85,5.64746,0
1459.1,5.64785,0
1469.42,5.64824,0
1479.82,5.64863,0
1490.29,5.64901,0
1500.83,5.6494,0
1511.45,5.64977,0
1522.15,5.65015,0
1532.91,5.65052,0
1543.76,5.6509,0
1554.68,5.65126,0
1565.68,5.65163,0
1576.76,5.65199,0
1587.92,5.65236,0
1599.15,5.65272,0
1610.47,5.65307,0
1621.86,5.65343,0
1633.34,5.65378,0
1644.89,5.65413,0
1656.53,5.65448,0
1668.25,5.65483,0
1680.05,5.65518,0
1691.94,5.65552,0
1703.91,5.65587,0
1715.97,5.65621,0
1728.11,5.65655,0
1740.34,5.65689,0
1752.65,5.65723,0
1765.05,5.65756,0
1777.54,5.6579,0
1790.11,5.65823,0
1802.78,5.65857,0
1815.53,5.6589,0
1828.38,5.65923,0
1841.32,5.65956,0
1854.34,5.65989,0
1867.46,5.66022,0
1880.68,5.66055,0
1893.98,5.66088,0
1907.38,5.66121,0
1920.88,5.66154,0
1934.47,5.66187,0
1948.16,5.66219,0
1961.94,5.66252,0
1975.82,5.66285,0
1989.8,5.66317,0
2003.88,5.6635,0
2018.06,5.66383,0
2032.34,5.66416,0
2046.72,5.66448,0
2061.2,5.66481,0
2075.78,5.66514,0
2090.47,5.66547,0
2105.26,5.6658,0
2120.15,5.66613,0
2135.15,5.66646,0
2150.26,5.66679,0
2165.47,5.66712,0
2180.8,5.66745,0
2196.22,5.66779,0
2211.76,5.66812,0
2227.41,5.66846,0
2243.17,5.66879,0
2259.04,5.66913,0
2275.03,5.66947,0
2291.12,5.66981,0
2307.33,5.67015,0
2323.66,5.6705,0
2340.1,5.67084,0
2356.66,5.67119,0
2373.33,5.67153,0
2390.12,5.67188,0
2407.03,5.67224,0
2424.06,5.67259,0
2441.21,5.67294,0
2458.49,5.6733,0
2475.88,5.67366,0
2493.4,5.67402,0
2511.04,5.67439,0
2528.81,5.67475,0
2546.7,5.67512,0
2564.72,5.67549,0
2582.86,5.67586,0
2601.14,5.67624,0
2619.54,5.67662,0
2638.08,5.677,0
2656.74,5.67738,0
2675.54,5.67777,0
2694.47,5.67816,0
2713.53,5.67855,0
2732.73,5.67895,0
2752.07,5.67935,0
2771.54,5.67975,0
2791.15,5.68016,0
2810.89,5.68057,0
2830.78,5.68098,0
2850.81,5.6814,0
2870.98,5.68182,0
2891.29,5.68224,0
2911.75,5.68267,0
2932.35,5.6831,0
2953.1,5.68354,0
2973.99,5.68398,0
2995.04,5.68443,0
3016.23,5.68488,0
3037.57,5.68533,0
3059.06,5.68579,0
3080.7,5.68625,0
3102.5,5.68672,0
3124.45,5.68719,0
3146.56,5.68767,0
3168.82,5.68815,0
3191.24,5.68864,0
3213.82,5.68913,0
3236.56,5.68963,0
3259.46,5.69013,0
3282.52,5.69064,0
3305.74,5.69116,0
3329.13,5.69168,0
3352.69,5.6922,0
3376.41,5.69274,0
3400.3,5.69327,0
3424.36,5.69382,0
3448.58,5.69437,0
3472.98,5.69493,0
3497.56,5.69549,0
3522.3,5.69606,0
3547.22,5.69664,0
3572.32,5.69722,0
3597.6,5.69782,0
3623.05,5.69841,0
3648.68,5.69902,0
3674.5,5.69963,0
3700.5,5.70026,0
3726.68,5.70088,0
3753.05,5.70152,0
3779.6,5.70216,0
3806.34,5.70282,0
3833.27,5.70348,0
3860.39,5.70415,0
3887.71,5.70482,0
3915.21,5.70551,0
3942.92,5.70621,0
3970.81,5.70691,0
3998.91,5.70762,0
4027.2,5.70835,0
4055.7,5.70908,0
4084.39,5.70982,0
4113.29,5.71057,0
4142.39,5.71133,0
4171.7,5.7121,0
4201.22,5.71288,0
4230.94,5.71368,0
4260.88,5.71448,0
4291.02,5.71529,0
4321.38,5.71611,0
4351.96,5.71695,0
4382.75,5.7178,0
4413.76,5.71865,0
4444.99,5.71952,0
4476.44,5.7204,0
4508.11,5.7213,0
4540,5.7222,0
4572.13,5.72312,0
4604.48,5.72405,0
4637.05,5.725,0
4669.86,5.72595,0
4702.9,5.72692,0
4736.18,5.72791,0
4769.69,5.7289,0
4803.43,5.72992,0
4837.42,5.73094,0
4871.65,5.73198,0
4906.11,5.73303,0
4940.83,5.7341,0
4975.78,5.73519,0
5010.99,5.73629,0
5046.44,5.7374,0
5082.15,5.73853,0
5118.1,5.73968,0
5154.32,5.74085,0
5190.79,5.74203,0
5227.51,5.74322,0
5264.5,5.74444,0
5301.75,5.74567,0
5339.26,5.74692,0
5377.03,5.74819,0
5415.08,5.74947,0
5453.39,5.75078,0
5491.98,5.7521,0
5530.83,5.75344,0
5569.96,5.75481,0
5609.37,5.75619,0
5649.06,5.75759,0
5689.03,5.75901,0
5729.28,5.76046,0
5769.82,5.76192,0
5810.64,5.76341,0
5851.75,5.76492,0
5893.16,5.76645,0
5934.85,5.768,0
5976.84,5.76958,0
6019.13,5.77118,0
6061.72,5.7728,0
6104.61,5.77445,0
6147.8,5.77612,0
6191.29,5.77782,0
6235.1,5.77954,0
6279.21,5.78129,0
6323.64,5.78306,0
6368.38,5.78486,0
6413.44,5.78669,0
6458.82,5.78855,0
6504.52,5.79043,0
6550.54,5.79235,0
6596.88,5.79429,0
6643.56,5.79626,0
6690.56,5.79826,0
6737.9,5.80029,0
6785.57,5.80235,0
6833.58,5.80444,0
6881.93,5.80657,0
6930.63,5.80873,0
6979.66,5.81092,0
7029.05,5.81314,0
7078.78,5.8154,0
7128.86,5.8177,0
7179.3,5.82003,0
7230.1,5.82239,0
7281.25,5.8248,0
7332.77,5.82723,0
7384.65,5.82971,0
7436.9,5.83223,0
7489.52,5.83478,0
7542.51,5.83738,0
7595.87,5.84001,0
7649.61,5.84269,0
7703.74,5.84541,0
7758.24,5.84817,0
7813.14,5.85098,0
7868.42,5.85383,0
7924.09,5.85672,0
7980.15,5.85967,0
8036.61,5.86265,0
8093.48,5.86569,0
8150.74,5.86877,0
8208.41,5.87191,0
8266.48,5.87509,0
8324.97,5.87833,0
8383.87,5.88161,0
8443.19,5.88495,0
8502.93,5.88835,0
8563.09,5.8918,0
8623.68,5.8953,0
8684.69,5.89886,0
8746.14,5.90248,0
8808.02,5.90616,0
8870.34,5.9099,0
8933.1,5.9137,0
8996.3,5.91757,0
9059.95,5.92149,0
9124.06,5.92549,0
9188.61,5.92954,0
9253.62,5.93367,0
9319.1,5.93786,0
9385.03,5.94213,0
9451.43,5.94647,0
9518.3,5.95087,0
9585.65,5.95536,0
9653.47,5.95992,0
9721.77,5.96455,0
9790.56,5.96927,0
9859.83,5.97406,0
9929.59,5.97894,0
9999.84,5.9839,0
10070.6,5.98895,0
10141.8,5.99408,0
10213.6,5.9993,0
10285.9,6.00462,0
10358.6,6.01002,0
10431.9,6.01552,0
10505.7,6.02111,0
10580.1,6.02681,0
10654.9,6.0326,0
10730.3,6.0385,0
10806.2,6.0445,0
10882.7,6.05061,0
10959.7,6.05683,0
11037.2,6.06316,0
11115.3,6.0696,0
11194,6.07616,0
11273.2,6.08284,0
11352.9,6.08964,0
11433.3,6.09657,0
11514.1,6.10362,0
11595.6,6.1108,0
11677.7,6.11812,0
11760.3,6.12557,0
11843.5,6.13316,0
11927.3,6.1409,0
12011.7,6.14877,0
12096.7,6.1568,0
12182.2,6.16499,0
12268.4,6.17332,0
12355.2,6.18182,0
12442.7,6.19049,0
12530.7,6.19932,0
12619.4,6.20832,0
12708.6,6.2175,0
12798.6,6.22686,0
12889.1,6.23641,0
12980.3,6.24615,0
13072.1,6.25608,0
13164.6,6.26621,0
13257.8,6.27655,0
13351.6,6.2871,0
13446,6.29787,0
13541.2,6.30886,0
13637,6.32008,0
13733.5,6.33153,0
13830.6,6.34322,0
13928.5,6.35517,0
14027,6.36736,0
14126.3,6.37982,0
14226.2,6.39255,0
14326.9,6.40556,0
14428.3,6.41886,0
14530.3,6.43245,0
14633.1,6.44634,0
14736.7,6.46055,0
14840.9,6.47508,0
14945.9,6.48994,0
15051.7,6.50515,0
15158.2,6.52071,0
15265.4,6.53664,0
15373.4,6.55295,0
15482.2,6.56965,0
15591.8,6.58675,0
15702.1,6.60428,0
15813.2,6.62223,0
15925.1,6.64064,0
16037.7,6.65951,0
16151.2,6.67887,0
16265.5,6.69873,0
16380.6,6.71911,0
16496.5,6.74003,0
16613.2,6.76152,0
16730.7,6.78359,0
16849.1,6.80627,0
16968.3,6.82959,0
17088.4,6.85357,0
17209.3,6.87825,0
17331,6.90365,0
