# source: refractiveindex.info database (CC0), main/MgO/nk/Stephens.yml
# freq_cm1,eps_real,eps_imag
1851.85,2.62989,0
1860.24,2.633,0
1868.67,2.63608,0
1877.14,2.63913,0
1885.65,2.64214,0
1894.19,2.64513,0
1902.77,2.64809,0
1911.39,2.65102,0
1920.05,2.65392,0
1928.75,2.65679,0
1937.49,2.65963,0
1946.27,2.66245,0
1955.09,2.66523,0
1963.95,2.668,0
1972.85,2.67073,0
1981.79,2.67344,0
1990.77,2.67612,0
1999.79,2.67877,0
2008.85,2.6814,0
2017.95,2.684,0
2027.1,2.68658,0
2036.28,2.68914,0
2045.51,2.69166,0
2054.78,2.69417,0
2064.09,2.69665,0
2073.44,2.6991,0
2082.84,2.70153,0
2092.27,2.70394,0
2101.76,2.70633,0
2111.28,2.70869,0
2120.85,2.71103,0
2130.46,2.71334,0
2140.11,2.71564,0
2149.81,2.71791,0
2159.55,2.72016,0
2169.33,2.72239,0
2179.16,2.7246,0
2189.04,2.72678,0
2198.96,2.72895,0
2208.92,2.73109,0
2218.93,2.73322,0
2228.98,2.73532,0
2239.08,2.7374,0
2249.23,2.73947,0
2259.42,2.74151,0
2269.66,2.74354,0
2279.94,2.74554,0
2290.27,2.74753,0
2300.65,2.74949,0
2311.07,2.75144,0
2321.55,2.75337,0
2332.07,2.75528,0
2342.63,2.75718,0
2353.25,2.75905,0
2363.91,2.76091,0
2374.62,2.76275,0
2385.38,2.76457,0
2396.19,2.76638,0
2407.05,2.76817,0
2417.96,2.76994,0
2428.91,2.77169,0
2439.92,2.77343,0
2450.97,2.77515,0
2462.08,2.77686,0
2473.24,2.77855,0
2484.44,2.78022,0
2495.7,2.78188,0
2507.01,2.78352,0
2518.37,2.78515,0
2529.78,2.78676,0
2541.24,2.78836,0
2552.76,2.78994,0
2564.32,2.79151,0
2575.94,2.79306,0
2587.61,2.7946,0
2599.34,2.79612,0
2611.12,2.79763,0
2622.95,2.79912,0
2634.83,2.80061,0
2646.77,2.80207,0
2658.77,2.80353,0
2670.81,2.80497,0
2682.92,2.80639,0
2695.07,2.80781,0
2707.28,2.80921,0
2719.55,2.8106,0
2731.87,2.81197,0
2744.25,2.81333,0
2756.69,2.81468,0
2769.18,2.81602,0
2781.73,2.81735,0
2794.33,2.81866,0
2806.99,2.81996,0
2819.71,2.82125,0
2832.49,2.82252,0
2845.32,2.82379,0
2858.22,2.82504,0
2871.17,2.82628,0
2884.18,2.82751,0
2897.25,2.82873,0
2910.37,2.82994,0
2923.56,2.83114,0
2936.81,2.83233,0
2950.12,2.8335,0
2963.48,2.83467,0
2976.91,2.83582,0
2990.4,2.83696,0
3003.95,2.8381,0
3017.56,2.83922,0
3031.23,2.84033,0
3044.97,2.84143,0
3058.77,2.84253,0
3072.63,2.84361,0
3086.55,2.84468,0
3100.53,2.84575,0
3114.58,2.8468,0
3128.7,2.84784,0
3142.87,2.84888,0
3157.11,2.8499,0
3171.42,2.85092,0
3185.79,2.85193,0
3200.23,2.85293,0
3214.73,2.85392,0
3229.29,2.8549,0
3243.93,2.85587,0
3258.62,2.85683,0
3273.39,2.85778,0
3288.22,2.85873,0
3303.12,2.85967,0
3318.09,2.8606,0
3333.12,2.86152,0
3348.23,2.86243,0
3363.4,2.86334,0
3378.64,2.86423,0
3393.95,2.86512,0
3409.33,2.866,0
3424.77,2.86687,0
3440.29,2.86774,0
3455.88,2.8686,0
3471.54,2.86945,0
3487.27,2.87029,0
3503.07,2.87113,0
3518.95,2.87195,0
3534.89,2.87278,0
3550.91,2.87359,0
3567,2.8744,0
3583.16,2.8752,0
3599.4,2.87599,0
3615.71,2.87678,0
3632.09,2.87755,0
3648.55,2.87833,0
3665.08,2.87909,0
3681.69,2.87985,0
3698.37,2.8806,0
3715.13,2.88135,0
3731.96,2.88209,0
3748.87,2.88282,0
3765.86,2.88355,0
3782.92,2.88427,0
3800.06,2.88499,0
3817.28,2.8857,0
3834.58,2.8864,0
3851.95,2.88709,0
3869.41,2.88779,0
3886.94,2.88847,0
3904.55,2.88915,0
3922.24,2.88982,0
3940.02,2.89049,0
3957.87,2.89115,0
3975.8,2.89181,0
3993.82,2.89246,0
4011.92,2.89311,0
4030.09,2.89375,0
4048.36,2.89438,0
4066.7,2.89501,0
4085.13,2.89564,0
4103.64,2.89626,0
4122.23,2.89687,0
4140.91,2.89748,0
4159.67,2.89809,0
4178.52,2.89869,0
4197.46,2.89928,0
4216.47,2.89987,0
4235.58,2.90046,0
4254.77,2.90104,0
4274.05,2.90161,0
4293.42,2.90218,0
4312.87,2.90275,0
4332.41,2.90331,0
4352.05,2.90387,0
4371.77,2.90442,0
4391.58,2.90497,0
4411.47,2.90552,0
4431.46,2.90606,0
4451.54,2.90659,0
4471.71,2.90712,0
4491.98,2.90765,0
4512.33,2.90817,0
4532.78,2.90869,0
4553.32,2.90921,0
4573.95,2.90972,0
4594.67,2.91023,0
4615.49,2.91073,0
4636.41,2.91123,0
4657.41,2.91173,0
4678.52,2.91222,0
4699.72,2.91271,0
4721.01,2.91319,0
4742.4,2.91367,0
4763.89,2.91415,0
4785.48,2.91463,0
4807.16,2.9151,0
4828.94,2.91556,0
4850.83,2.91603,0
4872.81,2.91649,0
4894.89,2.91694,0
4917.06,2.9174,0
4939.34,2.91785,0
4961.73,2.91829,0
4984.21,2.91874,0
5006.79,2.91918,0
5029.48,2.91962,0
5052.27,2.92005,0
5075.16,2.92048,0
5098.16,2.92091,0
5121.26,2.92134,0
5144.46,2.92176,0
5167.77,2.92218,0
5191.19,2.9226,0
5214.71,2.92301,0
5238.34,2.92342,0
5262.08,2.92383,0
5285.92,2.92424,0
5309.87,2.92464,0
5333.93,2.92504,0
5358.1,2.92544,0
5382.38,2.92583,0
5406.77,2.92623,0
5431.27,2.92662,0
5455.88,2.927,0
5480.6,2.92739,0
5505.43,2.92777,0
5530.38,2.92815,0
5555.44,2.92853,0
5580.61,2.92891,0
5605.9,2.92928,0
5631.3,2.92965,0
5656.82,2.93002,0
5682.45,2.93039,0
5708.2,2.93075,0
5734.06,2.93111,0
5760.04,2.93147,0
5786.14,2.93183,0
5812.36,2.93219,0
5838.7,2.93254,0
5865.15,2.9329,0
5891.73,2.93325,0
5918.43,2.9336,0
5945.24,2.93394,0
5972.18,2.93429,0
5999.25,2.93463,0
6026.43,2.93497,0
6053.74,2.93531,0
6081.17,2.93565,0
6108.72,2.93598,0
6136.4,2.93632,0
6164.21,2.93665,0
6192.14,2.93698,0
6220.19,2.93731,0
6248.38,2.93764,0
6276.69,2.93796,0
6305.13,2.93829,0
6333.7,2.93861,0
6362.4,2.93893,0
6391.23,2.93925,0
6420.19,2.93957,0
6449.28,2.93989,0
6478.51,2.9402,0
6507.86,2.94052,0
6537.35,2.94083,0
6566.97,2.94114,0
6596.73,2.94146,0
6626.62,2.94177,0
6656.64,2.94207,0
6686.81,2.94238,0
6717.11,2.94269,0
6747.54,2.94299,0
6778.12,2.9433,0
6808.83,2.9436,0
6839.68,2.9439,0
6870.67,2.9442,0
6901.81,2.9445,0
6933.08,2.9448,0
6964.49,2.9451,0
6996.05,2.94539,0
7027.75,2.94569,0
7059.6,2.94598,0
7091.58,2.94628,0
7123.72,2.94657,0
7156,2.94686,0
7188.42,2.94716,0
7220.99,2.94745,0
7253.71,2.94774,0
7286.58,2.94803,0
7319.6,2.94832,0
7352.77,2.9486,0
7386.08,2.94889,0
7419.55,2.94918,0
7453.17,2.94947,0
7486.94,2.94975,0
7520.87,2.95004,0
7554.94,2.95032,0
7589.18,2.95061,0
7623.56,2.95089,0
7658.11,2.95117,0
7692.81,2.95146,0
7727.67,2.95174,0
7762.68,2.95202,0
7797.86,2.9523,0
7833.19,2.95259,0
7868.68,2.95287,0
7904.34,2.95315,0
7940.15,2.95343,0
7976.13,2.95371,0
8012.27,2.95399,0
8048.58,2.95427,0
8085.05,2.95455,0
8121.68,2.95483,0
8158.48,2.95511,0
8195.45,2.95539,0
8232.59,2.95567,0
8269.89,2.95595,0
8307.36,2.95623,0
8345,2.95651,0
8382.82,2.95679,0
8420.8,2.95707,0
8458.96,2.95735,0
8497.29,2.95763,0
8535.79,2.95791,0
8574.47,2.95819,0
8613.32,2.95847,0
8652.35,2.95875,0
8691.55,2.95903,0
8730.94,2.95931,0
8770.5,2.95959,0
8810.24,2.95988,0
8850.16,2.96016,0
8890.26,2.96044,0
8930.54,2.96072,0
8971.01,2.96101,0
9011.66,2.96129,0
9052.49,2.96157,0
9093.51,2.96186,0
9134.72,2.96214,0
9176.11,2.96243,0
9217.69,2.96272,0
9259.45,2.963,0
9301.41,2.96329,0
9343.56,2.96358,0
9385.89,2.96387,0
9428.42,2.96416,0
9471.14,2.96445,0
9514.06,2.96474,0
9557.17,2.96503,0
9600.48,2.96532,0
9643.98,2.96561,0
9687.68,2.96591,0
9731.57,2.9662,0
9775.67,2.9665,0
9819.96,2.96679,0
9864.46,2.96709,0
9909.16,2.96739,0
9954.06,2.96769,0
9999.16,2.96799,0
10044.5,2.96829,0
10090,2.96859,0
10135.7,2.96889,0
10181.6,2.9692,0
10227.8,2.96951,0
10274.1,2.96981,0
10320.7,2.97012,0
10367.4,2.97043,0
10414.4,2.97074,0
10461.6,2.97105,0
10509,2.97136,0
10556.6,2.97168,0
10604.4,2.97199,0
10652.5,2.97231,0
10700.8,2.97263,0
10749.3,2.97295,0
10798,2.97327,0
10846.9,2.97359,0
10896,2.97392,0
10945.4,2.97424,0
10995,2.97457,0
11044.8,2.9749,0
11094.9,2.97523,0
11145.1,2.97556,0
11195.6,2.9759,0
11246.4,2.97623,0
11297.3,2.97657,0
11348.5,2.97691,0
11399.9,2.97725,0
11451.6,2.97759,0
11503.5,2.97794,0
11555.6,2.97829,0
11608,2.97863,0
11660.6,2.97898,0
11713.4,2.97934,0
11766.5,2.97969,0
11819.8,2.98005,0
11873.4,2.98041,0
11927.2,2.98077,0
11981.2,2.98113,0
12035.5,2.9815,0
12090,2.98186,0
12144.8,2.98223,0
12199.8,2.98261,0
12255.1,2.98298,0
12310.7,2.98336,0
12366.4,2.98374,0
12422.5,2.98412,0
12478.8,2.9845,0
12535.3,2.98489,0
12592.1,2.98528,0
12649.2,2.98567,0
12706.5,2.98606,0
12764,2.98646,0
12821.9,2.98686,0
12880,2.98726,0
12938.3,2.98767,0
12997,2.98807,0
13055.9,2.98848,0
13115,2.9889,0
13174.4,2.98931,0
13234.1,2.98973,0
13294.1,2.99016,0
13354.3,2.99058,0
13414.9,2.99101,0
13475.6,2.99144,0
13536.7,2.99188,0
13598,2.99231,0
13659.7,2.99275,0
13721.6,2.9932,0
13783.7,2.99365,0
13846.2,2.9941,0
13908.9,2.99455,0
13971.9,2.99501,0
14035.3,2.99547,0
14098.9,2.99593,0
14162.7,2.9964,0
14226.9,2.99687,0
14291.4,2.99735,0
14356.1,2.99783,0
14421.2,2.99831,0
14486.5,2.9988,0
14552.2,2.99929,0
14618.1,2.99978,0
14684.3,3.00028,0
14750.9,3.00079,0
14817.7,3.00129,0
14884.9,3.0018,0
14952.3,3.00232,0
15020.1,3.00284,0
15088.1,3.00336,0
15156.5,3.00389,0
15225.2,3.00442,0
15294.2,3.00495,0
15363.5,3.00549,0
15433.1,3.00604,0
15503,3.00659,0
15573.2,3.00714,0
15643.8,3.0077,0
15714.7,3.00826,0
15785.9,3.00883,0
15857.4,3.00941,0
15929.3,3.00998,0
16001.5,3.01057,0
16074,3.01115,0
16146.8,3.01175,0
16220,3.01234,0
16293.5,3.01295,0
16367.3,3.01356,0
16441.5,3.01417,0
16516,3.01479,0
16590.8,3.01541,0
16666,3.01604,0
16741.5,3.01668,0
16817.3,3.01732,0
16893.5,3.01797,0
16970.1,3.01862,0
17047,3.01928,0
17124.2,3.01994,0
17201.8,3.02061,0
17279.8,3.02129,0
17358.1,3.02197,0
17436.7,3.02266,0
17515.7,3.02335,0
17595.1,3.02405,0
17674.8,3.02476,0
17754.9,3.02547,0
17835.4,3.02619,0
17916.2,3.02692,0
17997.4,3.02765,0
18078.9,3.02839,0
18160.8,3.02914,0
18243.1,3.02989,0
18325.8,3.03065,0
18408.8,3.03142,0
18492.2,3.0322,0
18576,3.03298,0
18660.2,3.03377,0
18744.7,3.03457,0
18829.7,3.03537,0
18915,3.03618,0
19000.7,3.037,0
19086.8,3.03783,0
19173.3,3.03866,0
19260.2,3.03951,0
19347.4,3.04036,0
19435.1,3.04122,0
19523.2,3.04208,0
19611.6,3.04296,0
19700.5,3.04384,0
19789.8,3.04474,0
19879.4,3.04564,0
19969.5,3.04655,0
20060,3.04747,0
20150.9,3.0484,0
20242.2,3.04933,0
20333.9,3.05028,0
20426.1,3.05123,0
20518.6,3.0522,0
20611.6,3.05317,0
20705,3.05415,0
20798.8,3.05515,0
20893,3.05615,0
20987.7,3.05716,0
21082.8,3.05819,0
21178.3,3.05922,0
21274.3,3.06026,0
21370.7,3.06132,0
21467.5,3.06238,0
21564.8,3.06345,0
21662.5,3.06454,0
21760.7,3.06564,0
21859.3,3.06674,0
21958.3,3.06786,0
22057.8,3.06899,0
22157.8,3.07013,0
22258.2,3.07129,0
22359,3.07245,0
22460.4,3.07363,0
22562.1,3.07481,0
22664.4,3.07601,0
22767.1,3.07723,0
22870.2,3.07845,0
22973.8,3.07969,0
23077.9,3.08094,0
23182.5,3.0822,0
23287.6,3.08348,0
23393.1,3.08477,0
23499.1,3.08607,0
23605.6,3.08739,0
23712.5,3.08872,0
23820,3.09006,0
23927.9,3.09142,0
24036.3,3.09279,0
24145.2,3.09418,0
24254.6,3.09558,0
24364.5,3.097,0
24474.9,3.09843,0
24585.8,3.09987,0
24697.2,3.10133,0
24809.2,3.10281,0
24921.6,3.1043,0
25034.5,3.10581,0
25147.9,3.10734,0
25261.9,3.10888,0
25376.3,3.11043,0
25491.3,3.11201,0
25606.8,3.1136,0
25722.9,3.11521,0
25839.4,3.11683,0
25956.5,3.11847,0
26074.1,3.12014,0
26192.3,3.12181,0
26310.9,3.12351,0
26430.2,3.12523,0
26549.9,3.12696,0
26670.2,3.12872,0
26791.1,3.13049,0
26912.5,3.13228,0
27034.4,3.13409,0
27156.9,3.13593,0
27280,3.13778,0
27403.6,3.13965,0
27527.7,3.14155,0
27652.5,3.14346,0
27777.8,3.1454,0
