# source: refractiveindex.info database (CC0), main/Si3N4/nk/Kischkat.yml
# freq_cm1,eps_real,eps_imag
700,12.7296,6.79877
704,12.644,6.99087
708,12.5506,7.18554
712,12.448,7.38264
716,12.3352,7.58139
720,12.2109,7.78094
724,12.0743,7.98001
728,11.9247,8.17707
732,11.7617,8.37036
736,11.5852,8.55799
740,11.396,8.738
744,11.1946,8.9086
748,10.9827,9.06829
752,10.7617,9.21576
756,10.5336,9.3503
760,10.3003,9.47148
764,10.064,9.5796
768,9.82623,9.67532
772,9.58858,9.75967
776,9.35211,9.8341
780,9.11739,9.9002
784,8.88437,9.95957
788,8.65255,10.0137
792,8.42085,10.0639
796,8.18762,10.1107
800,7.95104,10.1542
804,7.70922,10.1937
808,7.46036,10.2274
812,7.20365,10.2527
816,6.939,10.2665
820,6.66789,10.2656
824,6.39318,10.2473
828,6.11845,10.2104
832,5.84803,10.1549
836,5.58553,10.0825
840,5.33369,9.99612
844,5.09374,9.89915
848,4.86584,9.79489
852,4.64874,9.68617
856,4.44074,9.57472
860,4.23996,9.46168
864,4.04441,9.34698
868,3.85256,9.23035
872,3.66337,9.1107
876,3.47618,8.98686
880,3.29096,8.85758
884,3.108,8.72163
888,2.92836,8.57793
892,2.75307,8.42592
896,2.58355,8.26506
900,2.42133,8.09555
904,2.26787,7.91779
908,2.12458,7.73269
912,1.99257,7.54142
916,1.87271,7.34549
920,1.76538,7.14641
924,1.67079,6.94588
928,1.5886,6.74548
932,1.51818,6.54664
936,1.45882,6.35051
940,1.40947,6.15814
944,1.36904,5.9701
948,1.33638,5.7869
952,1.31048,5.60868
956,1.29032,5.43541
960,1.2751,5.26681
964,1.26404,5.10254
968,1.25668,4.94223
972,1.25265,4.7854
976,1.25175,4.63158
980,1.25395,4.48037
984,1.25923,4.33146
988,1.26777,4.18457
992,1.2798,4.03957
996,1.29555,3.89644
1000,1.31523,3.75523
1004,1.33905,3.61614
1008,1.36718,3.4794
1012,1.39968,3.34535
1016,1.4366,3.21432
1020,1.47781,3.08667
1024,1.52322,2.96283
1028,1.57253,2.84313
1032,1.62547,2.72786
1036,1.68175,2.61732
1040,1.74091,2.51176
1044,1.80254,2.41125
1048,1.86624,2.31594
1052,1.93154,2.22586
1056,1.99803,2.14095
1060,2.06535,2.06119
1064,2.13307,1.98639
1068,2.20084,1.91648
1072,2.26841,1.85121
1076,2.33544,1.79039
1080,2.40171,1.73382
1084,2.46698,1.68127
1088,2.53114,1.63246
1092,2.59396,1.58723
1096,2.6554,1.54526
1100,2.71529,1.50641
1104,2.77361,1.47039
1108,2.83029,1.43703
1112,2.88523,1.40612
1116,2.93852,1.37745
1120,2.99007,1.35083
1124,3.0399,1.32612
1128,3.08805,1.30317
1132,3.13447,1.28177
1136,3.17923,1.26181
1140,3.22237,1.24316
1144,3.26388,1.22568
1148,3.30387,1.20924
1152,3.3423,1.1938
1156,3.37925,1.17914
1160,3.41482,1.1653
1164,3.44897,1.15209
1168,3.48185,1.13946
1172,3.51342,1.12737
1176,3.54382,1.11569
1180,3.57307,1.10444
1184,3.60123,1.0935
1188,3.62836,1.08288
1192,3.65448,1.07249
1196,3.67969,1.06235
1200,3.70405,1.05235
1204,3.72754,1.04255
1208,3.75029,1.03292
1212,3.77228,1.0234
1216,3.79357,1.014
1220,3.81419,1.00468
1224,3.83418,0.995506
1228,3.85361,0.986402
1232,3.87244,0.97741
1236,3.89071,0.968499
1240,3.90847,0.959637
1244,3.9257,0.950868
1248,3.94245,0.94216
1252,3.95876,0.933519
1256,3.97459,0.924945
1260,3.98997,0.916403
1264,4.00494,0.907902
1268,4.01947,0.899438
1272,4.03364,0.890982
1276,4.0474,0.882573
1280,4.0608,0.874135
1284,4.07383,0.86571
1288,4.08654,0.857304
1292,4.09892,0.848838
1296,4.11098,0.840353
1300,4.12271,0.83181
1304,4.1342,0.823258
1308,4.14541,0.814655
1312,4.15637,0.806004
1316,4.16709,0.797266
1320,4.17761,0.788444
1324,4.18791,0.779623
1328,4.19806,0.770683
1332,4.20805,0.761707
1336,4.21787,0.752613
1340,4.22753,0.743483
1344,4.23711,0.734285
1348,4.24656,0.725056
1352,4.25597,0.71572
1356,4.26526,0.706354
1360,4.2745,0.696965
1364,4.28369,0.687511
1368,4.29285,0.678034
1372,4.30195,0.668535
1376,4.31106,0.659016
1380,4.32012,0.649474
1384,4.32917,0.639955
1388,4.33821,0.630458
1392,4.34729,0.620945
1396,4.35632,0.611493
1400,4.36539,0.602025
1404,4.37445,0.592621
1408,4.38354,0.583285
1412,4.39259,0.574012
1416,4.40167,0.564765
1420,4.41078,0.555585
1424,4.41984,0.546469
1428,4.42894,0.537463
1432,4.43802,0.528524
1436,4.4471,0.51965
1440,4.45618,0.510844
1444,4.46525,0.502147
1448,4.47426,0.493556
1452,4.48331,0.485036
1456,4.49232,0.476582
1460,4.50131,0.468238
1464,4.51031,0.459962
1468,4.51925,0.451795
1472,4.52819,0.443698
1476,4.53708,0.43571
1480,4.54596,0.427792
1484,4.5548,0.419943
1488,4.5636,0.412161
1492,4.57238,0.404493
1496,4.58117,0.396853
1500,4.58991,0.389325
1504,4.5986,0.381866
1508,4.6073,0.374479
1512,4.61594,0.367163
1516,4.62459,0.359876
1520,4.63319,0.352703
1524,4.64178,0.345602
1528,4.65038,0.338531
1532,4.65893,0.331576
1536,4.66748,0.32465
1540,4.67603,0.317798
1544,4.68458,0.311021
1548,4.69308,0.304316
1552,4.70159,0.297642
1556,4.71009,0.291086
1560,4.7186,0.284605
1564,4.7271,0.278156
1568,4.73561,0.271825
1572,4.74411,0.265527
1576,4.75261,0.259348
1580,4.76112,0.253245
1584,4.76958,0.247217
1588,4.77809,0.241267
1592,4.7866,0.235394
1596,4.79506,0.22964
1600,4.80357,0.223965
1604,4.81204,0.218367
1608,4.82055,0.212847
1612,4.82902,0.207448
1616,4.83749,0.202172
1620,4.84592,0.196973
1624,4.8544,0.191854
1628,4.86283,0.186858
1632,4.87123,0.18194
1636,4.87966,0.177146
1640,4.88802,0.172432
1644,4.89637,0.167842
1648,4.90473,0.163332
1652,4.91305,0.158947
1656,4.92133,0.154686
1660,4.9296,0.150508
1664,4.9378,0.146409
1668,4.946,0.142437
1672,4.95415,0.138547
1676,4.96227,0.134739
1680,4.97034,0.131057
1684,4.97837,0.127503
1688,4.98632,0.123986
1692,4.99427,0.120598
1696,5.00218,0.117293
1700,5.01001,0.114116
1704,5.01779,0.110979
1708,5.02554,0.107925
1712,5.03319,0.105
1716,5.04081,0.102161
1720,5.04839,0.099361
1724,5.05587,0.0966911
1728,5.06332,0.0940617
1732,5.07069,0.0915176
1736,5.07805,0.0890599
1740,5.08529,0.0866876
1744,5.09248,0.0844017
1748,5.09963,0.0821573
1752,5.1067,0.0799542
1756,5.11372,0.0778833
1760,5.12066,0.0758088
1764,5.12756,0.073867
1768,5.13437,0.0719219
1772,5.14114,0.0700645
1776,5.14782,0.0682494
1780,5.15441,0.0665221
1784,5.16101,0.064838
1788,5.16747,0.0631963
1792,5.17394,0.0615981
1796,5.18027,0.060088
1800,5.18661,0.058576
1804,5.19282,0.0571526
1808,5.19903,0.0557274
1812,5.20515,0.0543912
1816,5.21118,0.053053
1820,5.21717,0.0518043
1824,5.22311,0.0505539
1828,5.22897,0.0493474
1832,5.23479,0.0482308
1836,5.24051,0.0470668
1840,5.24624,0.045993
1844,5.25184,0.0449175
1848,5.25744,0.0439325
1852,5.26295,0.0429002
1856,5.26841,0.0419584
1860,5.27383,0.0410155
1864,5.27917,0.0401171
1868,5.28445,0.0392177
1872,5.2897,0.0383632
1876,5.29486,0.0375535
1880,5.30002,0.036743
1884,5.30508,0.0359774
1888,5.31011,0.0352109
1892,5.31509,0.0344897
1896,5.31998,0.0337675
1900,5.32487,0.0330445
1904,5.32968,0.0323669
1908,5.33448,0.0317347
1912,5.3392,0.0311018
1916,5.34387,0.0304681
1920,5.34849,0.02988
1924,5.35308,0.0292912
1928,5.35761,0.0287018
1932,5.36215,0.0281582
1936,5.3666,0.0276139
1940,5.371,0.0271153
1944,5.37536,0.0266163
1948,5.37968,0.0261167
1952,5.38395,0.0256166
1956,5.38817,0.0251624
1960,5.39235,0.0247077
1964,5.39653,0.0242526
1968,5.40062,0.023797
1972,5.40472,0.0233876
1976,5.40872,0.0229776
1980,5.41272,0.0225673
1984,5.41667,0.0222032
1988,5.42059,0.0218387
1992,5.4245,0.0214274
1996,5.42832,0.0210621
2000,5.43214,0.0207432
2004,5.43592,0.0203774
2008,5.43965,0.0200579
2012,5.44334,0.019738
2016,5.44703,0.019418
2020,5.45067,0.0190976
2024,5.45426,0.0187769
2028,5.45781,0.0185027
2032,5.46137,0.0182283
2036,5.46487,0.0179069
2040,5.46833,0.0176319
2044,5.4718,0.0174036
2048,5.47517,0.0171281
2052,5.47858,0.0168526
2056,5.48191,0.0166236
2060,5.48523,0.0163476
2064,5.48851,0.0161182
2068,5.49179,0.0158887
2072,5.49503,0.0156589
2076,5.49822,0.015429
2080,5.50141,0.0151989
2084,5.50455,0.0150156
2088,5.50765,0.0147851
2092,5.51075,0.0146015
2096,5.51385,0.0143707
2100,5.51685,0.0141868
2104,5.51991,0.0140027
2108,5.52287,0.0138185
2112,5.52583,0.0136341
2116,5.52879,0.0134497
2120,5.53171,0.0132651
2124,5.53458,0.0130803
2128,5.53745,0.0128954
2132,5.54032,0.0127575
2136,5.54315,0.0125724
2140,5.54592,0.0124343
2144,5.5487,0.012249
2148,5.55144,0.0121106
2152,5.55417,0.0119722
2156,5.5569,0.0118337
2160,5.55959,0.0116951
2164,5.56223,0.0115092
2168,5.56488,0.0113704
2172,5.56752,0.0112315
2176,5.57011,0.0111397
2180,5.57271,0.0110007
2184,5.57526,0.0108615
2188,5.57781,0.0107223
2192,5.58031,0.0106302
2196,5.58282,0.0104908
2200,5.58532,0.0103514
2204,5.58778,0.0102591
2208,5.59019,0.0101195
2212,5.59265,0.0100271
2216,5.59507,0.00988733
2220,5.59743,0.00979478
2224,5.5998,0.0097022
2228,5.60216,0.00956224
2232,5.60448,0.00946952
2236,5.6068,0.00937677
2240,5.60913,0.00928397
2244,5.6114,0.0091911
2248,5.61367,0.00909819
2252,5.6159,0.00895781
2256,5.61813,0.00886477
2260,5.62036,0.0087717
2264,5.62254,0.00867856
2268,5.62472,0.00863281
2272,5.6269,0.0085396
2276,5.62904,0.00844631
2280,5.63122,0.00835303
2284,5.63331,0.00825964
2288,5.63545,0.00816625
2292,5.63753,0.00812028
2296,5.63958,0.00802676
2300,5.64167,0.00793323
2304,5.64371,0.00788716
2308,5.64575,0.00779354
2312,5.64775,0.00769986
2316,5.64975,0.00765368
2320,5.65174,0.00755994
2324,5.65374,0.00751372
2328,5.65569,0.00741989
2332,5.65764,0.0073736
2336,5.65954,0.00727968
2340,5.66149,0.00723335
2344,5.6634,0.00713937
2348,5.6653,0.00709297
2352,5.66716,0.00699891
2356,5.66906,0.00695246
2360,5.67092,0.00690597
2364,5.67273,0.0068118
2368,5.67459,0.00676528
2372,5.6764,0.00671871
2376,5.67821,0.00667212
2380,5.68002,0.00657785
2384,5.68179,0.0065312
2388,5.68355,0.00648453
2392,5.68531,0.00643785
2396,5.68708,0.00634346
2400,5.6888,0.00629672
2404,5.69051,0.00624996
2408,5.69223,0.00620318
2412,5.69395,0.0061564
2416,5.69562,0.00610957
2420,5.69734,0.00606275
2424,5.69901,0.0060159
2428,5.70063,0.00592125
2432,5.7023,0.00587436
2436,5.70393,0.00582743
2440,5.70555,0.00578048
2444,5.70718,0.00573353
2448,5.7088,0.00568656
2452,5.71038,0.00563955
2456,5.71196,0.00559253
2460,5.71353,0.0055455
2464,5.71511,0.00549845
2468,5.71669,0.00549921
2472,5.71822,0.00545212
2476,5.71975,0.00540502
2480,5.72128,0.0053579
2484,5.72281,0.00531077
2488,5.72434,0.00526363
2492,5.72583,0.00521646
2496,5.72731,0.00516927
2500,5.72879,0.00512207
2504,5.73028,0.00512273
2508,5.73171,0.00507549
2512,5.7332,0.00502826
2516,5.73463,0.004981
2520,5.73607,0.00493372
2524,5.73751,0.00493434
2528,5.7389,0.00488702
2532,5.74034,0.00483972
2536,5.74173,0.00479238
2540,5.74312,0.00479296
2544,5.74451,0.0047456
2548,5.7459,0.00469824
2552,5.74724,0.00465084
2556,5.74863,0.0046514
2560,5.74997,0.00460399
2564,5.75131,0.00455656
2568,5.75266,0.00450912
2572,5.754,0.00450965
2576,5.7553,0.00446218
2580,5.75664,0.00441471
2584,5.75794,0.00441521
2588,5.75923,0.00436771
2592,5.76053,0.0043202
2596,5.76182,0.00432068
2600,5.76307,0.00427314
2604,5.76437,0.00427362
2608,5.76562,0.00422606
2612,5.76687,0.00417849
2616,5.76811,0.00417894
2620,5.76936,0.00413135
2624,5.77061,0.00408376
2628,5.77181,0.00408418
2632,5.77306,0.00403657
2636,5.77426,0.00403699
2640,5.77547,0.00398935
2644,5.77667,0.00398976
2648,5.77787,0.0039421
2652,5.77902,0.00389442
2656,5.78023,0.00389482
2660,5.78138,0.00384712
2664,5.78258,0.00384752
2668,5.78374,0.00379981
2672,5.78489,0.00380018
2676,5.78604,0.00375246
2680,5.78715,0.00375281
2684,5.78831,0.00370507
2688,5.78941,0.00370542
2692,5.79057,0.00365767
2696,5.79167,0.00365802
2700,5.79278,0.00361023
2704,5.79389,0.00361057
2708,5.795,0.00356277
2712,5.79606,0.0035631
2716,5.79716,0.00351529
2720,5.79822,0.00351561
2724,5.79933,0.00346778
2728,5.80039,0.0034681
2732,5.80145,0.00342024
2736,5.80251,0.00342055
2740,5.80357,0.00342087
2744,5.80458,0.00337298
2748,5.80564,0.00337329
2752,5.8067,0.0033254
2756,5.80771,0.00332569
2760,5.80873,0.00327778
2764,5.80974,0.00327806
2768,5.81075,0.00323014
2772,5.81176,0.00323042
2776,5.81278,0.0032307
2780,5.81379,0.00318276
2784,5.81475,0.00318302
2788,5.81577,0.00313507
2792,5.81673,0.00313533
2796,5.81774,0.0031356
2800,5.81871,0.00308762
2804,5.81967,0.00308787
2808,5.82064,0.00303988
2812,5.8216,0.00304013
2816,5.82252,0.00304037
2820,5.82349,0.00299236
2824,5.82445,0.0029926
2828,5.82537,0.00299284
2832,5.82629,0.0029448
2836,5.82725,0.00294504
2840,5.82817,0.00294528
2844,5.82909,0.00289722
2848,5.83,0.00289745
2852,5.83092,0.00284938
2856,5.83179,0.00284959
2860,5.83271,0.00284982
2864,5.83363,0.00280174
2868,5.83449,0.00280195
2872,5.83541,0.00280217
2876,5.83628,0.00275406
2880,5.83715,0.00275426
2884,5.83802,0.00275447
2888,5.83889,0.00270635
2892,5.83976,0.00270655
2896,5.84063,0.00270675
2900,5.8415,0.00265861
2904,5.84232,0.0026588
2908,5.84319,0.002659
2912,5.84402,0.00265918
2916,5.84489,0.00261103
2920,5.84571,0.00261121
2924,5.84653,0.0026114
2928,5.8474,0.00256323
2932,5.84822,0.00256341
2936,5.84905,0.00256359
2940,5.84987,0.0025154
2944,5.85064,0.00251556
2948,5.85146,0.00251574
2952,5.85229,0.00251592
2956,5.85306,0.0024677
2960,5.85388,0.00246787
2964,5.85466,0.00246803
2968,5.85548,0.00241981
2972,5.85625,0.00241997
2976,5.85703,0.00242013
2980,5.8578,0.00242029
2984,5.85858,0.00237204
2988,5.85935,0.0023722
2992,5.86013,0.00237235
2996,5.8609,0.00237251
3000,5.86163,0.00232424
3004,5.8624,0.00232439
3008,5.86318,0.00232454
3012,5.8639,0.00232469
3016,5.86468,0.00227641
3020,5.86541,0.00227655
3024,5.86613,0.00227669
3028,5.86691,0.00227684
3032,5.86763,0.00222853
3036,5.86836,0.00222867
3040,5.86909,0.00222881
3044,5.86981,0.00222895
3048,5.87054,0.00218063
3052,5.87122,0.00218075
3056,5.87195,0.00218089
3060,5.87267,0.00218102
3064,5.87335,0.00213268
3068,5.87408,0.00213281
3072,5.87476,0.00213294
3076,5.87548,0.00213307
3080,5.87616,0.00208471
3084,5.87684,0.00208483
3088,5.87757,0.00208496
3092,5.87825,0.00208508
3096,5.87893,0.0020852
3100,5.87961,0.00203682
3104,5.88029,0.00203694
3108,5.88096,0.00203706
3112,5.88159,0.00203717
3116,5.88227,0.00203729
3120,5.88295,0.00198889
3124,5.88363,0.00198901
3128,5.88426,0.00198911
3132,5.88494,0.00198923
3136,5.88557,0.00194082
3140,5.8862,0.00194092
3144,5.88688,0.00194103
3148,5.88751,0.00194114
3152,5.88814,0.00194124
3156,5.88878,0.00189281
3160,5.88946,0.00189292
3164,5.89009,0.00189302
3168,5.89072,0.00189312
3172,5.89135,0.00189322
3176,5.89193,0.00189332
3180,5.89256,0.00184487
3184,5.89319,0.00184497
3188,5.89382,0.00184507
3192,5.89441,0.00184516
3196,5.89504,0.00184526
3200,5.89567,0.00179679
3204,5.89625,0.00179688
3208,5.89684,0.00179697
3211.99,5.89747,0.00179707
3216,5.89805,0.00179716
3220,5.89863,0.00174867
3224,5.89926,0.00174876
3228,5.89985,0.00174885
3232,5.90043,0.00174894
3236.01,5.90101,0.00174902
3240,5.9016,0.00174911
3244,5.90218,0.00170061
3248,5.90276,0.00170069
3252,5.90334,0.00170078
3256,5.90393,0.00170086
3260,5.90446,0.00170094
3264,5.90505,0.00170102
3268,5.90563,0.0016525
3272.01,5.90616,0.00165258
3276,5.90675,0.00165266
3280,5.90728,0.00165273
3284,5.90786,0.00165281
3288,5.9084,0.00165289
3292,5.90898,0.00160435
3296,5.90952,0.00160443
3300,5.91005,0.0016045
3304,5.91064,0.00160458
3308.01,5.91117,0.00160465
3312,5.91171,0.00160472
3316,5.91224,0.0016048
3320,5.91278,0.00155624
3324,5.91331,0.00155631
3328,5.91385,0.00155638
3332,5.91438,0.00155645
3336,5.91492,0.00155652
3340,5.91545,0.00155659
3344,5.91594,0.00155665
3348,5.91647,0.00150808
3352,5.91701,0.00150814
3356,5.91749,0.00150821
3360,5.91803,0.00150827
3364,5.91856,0.00150834
3368,5.91905,0.0015084
3372,5.91959,0.00150847
3375.99,5.92007,0.00145987
3380,5.92056,0.00145993
3384,5.92109,0.00146
3388,5.92158,0.00146006
3392,5.92207,0.00146012
3396,5.9226,0.00146018
3400,5.92309,0.00146024
3404,5.92358,0.00141163
3408,5.92406,0.00141169
3412,5.92455,0.00141174
3416,5.92504,0.0014118
3420,5.92552,0.00141186
3424,5.92601,0.00141192
3428,5.9265,0.00141198
3432,5.92698,0.00141203
3436,5.92747,0.0013634
3440,5.92791,0.00136345
3444,5.9284,0.0013635
3448,5.92888,0.00136356
3452,5.92937,0.00136362
3456,5.92981,0.00136367
3460,5.9303,0.00136372
3464,5.93073,0.00136377
3468,5.93122,0.00131512
3472.01,5.93166,0.00131517
3476,5.93215,0.00131522
3480,5.93259,0.00131527
3484,5.93307,0.00131533
3488,5.93351,0.00131538
3492,5.93395,0.00131542
3496,5.93444,0.00131548
3500,5.93488,0.0012668
3504,5.93531,0.00126685
3508,5.93575,0.0012669
3512,5.93619,0.00126694
3516,5.93663,0.00126699
3520,5.93712,0.00126704
3524.01,5.93756,0.00126709
3528,5.93799,0.00126714
3532,5.93838,0.00126718
3536.01,5.93882,0.00121849
3540,5.93926,0.00121853
3544,5.9397,0.00121857
3548,5.94014,0.00121862
3551.99,5.94058,0.00121867
3556,5.94102,0.00121871
3560,5.94141,0.00121875
3564,5.94184,0.0012188
3568,5.94228,0.00121884
3572,5.94267,0.00117012
3576,5.94311,0.00117017
3579.99,5.9435,0.00117021
3584,5.94394,0.00117025
3588,5.94433,0.00117029
3592.01,5.94477,0.00117033
3596,5.94516,0.00117037
3600,5.9456,0.00117041
3604.01,5.94599,0.00117045
3608,5.94638,0.00117049
3612,5.94682,0.00112176
3616,5.94721,0.0011218
3620,5.9476,0.00112183
3624,5.94799,0.00112187
3628,5.94843,0.00112191
3632.01,5.94882,0.00112195
3635.99,5.94921,0.00112199
3640,5.9496,0.00112202
3644,5.94999,0.00112206
3648,5.95038,0.0011221
3651.99,5.95077,0.00107334
3656,5.95116,0.00107338
3660,5.95155,0.00107342
3664,5.95194,0.00107345
3668,5.95233,0.00107349
3672,5.95272,0.00107352
3676,5.95311,0.00107356
3680,5.95345,0.00107359
3684,5.95384,0.00107362
3688,5.95423,0.00107366
3692,5.95462,0.00107369
3696,5.95497,0.00102492
3700,5.95536,0.00102495
3704.01,5.95575,0.00102498
3708,5.95609,0.00102501
3711.99,5.95648,0.00102505
3715.99,5.95682,0.00102508
3720,5.95721,0.00102511
3724.01,5.95755,0.00102514
3728,5.95794,0.00102517
3732,5.95829,0.0010252
3736,5.95868,0.00102524
3740,5.95902,0.00102527
3744,5.95941,0.000976476
3748,5.95975,0.000976504
3751.99,5.96009,0.000976532
3756,5.96048,0.000976564
3760.01,5.96082,0.000976592
3764,5.96117,0.00097662
3768,5.96151,0.000976648
3772,5.96185,0.000976676
3775.99,5.96224,0.000976708
3780,5.96258,0.000976736
3783.99,5.96292,0.000976764
3787.99,5.96327,0.000976792
3792,5.96361,0.000927979
3796,5.96395,0.000928006
3800,5.96429,0.000928032
3804,5.96463,0.000928059
3808,5.96498,0.000928085
3812.01,5.96532,0.000928112
3815.99,5.96566,0.000928139
3820,5.966,0.000928165
3824,5.96634,0.000928192
3828,5.96669,0.000928218
3832,5.96698,0.000928241
3836,5.96732,0.000928268
3840,5.96766,0.000928294
3844,5.968,0.000928321
3848,5.9683,0.000879484
3852.01,5.96864,0.000879509
3856,5.96898,0.000879534
3860.01,5.96932,0.000879559
3864,5.96962,0.000879581
3867.99,5.96996,0.000879606
3872.01,5.97025,0.000879628
3876,5.97059,0.000879653
3880,5.97094,0.000879678
3883.99,5.97123,0.0008797
3887.99,5.97157,0.000879725
3892,5.97187,0.000879746
3895.99,5.97221,0.000879772
3900,5.9725,0.000879793
3903.99,5.97279,0.000830936
3908.01,5.97314,0.00083096
3912,5.97343,0.00083098
3915.99,5.97377,0.000831004
3920,5.97406,0.000831025
3924,5.97436,0.000831045
3928.01,5.97465,0.000831065
3932.01,5.97499,0.000831089
3936,5.97529,0.00083111
3940,5.97558,0.00083113
3944,5.97587,0.00083115
3948,5.97622,0.000831174
3952.01,5.97651,0.000831195
3955.99,5.9768,0.000831215
3960,5.9771,0.000831235
3964.01,5.97739,0.000782358
3968,5.97768,0.000782378
3972.01,5.97798,0.000782397
3976,5.97827,0.000782416
3980,5.97856,0.000782435
3984,5.97886,0.000782454
3988,5.97915,0.000782474
3992,5.97944,0.000782493
3996,5.97974,0.000782512
4000,5.98003,0.000782531
4004,5.98032,0.00078255
4008,5.98062,0.00078257
4012,5.98091,0.000782589
4016,5.9812,0.000782608
4020,5.9815,0.000782627
4024,5.98174,0.000782643
4028,5.98204,0.000782662
4032,5.98233,0.000733764
4036,5.98262,0.000733782
4040,5.98287,0.000733797
4044,5.98316,0.000733815
4047.99,5.98345,0.000733833
4052,5.98375,0.000733851
4056.01,5.98399,0.000733866
4060.01,5.98429,0.000733884
4064,5.98458,0.000733902
4068,5.98482,0.000733917
4071.99,5.98512,0.000733935
4075.99,5.98536,0.00073395
4080,5.98566,0.000733968
4084,5.9859,0.000733983
4088.01,5.98619,0.000734001
4092,5.98644,0.000734016
4095.99,5.98673,0.000734034
4100.01,5.98698,0.000734049
4104,5.98727,0.000734067
4108.01,5.98752,0.000685143
4111.99,5.98781,0.00068516
4116.01,5.98805,0.000685174
4120.01,5.98835,0.000685191
4124,5.98859,0.000685205
4128,5.98884,0.000685219
4131.99,5.98913,0.000685236
4136.01,5.98938,0.00068525
4140,5.98962,0.000685264
4144,5.98986,0.000685278
4148,5.99016,0.000685294
4152,5.9904,0.000685308
4156,5.99065,0.000685322
4159.99,5.99089,0.000685336
4163.99,5.99119,0.000685353
4168,5.99143,0.000685367
4172,5.99168,0.000685381
4175.99,5.99192,0.000685395
4180.01,5.99217,0.000685409
4184,5.99241,0.000685423
4188.01,5.99266,0.000636477
4191.99,5.99295,0.000636493
4196,5.99319,0.000636506
4200,5.99344,0.000636519
4203.99,5.99368,0.000636532
4207.99,5.99393,0.000636545
4212,5.99417,0.000636558
4215.99,5.99442,0.000636571
4220,5.99466,0.000636584
4224.01,5.99491,0.000636597
4228.01,5.99515,0.00063661
4232,5.9954,0.000636623
4236,5.99564,0.000636636
4240,5.99584,0.000636646
4244,5.99608,0.000636659
4248,5.99633,0.000636672
4252.01,5.99657,0.000636685
4256.01,5.99682,0.000636698
4260,5.99706,0.000636711
4263.99,5.99731,0.000636724
4268,5.9975,0.000636735
4272.01,5.99775,0.000636748
4276.01,5.99799,0.000587779
4280,5.99824,0.000587791
4283.99,5.99843,0.000587801
4288,5.99868,0.000587813
4291.99,5.99892,0.000587825
4295.99,5.99917,0.000587837
4300,5.99936,0.000587846
4304,5.99961,0.000587858
4308.01,5.99985,0.00058787
4312,6.00005,0.00058788
4316,6.0003,0.000587892
4320.01,6.00049,0.000587902
4324.01,6.00074,0.000587914
4327.99,6.00098,0.000587926
4332,6.00118,0.000587935
4336.01,6.00142,0.000587947
4340,6.00162,0.000587957
4343.99,6.00186,0.000587969
4348,6.00206,0.000587978
4352.01,6.0023,0.00058799
4356.01,6.0025,0.000588
4360,6.00274,0.000588012
4363.99,6.00294,0.000588022
4367.99,6.00319,0.000588034
4372.01,6.00338,0.000588043
4376,6.00363,0.000539051
4379.99,6.00382,0.000539059
4384,6.00407,0.00053907
4388,6.00426,0.000539079
4391.99,6.00446,0.000539088
4395.99,6.00471,0.000539099
4399.99,6.0049,0.000539108
4404.01,6.0051,0.000539117
4408,6.00534,0.000539128
4411.99,6.00554,0.000539136
4416.01,6.00573,0.000539145
4420.01,6.00598,0.000539156
4424,6.00618,0.000539165
4427.99,6.00637,0.000539174
4432,6.00657,0.000539183
4436.01,6.00681,0.000539194
4440,6.00701,0.000539202
4443.99,6.0072,0.000539211
4448,6.0074,0.00053922
4452,6.0076,0.000539229
4455.99,6.00784,0.00053924
4460,6.00804,0.000539249
4464.01,6.00823,0.000539257
4468,6.00843,0.000539266
4471.99,6.00863,0.000539275
4476,6.00882,0.000539284
4480.01,6.00902,0.000539293
4484,6.00926,0.000539304
4488.01,6.00946,0.000490284
4492,6.00966,0.000490292
4496,6.00985,0.0004903
4500,6.01005,0.000490308
4504,6.01024,0.000490316
4508,6.01044,0.000490324
4512,6.01064,0.000490332
4516,6.01083,0.00049034
4520,6.01103,0.000490348
4524.01,6.01123,0.000490356
4528,6.01142,0.000490364
4532,6.01162,0.000490372
4535.99,6.01181,0.00049038
4540.01,6.01201,0.000490388
4544.01,6.01221,0.000490396
4548,6.01235,0.000490402
4551.99,6.01255,0.00049041
4556,6.01275,0.000490418
4560.01,6.01294,0.000490426
4564,6.01314,0.000490434
4568,6.01333,0.000490442
4571.99,6.01353,0.00049045
4576.01,6.01373,0.000490458
4579.99,6.01387,0.000490464
4584,6.01407,0.000490472
4588,6.01427,0.00049048
4592,6.01446,0.000490488
4595.99,6.01466,0.000490496
4600.01,6.01481,0.000490502
4604.01,6.015,0.00049051
4608,6.0152,0.000490518
4611.99,6.01539,0.000490526
4616,6.01554,0.000441479
4620,6.01574,0.000441486
4624,6.01593,0.000441493
4628,6.01608,0.000441499
4632.01,6.01628,0.000441506
4636,6.01647,0.000441513
4640.01,6.01662,0.000441518
4643.99,6.01682,0.000441526
4648.01,6.01701,0.000441533
4652.01,6.01716,0.000441538
4655.99,6.01736,0.000441545
4660.01,6.01755,0.000441553
4664.01,6.0177,0.000441558
4667.99,6.0179,0.000441565
4672,6.01804,0.000441571
4676,6.01824,0.000441578
4680,6.01844,0.000441585
4683.99,6.01858,0.00044159
4687.99,6.01878,0.000441598
4691.99,6.01893,0.000441603
4696,6.01912,0.00044161
4700,6.01927,0.000441616
4704,6.01947,0.000441623
4708.01,6.01961,0.000441628
4712,6.01981,0.000441635
4716,6.01996,0.000441641
4720.01,6.02015,0.000441648
4724,6.0203,0.000441653
4728,6.0205,0.000441661
4732,6.02064,0.000441666
4735.99,6.02084,0.000441673
4740.01,6.02099,0.000441679
4743.99,6.02113,0.000441684
4748,6.02133,0.000441691
4751.99,6.02148,0.000441697
4755.99,6.02167,0.000441704
4760,6.02182,0.000441709
4763.99,6.02197,0.000441715
4767.99,6.02217,0.000392642
4771.99,6.02231,0.000392646
4776.01,6.02246,0.000392651
4780,6.02266,0.000392658
4784,6.0228,0.000392662
4788.01,6.02295,0.000392667
4792,6.02315,0.000392674
4796,6.02329,0.000392678
4800.01,6.02344,0.000392683
4804,6.02364,0.00039269
4807.99,6.02378,0.000392694
4812,6.02393,0.000392699
4816,6.02408,0.000392704
4820,6.02428,0.00039271
4824,6.02442,0.000392715
4828,6.02457,0.00039272
4831.99,6.02472,0.000392725
4836.01,6.02491,0.000392731
4839.99,6.02506,0.000392736
4844,6.02521,0.000392741
4847.99,6.02536,0.000392746
4851.99,6.0255,0.00039275
4856,6.0257,0.000392757
4860.01,6.02585,0.000392762
4864,6.02599,0.000392766
4868,6.02614,0.000392771
4871.99,6.02629,0.000392776
4876,6.02644,0.000392781
4880,6.02658,0.000392786
4884,6.02678,0.000392792
4887.99,6.02693,0.000392797
4892.01,6.02707,0.000392802
4896.01,6.02722,0.000392806
4899.99,6.02737,0.000392811
4904,6.02752,0.000392816
4908,6.02766,0.000392821
4912,6.02781,0.000392826
4916.01,6.02796,0.00039283
4920,6.02811,0.000392835
4924,6.02825,0.00039284
4928,6.0284,0.000392845
4931.99,6.02855,0.00039285
4936,6.02869,0.000392854
4940,6.02884,0.000392859
4944.01,6.02899,0.000343756
4948,6.02914,0.00034376
4951.99,6.02928,0.000343764
4955.99,6.02943,0.000343769
4960,6.02958,0.000343773
4964.01,6.02973,0.000343777
4968.01,6.02987,0.000343781
4972.01,6.03002,0.000343785
4975.99,6.03017,0.00034379
4980.01,6.03032,0.000343794
4984,6.03046,0.000343798
4988,6.03061,0.000343802
4991.99,6.03076,0.000343806
4996,6.0309,0.000343811
5000,6.03105,0.000343815
5004,6.03115,0.000343818
5007.99,6.0313,0.000343822
5012,6.03144,0.000343826
5016,6.03159,0.00034383
5020,6.03174,0.000343834
5023.99,6.03189,0.000343839
5028.01,6.03203,0.000343843
5032,6.03213,0.000343846
5036.01,6.03228,0.00034385
5039.99,6.03243,0.000343854
5044.01,6.03257,0.000343858
5048.01,6.03272,0.000343862
5052.01,6.03282,0.000343865
5056,6.03297,0.000343869
5060.01,6.03311,0.000343874
5064.01,6.03326,0.000343878
5068.01,6.03341,0.000343882
5072,6.03351,0.000343885
5075.99,6.03366,0.000343889
5080.01,6.0338,0.000343893
5083.99,6.03395,0.000343897
5088,6.03405,0.0003439
5092.01,6.0342,0.000343904
5096.01,6.03434,0.000343909
5100.01,6.03444,0.000343911
5103.99,6.03459,0.000343916
5108.01,6.03474,0.00034392
5112,6.03488,0.000343924
5116.01,6.03498,0.000343927
5119.99,6.03513,0.000343931
5124,6.03528,0.000343935
5127.99,6.03537,0.000343938
5131.99,6.03552,0.000343942
5136,6.03567,0.000343946
5139.99,6.03577,0.000343949
5144.01,6.03592,0.000343953
5148.01,6.03606,0.000343958
5152.01,6.03616,0.00034396
5155.99,6.03631,0.000294827
5160.01,6.03641,0.000294829
5164.01,6.03655,0.000294833
5168.01,6.0367,0.000294836
5171.99,6.0368,0.000294839
5176.01,6.03695,0.000294842
5180.01,6.03705,0.000294845
5184.01,6.03719,0.000294848
5187.99,6.03734,0.000294852
5192,6.03744,0.000294854
5195.99,6.03759,0.000294858
5199.99,6.03768,0.00029486
5204,6.03783,0.000294864
5208.01,6.03793,0.000294866
5212,6.03808,0.00029487
5215.99,6.03818,0.000294872
5220,6.03832,0.000294876
5224.01,6.03842,0.000294878
5227.99,6.03857,0.000294882
5232.01,6.03872,0.000294886
5236.01,6.03881,0.000294888
5239.99,6.03891,0.00029489
5244,6.03906,0.000294894
5247.99,6.03916,0.000294896
5251.99,6.03931,0.0002949
5255.99,6.0394,0.000294902
5260,6.03955,0.000294906
5263.99,6.03965,0.000294908
5268.01,6.0398,0.000294912
5272.01,6.0399,0.000294914
5275.99,6.04004,0.000294918
5280,6.04014,0.00029492
5283.99,6.04029,0.000294924
5288.01,6.04039,0.000294926
5292.01,6.04049,0.000294929
5295.99,6.04063,0.000294932
5300.01,6.04073,0.000294935
5304,6.04088,0.000294938
5308,6.04098,0.000294941
5312,6.04108,0.000294943
5316.01,6.04122,0.000294947
5320,6.04132,0.000294949
5323.99,6.04147,0.000294953
5327.99,6.04157,0.000294955
5332,6.04167,0.000294958
5336.01,6.04181,0.000294961
5340,6.04191,0.000294964
5343.99,6.04201,0.000294966
5347.99,6.04216,0.00029497
5352,6.04226,0.000294972
5356.01,6.04235,0.000294974
5360,6.0425,0.000294978
5364,6.0426,0.00029498
5368,6.0427,0.000294983
5372.01,6.04285,0.000294986
5376,6.04294,0.000294989
5379.99,6.04304,0.000294991
5383.99,6.04314,0.000294994
5387.99,6.04329,0.000294997
5392,6.04339,0.000295
5396.01,6.04348,0.000295002
5400.01,6.04363,0.000295006
5404,6.04373,0.000295008
5408.01,6.04383,0.00029501
5411.99,6.04393,0.000295013
5416,6.04407,0.000245847
5420,6.04417,0.000245849
5423.99,6.04427,0.000245851
5428,6.04437,0.000245853
5432.01,6.04452,0.000245856
5435.99,6.04462,0.000245858
5439.99,6.04471,0.00024586
5444.01,6.04481,0.000245862
5447.99,6.04491,0.000245864
5452,6.04506,0.000245867
5456.01,6.04516,0.000245869
5460.01,6.04525,0.000245871
5464,6.04535,0.000245873
5468.01,6.04545,0.000245875
5471.99,6.04555,0.000245877
5476,6.0457,0.00024588
5479.99,6.0458,0.000245882
5483.99,6.04589,0.000245884
5487.99,6.04599,0.000245886
5492,6.04609,0.000245888
5495.99,6.04619,0.00024589
5500.01,6.04634,0.000245893
5504,6.04644,0.000245895
5508,6.04653,0.000245897
5512.01,6.04663,0.000245899
5515.99,6.04673,0.000245901
5520.01,6.04683,0.000245903
5524.01,6.04693,0.000245905
5528.01,6.04703,0.000245907
5532.01,6.04717,0.00024591
5536,6.04727,0.000245912
5540.01,6.04737,0.000245914
5544.01,6.04747,0.000245916
5548,6.04757,0.000245918
5552.01,6.04766,0.00024592
5555.99,6.04776,0.000245922
5560,6.04786,0.000245924
5563.99,6.04796,0.000245926
5567.99,6.04806,0.000245928
5571.99,6.04816,0.00024593
5576,6.04825,0.000245932
5580.01,6.04835,0.000245934
5584,6.04845,0.000245936
5588,6.04855,0.000245938
5592,6.0487,0.000245941
5596,6.0488,0.000245943
5600.01,6.04889,0.000245945
5604,6.04899,0.000245947
5607.99,6.04909,0.000245949
5611.99,6.04919,0.000245951
5615.99,6.04929,0.000245953
5620,6.04939,0.000245955
5624.01,6.04948,0.000245957
5628,6.04958,0.000245959
5631.99,6.04968,0.000245961
5635.99,6.04978,0.000245963
5640,6.04988,0.000245965
5644.01,6.04998,0.000245967
5647.99,6.05007,0.000245969
5651.98,6.05012,0.00024597
5656.01,6.05022,0.000245972
5660.01,6.05032,0.000245974
5663.99,6.05042,0.000245976
5668,6.05052,0.000245978
5671.99,6.05062,0.00024598
5676.01,6.05071,0.000245982
5680.01,6.05081,0.000245984
5684.01,6.05091,0.000245986
5687.99,6.05101,0.000245988
5692.01,6.05111,0.00024599
5695.99,6.05121,0.000245992
5699.99,6.0513,0.000245994
5703.99,6.0514,0.000245996
5707.99,6.0515,0.000245998
5712,6.05155,0.000245999
5715.98,6.05165,0.000246001
5720.01,6.05175,0.000246003
5724,6.05185,0.000246005
5728,6.05194,0.000246007
5732.01,6.05204,0.000246009
5735.98,6.05214,0.000246011
5740,6.05224,0.000246013
5743.99,6.05234,0.000246015
5747.99,6.05239,0.000246016
5751.99,6.05249,0.000246018
5755.99,6.05258,0.000196816
5760,6.05268,0.000196818
5763.99,6.05278,0.000196819
5768.01,6.05288,0.000196821
5772.01,6.05293,0.000196822
5776.01,6.05303,0.000196823
5780.01,6.05313,0.000196825
5783.99,6.05322,0.000196826
5788.01,6.05332,0.000196828
5792,6.05342,0.00019683
5795.99,6.05347,0.00019683
5799.99,6.05357,0.000196832
5804,6.05367,0.000196834
5808.01,6.05376,0.000196835
5811.99,6.05386,0.000196837
5816.02,6.05391,0.000196838
5820.01,6.05401,0.000196839
5824.01,6.05411,0.000196841
5828.02,6.05421,0.000196842
5831.99,6.05431,0.000196844
5836.01,6.05436,0.000196845
5840,6.05445,0.000196846
5843.99,6.05455,0.000196848
5847.99,6.05465,0.00019685
5851.99,6.0547,0.00019685
5856,6.0548,0.000196852
5860.02,6.0549,0.000196854
5864,6.055,0.000196855
5867.99,6.05509,0.000196857
5871.99,6.05514,0.000196858
5875.99,6.05524,0.000196859
5880,6.05534,0.000196861
5884.01,6.05539,0.000196862
5888,6.05549,0.000196863
5891.99,6.05559,0.000196865
5895.98,6.05568,0.000196866
5899.98,6.05573,0.000196867
5903.99,6.05583,0.000196869
5908,6.05593,0.00019687
5912.02,6.05603,0.000196872
5916,6.05608,0.000196873
5920,6.05618,0.000196874
5924,6.05627,0.000196876
5928,6.05632,0.000196877
5932.01,6.05642,0.000196878
5935.99,6.05652,0.00019688
5940.01,6.05657,0.000196881
5944,6.05667,0.000196882
5947.99,6.05677,0.000196884
5951.99,6.05682,0.000196885
5956,6.05691,0.000196886
5960.01,6.05701,0.000196888
5963.99,6.05706,0.000196889
5968.01,6.05716,0.00019689
5972,6.05726,0.000196892
5976,6.05731,0.000196893
5980,6.05741,0.000196894
5984.01,6.05751,0.000196896
5987.99,6.05755,0.000196897
5992.01,6.05765,0.000196898
5995.99,6.05775,0.0001969
5999.99,6.0578,0.000196901
6003.99,6.0579,0.000196902
6007.99,6.05795,0.000196903
6012,6.05805,0.000196905
6016.01,6.05815,0.000196906
6020,6.05819,0.000196907
6023.99,6.05829,0.000196909
6027.98,6.05839,0.00019691
6032.02,6.05844,0.000196911
6035.99,6.05854,0.000196913
6040,6.05859,0.000196914
6044.01,6.05869,0.000196915
6048,6.05879,0.000196917
6051.99,6.05883,0.000196918
6056.02,6.05893,0.000196919
6059.98,6.05898,0.00019692
6063.99,6.05908,0.000196922
6068,6.05913,0.000196922
6072.01,6.05923,0.000196924
6076,6.05933,0.000196926
6079.99,6.05938,0.000196926
6083.98,6.05947,0.000196928
6087.98,6.05952,0.000196929
6091.99,6.05962,0.00019693
6096,6.05967,0.000196931
6100.02,6.05977,0.000196933
6104,6.05982,0.000196934
6107.99,6.05992,0.000196935
6111.98,6.06002,0.000196937
6115.98,6.06007,0.000196938
6119.99,6.06016,0.000196939
6124,6.06021,0.00019694
6128.01,6.06031,0.000196942
6132,6.06036,0.000196942
6135.99,6.06046,0.000196944
6140.02,6.06051,0.000196945
6144.02,6.06061,0.000196946
6147.98,6.06066,0.000196947
6151.99,6.06075,0.000196949
6156.01,6.0608,0.00019695
6159.99,6.0609,0.000196951
6164.01,6.06095,0.000196952
6168,6.06105,0.000196954
6172,6.0611,0.000196954
6176,6.0612,0.000196956
6180.01,6.06125,0.000196957
6183.99,6.06135,0.000196958
6188,6.06139,0.000196959
6191.99,6.06149,0.000196961
6196.02,6.06154,0.000196962
6200.01,6.06164,0.000196963
6204.01,6.06169,0.000196964
6208.02,6.06179,0.000196966
6211.99,6.06184,0.000196966
6216.01,6.06194,0.000196968
6219.99,6.06199,0.000147727
6224.01,6.06203,0.000147727
6228.01,6.06213,0.000147728
6232.01,6.06218,0.000147729
6236.01,6.06228,0.00014773
6240.02,6.06233,0.000147731
6243.99,6.06243,0.000147732
6248.01,6.06248,0.000147733
6251.99,6.06258,0.000147734
6255.98,6.06263,0.000147734
6260.02,6.06268,0.000147735
6264.02,6.06277,0.000147736
6267.98,6.06282,0.000147737
6271.99,6.06292,0.000147738
6276.01,6.06297,0.000147739
6279.99,6.06302,0.000147739
6284.01,6.06312,0.00014774
6288,6.06317,0.000147741
6292,6.06327,0.000147742
6296,6.06332,0.000147743
6300.01,6.06341,0.000147744
6304.02,6.06346,0.000147745
6307.99,6.06351,0.000147745
6312.02,6.06361,0.000147746
6316,6.06366,0.000147747
6319.99,6.06371,0.000147748
6323.99,6.06381,0.000147749
6327.99,6.06386,0.000147749
6332,6.06396,0.000147751
6336.01,6.064,0.000147751
6339.99,6.06405,0.000147752
6344.01,6.06415,0.000147753
6348,6.0642,0.000147754
6351.99,6.0643,0.000147755
6355.99,6.06435,0.000147755
6359.99,6.0644,0.000147756
6364,6.0645,0.000147757
6368.01,6.06455,0.000147758
6371.98,6.0646,0.000147758
6376.01,6.06469,0.00014776
6379.99,6.06474,0.00014776
6383.98,6.06479,0.000147761
6387.98,6.06489,0.000147762
6391.98,6.06494,0.000147763
6395.99,6.06499,0.000147763
6400,6.06509,0.000147764
6404.02,6.06514,0.000147765
6408,6.06519,0.000147766
6411.98,6.06529,0.000147767
6416.01,6.06533,0.000147767
6420.01,6.06538,0.000147768
6424.01,6.06548,0.000147769
6428.02,6.06553,0.00014777
6431.98,6.06558,0.00014777
6436,6.06568,0.000147772
6439.98,6.06573,0.000147772
6444,6.06578,0.000147773
6447.99,6.06588,0.000147774
6451.99,6.06593,0.000147775
6455.99,6.06597,0.000147775
6459.99,6.06602,0.000147776
6464,6.06612,0.000147777
6468.01,6.06617,0.000147778
6471.99,6.06622,0.000147778
6476.01,6.06632,0.000147779
6480,6.06637,0.00014778
6483.99,6.06642,0.000147781
6487.99,6.06647,0.000147781
6491.99,6.06657,0.000147782
6496,6.06662,0.000147783
6500.01,6.06666,0.000147784
