# Duplicate 1508 cm-1 row removed; retained last source row to preserve interpolation at the knot.
# source: refractiveindex.info database (CC0), main/Si/nk/Chandler-Horowitz.yml
# freq_cm1,eps_real,eps_imag
430,11.675,0.000785881
431.604,11.675,0.000725538
432,11.675,0.00071071
433.214,11.675,0.000660427
434,11.6751,0.000628022
434.83,11.6751,0.000630297
436,11.6751,0.00063349
436.452,11.6751,0.0006369
438,11.6751,0.000648524
438.08,11.6751,0.000645418
439.714,11.6751,0.000582293
440,11.6751,0.000571303
441.354,11.6751,0.000555081
442,11.6751,0.000547385
443.001,11.6751,0.000554926
444,11.6751,0.00056242
444.653,11.6751,0.000561301
446,11.6752,0.000559004
446.312,11.6752,0.000553974
447.977,11.6752,0.000527255
448,11.6752,0.000526885
449.648,11.6752,0.000521814
450,11.6752,0.000520735
451.325,11.6752,0.000520736
452,11.6752,0.000520736
453.009,11.6752,0.000514518
454,11.6752,0.000508435
454.699,11.6752,0.00050652
456,11.6752,0.000502969
456.395,11.6753,0.000504729
458,11.6753,0.000511853
458.097,11.6753,0.000514756
459.806,11.6753,0.000565566
460,11.6753,0.000571308
461.521,11.6753,0.000638953
462,11.6753,0.000660148
463.243,11.6753,0.000721402
464,11.6753,0.000758556
464.971,11.6753,0.000848324
466,11.6753,0.00094307
466.705,11.6753,0.00100832
468,11.6754,0.00112758
468.446,11.6754,0.001149
470,11.6754,0.00122326
470.194,11.6754,0.00123256
471.948,11.6754,0.00131644
472,11.6754,0.00131893
473.708,11.6754,0.00136566
474,11.6754,0.00137361
475.475,11.6754,0.00140893
476,11.6754,0.00142144
477.249,11.6754,0.00144281
478,11.6755,0.00145561
479.029,11.6755,0.00146971
480,11.6755,0.00148295
480.816,11.6755,0.00150811
482,11.6755,0.00154446
482.61,11.6755,0.00155072
484,11.6755,0.00156496
484.41,11.6755,0.00156356
486,11.6755,0.00155813
486.217,11.6755,0.00155813
488,11.6756,0.00155813
488.03,11.6756,0.00155771
489.851,11.6756,0.00153282
490,11.6756,0.0015308
491.678,11.6756,0.00149063
492,11.6756,0.00148296
493.512,11.6756,0.00144675
494,11.6756,0.00143512
495.353,11.6756,0.0014166
496,11.6756,0.00140779
497.201,11.6756,0.00141601
498,11.6757,0.00142146
499.056,11.6757,0.0014323
500,11.6757,0.00144196
500.917,11.6757,0.00145138
502,11.6757,0.00146246
502.786,11.6757,0.00148131
504,11.6757,0.0015103
504.661,11.6757,0.00152616
506,11.6757,0.00155814
506.544,11.6757,0.00156932
508,11.6758,0.00159915
508.433,11.6758,0.00160657
510,11.6758,0.00163332
510.33,11.6758,0.00164011
512,11.6758,0.00167432
512.234,11.6758,0.00168234
514,11.6758,0.00174266
514.144,11.6758,0.00174811
516,11.6758,0.00181784
516.062,11.6758,0.00181934
517.987,11.6759,0.00186538
518,11.6759,0.00186568
519.92,11.6759,0.00190504
520,11.6759,0.00190668
521.859,11.6759,0.00195116
522,11.6759,0.00195452
523.806,11.6759,0.00198539
524,11.6759,0.0019887
525.76,11.6759,0.00200073
526,11.6759,0.00200237
527.721,11.676,0.0020259
528,11.676,0.0020297
529.689,11.676,0.00204703
530,11.676,0.00205021
531.665,11.676,0.00206729
532,11.676,0.00207071
533.648,11.676,0.00208762
534,11.676,0.00209122
535.639,11.676,0.00210243
536,11.676,0.00210489
537.637,11.6761,0.00211608
538,11.6761,0.00211856
539.643,11.6761,0.00214664
540,11.6761,0.00215273
541.656,11.6761,0.00220368
542,11.6761,0.00221424
543.676,11.6761,0.00224289
544,11.6761,0.00224841
545.704,11.6762,0.00227172
546,11.6762,0.00227575
547.74,11.6762,0.00232333
548,11.6762,0.00233042
549.783,11.6762,0.0023609
550,11.6762,0.0023646
551.834,11.6762,0.00240221
552,11.6762,0.0024056
553.892,11.6762,0.00243794
554,11.6762,0.00243977
555.959,11.6763,0.00247994
556,11.6763,0.00248078
558,11.6763,0.00253546
558.032,11.6763,0.00253635
560,11.6763,0.00259013
560.114,11.6763,0.00259365
562,11.6763,0.00265164
562.203,11.6763,0.00265862
564,11.6764,0.00271999
564.301,11.6764,0.00272823
566,11.6764,0.00277466
566.406,11.6764,0.00277188
568,11.6764,0.002761
568.518,11.6764,0.0027237
570,11.6764,0.00261748
570.639,11.6764,0.00255838
572,11.6764,0.00243296
572.768,11.6765,0.00238827
574,11.6765,0.00231678
574.904,11.6765,0.00229511
576,11.6765,0.00226895
577.049,11.6765,0.00225818
578,11.6765,0.00224845
579.201,11.6765,0.00224845
580,11.6765,0.00224845
581.362,11.6766,0.00226243
582,11.6766,0.00226895
583.531,11.6766,0.0023056
584,11.6766,0.0023168
585.707,11.6766,0.00238684
586,11.6766,0.00239881
587.892,11.6766,0.00253461
588,11.6766,0.00254233
590,11.6767,0.00272686
590.085,11.6767,0.00273707
592,11.6767,0.00296606
592.286,11.6767,0.00301315
594,11.6767,0.0032941
594.496,11.6767,0.00339259
596,11.6767,0.00369049
596.713,11.6767,0.00392743
598,11.6768,0.00435342
598.939,11.6768,0.00471028
600,11.6768,0.00511203
601.173,11.6768,0.00555369
602,11.6768,0.0058638
603.416,11.6768,0.00651277
604,11.6768,0.0067796
605.667,11.6768,0.00568543
606,11.6768,0.00546742
607.926,11.6765,0.125269
608,11.6765,0.129851
610,11.6763,0.164023
610.194,11.6763,0.164023
612,11.6763,0.164023
612.47,11.6764,0.154363
614,11.6766,0.123018
614.755,11.6767,0.11785
616,11.6767,0.109349
617.048,11.6767,0.109349
618,11.6767,0.109349
619.35,11.6767,0.113966
620,11.6767,0.116184
621.66,11.6769,0.0878072
622,11.6769,0.0820121
623.979,11.6771,0.00738286
624,11.6771,0.00658831
626,11.6771,0.00500958
626.306,11.6771,0.00471661
628,11.6771,0.0031028
628.643,11.6771,0.00265377
630,11.6771,0.00170859
630.988,11.6772,0.00139419
632,11.6772,0.001073
633.341,11.6772,0.000990398
634,11.6772,0.000949979
635.704,11.6772,0.000903375
636,11.6772,0.000895305
638,11.6772,0.000895306
638.075,11.6772,0.000895564
640,11.6773,0.000902142
640.456,11.6773,0.000902142
642,11.6773,0.000902143
642.845,11.6773,0.00089636
644,11.6773,0.000888475
645.243,11.6773,0.000884224
646,11.6774,0.000881641
647.649,11.6774,0.000876002
648,11.6774,0.000874808
650,11.6774,0.000874809
650.065,11.6774,0.000874809
652,11.6774,0.00087481
652.49,11.6774,0.000873131
654,11.6775,0.000867976
654.924,11.6775,0.000867977
656,11.6775,0.000867977
657.367,11.6775,0.000863301
658,11.6775,0.000861144
659.819,11.6775,0.000848706
660,11.6775,0.000847476
662,11.6776,0.000833808
662.281,11.6776,0.000831884
664,11.6776,0.00082014
664.751,11.6776,0.000817568
666,11.6776,0.000813306
667.231,11.6776,0.000804885
668,11.6776,0.000799638
669.72,11.6777,0.00078788
670,11.6777,0.00078597
672,11.6777,0.000772302
672.218,11.6777,0.000771555
674,11.6777,0.000765468
674.726,11.6777,0.000762984
676,11.6778,0.000758634
677.242,11.6778,0.000758635
678,11.6778,0.000758635
679.769,11.6778,0.000758636
680,11.6778,0.000758636
682,11.6778,0.000758637
682.304,11.6778,0.000760723
684,11.6779,0.000772307
684.85,11.6779,0.000778124
686,11.6779,0.000785977
687.404,11.6779,0.000790781
688,11.6779,0.000792813
689.969,11.6779,0.000786086
690,11.6779,0.000785979
692,11.678,0.000779145
692.542,11.678,0.000771718
694,11.678,0.000751808
695.126,11.678,0.0007287
696,11.678,0.000710801
697.719,11.6781,0.000667324
698,11.6781,0.000660226
700,11.6781,0.000633571
700.321,11.6781,0.0006317
702,11.6781,0.000621953
702.934,11.6781,0.000627386
704,11.6781,0.000633573
705.556,11.6782,0.000661237
706,11.6782,0.000669114
708,11.6782,0.000710806
708.188,11.6782,0.000719165
710,11.6782,0.000799658
710.829,11.6782,0.000847921
712,11.6783,0.000915849
713.481,11.6783,0.00104753
714,11.6783,0.00109355
716,11.6783,0.00130543
716.142,11.6783,0.00131324
718,11.6783,0.00141479
718.814,11.6784,0.00146493
720,11.6784,0.00153781
721.495,11.6784,0.00159917
722,11.6784,0.00161983
724,11.6784,0.00172236
724.187,11.6784,0.00172875
726,11.6785,0.0017907
726.888,11.6785,0.00183325
728,11.6785,0.00188639
729.599,11.6785,0.00196296
730,11.6785,0.00198208
732,11.6785,0.00205727
732.321,11.6785,0.00206936
734,11.6786,0.00213245
735.053,11.6786,0.00217928
736,11.6786,0.00222131
737.795,11.6786,0.00227652
738,11.6786,0.00228282
740,11.6787,0.00227599
740.547,11.6787,0.00224978
742,11.6787,0.00218031
743.309,11.6787,0.0020997
744,11.6787,0.00205728
746,11.6788,0.0019616
746.082,11.6788,0.00195767
748,11.6788,0.00186591
748.865,11.6788,0.00184519
750,11.6788,0.00181807
751.659,11.6788,0.00177271
752,11.6788,0.00176339
754,11.6789,0.00172922
754.462,11.6789,0.00172131
756,11.6789,0.00169505
757.277,11.6789,0.00168195
758,11.6789,0.00167455
760,11.679,0.00164721
760.102,11.679,0.00164582
762,11.679,0.00161987
762.937,11.679,0.00161025
764,11.679,0.00159937
765.783,11.6791,0.00158109
766,11.6791,0.00157887
768,11.6791,0.00155837
768.639,11.6791,0.0015518
770,11.6791,0.00153786
771.507,11.6791,0.00152241
772,11.6791,0.00151736
774,11.6792,0.00151053
774.385,11.6792,0.00150789
776,11.6792,0.00149686
777.273,11.6792,0.0014925
778,11.6792,0.00149003
780,11.6793,0.00147636
780.173,11.6793,0.00147517
782,11.6793,0.00146269
783.083,11.6793,0.00145528
784,11.6793,0.00144902
786,11.6794,0.00144219
786.004,11.6794,0.00144217
788,11.6794,0.00143536
788.936,11.6794,0.00142895
790,11.6794,0.00142169
791.879,11.6795,0.00140884
792,11.6795,0.00140802
794,11.6795,0.00137385
794.833,11.6795,0.00134534
796,11.6795,0.0013055
797.798,11.6796,0.00123175
798,11.6796,0.00122348
800,11.6796,0.00114829
800.774,11.6796,0.00114565
802,11.6796,0.00114146
803.761,11.6796,0.00119564
804,11.6797,0.00120298
806,11.6797,0.0012645
806.759,11.6797,0.00128268
808,11.6797,0.00131234
809.768,11.6797,0.00134862
810,11.6798,0.00135336
812,11.6798,0.00138753
812.789,11.6798,0.00140104
814,11.6798,0.00142171
815.821,11.6798,0.00144661
816,11.6798,0.00144905
818,11.6799,0.00146273
818.864,11.6799,0.00145681
820,11.6799,0.00144906
821.919,11.6799,0.00140971
822,11.6799,0.00140805
824,11.68,0.0013602
824.985,11.68,0.00133325
826,11.68,0.00130552
828,11.68,0.0012235
828.062,11.68,0.00122116
830,11.6801,0.00114832
831.151,11.6801,0.00110894
832,11.6801,0.00107997
834,11.6801,0.00101162
834.251,11.6802,0.00100731
836,11.6802,0.000977442
837.363,11.6802,0.000968116
838,11.6802,0.000963772
840,11.6802,0.000970609
840.487,11.6803,0.000975612
842,11.6803,0.000991116
843.622,11.6803,0.00100776
844,11.6803,0.00101162
846,11.6803,0.0010458
846.769,11.6804,0.00105633
848,11.6804,0.00107314
849.928,11.6804,0.00108632
850,11.6804,0.00108682
852,11.6805,0.00110732
853.098,11.6805,0.00112236
854,11.6805,0.00113467
856,11.6805,0.00117568
856.281,11.6805,0.00117952
858,11.6806,0.00120302
859.475,11.6806,0.00124337
860,11.6806,0.00125771
862,11.6806,0.00130556
862.681,11.6806,0.00132187
864,11.6807,0.00135341
865.899,11.6807,0.00137288
866,11.6807,0.00137392
868,11.6807,0.00138759
869.129,11.6807,0.00139918
870,11.6808,0.0014081
872,11.6808,0.00142177
872.371,11.6808,0.00142304
874,11.6808,0.00142861
875.625,11.6809,0.00143417
876,11.6809,0.00143545
878,11.6809,0.00144228
878.891,11.6809,0.00144533
880,11.6809,0.00144912
882,11.681,0.00144912
882.17,11.681,0.00144912
884,11.681,0.00144913
885.461,11.681,0.00145412
886,11.681,0.00145596
888,11.6811,0.00144913
888.764,11.6811,0.00144652
890,11.6811,0.0014423
892,11.6812,0.00143546
892.079,11.6812,0.00143492
894,11.6812,0.00142179
895.407,11.6812,0.00141699
896,11.6812,0.00141496
898,11.6813,0.00140813
898.747,11.6813,0.00140302
900,11.6813,0.00139446
902,11.6813,0.00137395
902.099,11.6813,0.00137327
904,11.6814,0.00136029
905.464,11.6814,0.00134026
906,11.6814,0.00133294
908,11.6814,0.00131244
908.842,11.6815,0.00130092
910,11.6815,0.0012851
912,11.6815,0.00123042
912.232,11.6815,0.00122485
914,11.6816,0.00118257
915.635,11.6816,0.00114903
916,11.6816,0.00114156
918,11.6816,0.00110738
919.05,11.6816,0.00108941
920,11.6817,0.0010732
922,11.6817,0.00103903
922.479,11.6817,0.00103411
924,11.6817,0.00101852
925.92,11.6818,0.000985711
926,11.6818,0.000984344
928,11.6818,0.000963838
929.374,11.6818,0.000945045
930,11.6818,0.000936497
932,11.6819,0.000922827
932.841,11.6819,0.000914198
934,11.6819,0.000902321
936,11.682,0.000881815
936.32,11.682,0.000879622
938,11.682,0.000868145
939.813,11.682,0.000849553
940,11.682,0.000847639
942,11.6821,0.000840805
943.319,11.6821,0.000836295
944,11.6821,0.00083397
946,11.6821,0.000833972
946.838,11.6822,0.000836838
948,11.6822,0.000840809
950,11.6822,0.000847646
950.37,11.6822,0.000848911
952,11.6823,0.000854483
953.915,11.6823,0.000861029
954,11.6823,0.00086132
956,11.6823,0.000868158
957.473,11.6824,0.000868159
958,11.6824,0.000868159
960,11.6824,0.000868161
961.045,11.6824,0.000864587
962,11.6825,0.000861326
964,11.6825,0.000861328
964.63,11.6825,0.000859173
966,11.6825,0.000854493
968,11.6826,0.000840823
968.228,11.6826,0.000839262
970,11.6826,0.000827152
971.84,11.6826,0.000814576
972,11.6827,0.000813481
974,11.6827,0.000799811
975.465,11.6827,0.000789793
976,11.6827,0.00078614
978,11.6828,0.000758797
979.104,11.6828,0.000747472
980,11.6828,0.000738291
982,11.6828,0.000710948
982.756,11.6829,0.000705775
984,11.6829,0.000697277
986,11.6829,0.00066925
986.422,11.6829,0.000662465
988,11.683,0.000637122
990,11.683,0.000615931
990.101,11.683,0.000614578
992,11.683,0.000589271
993.795,11.6831,0.000567798
994,11.6831,0.000565346
996,11.6831,0.00054142
997.502,11.6832,0.000530636
998,11.6832,0.000527066
1000,11.6832,0.000505874
1001.22,11.6832,0.000495
1002,11.6832,0.000488101
1004,11.6833,0.000467594
1004.96,11.6833,0.000461697
1006,11.6833,0.000455289
1008,11.6834,0.000443669
1008.71,11.6834,0.000437384
1010,11.6834,0.000425895
1012,11.6834,0.000413591
1012.47,11.6835,0.000410862
1014,11.6835,0.00040197
1016,11.6835,0.000389665
1016.25,11.6835,0.000388572
1018,11.6836,0.000380779
1020,11.6836,0.000369158
1020.04,11.6836,0.000368995
1022,11.6837,0.000360272
1023.84,11.6837,0.000349569
1024,11.6837,0.00034865
1026,11.6837,0.000339764
1027.66,11.6838,0.000334654
1028,11.6838,0.000333612
1030,11.6838,0.00032746
1031.49,11.6838,0.000325416
1032,11.6839,0.000324726
1034,11.6839,0.000318574
1035.34,11.6839,0.000314443
1036,11.6839,0.000312421
1038,11.684,0.000309687
1039.2,11.684,0.000309688
1040,11.684,0.000309688
1042,11.6841,0.000306954
1043.08,11.6841,0.000308433
1044,11.6841,0.000309689
1046,11.6842,0.00030969
1046.97,11.6842,0.00031102
1048,11.6842,0.000312425
1050,11.6842,0.000315844
1050.88,11.6843,0.000317044
1052,11.6843,0.000318579
1054,11.6843,0.000324732
1054.8,11.6843,0.000326914
1056,11.6844,0.000330202
1058,11.6844,0.000336355
1058.73,11.6844,0.000337608
1060,11.6844,0.000339774
1062,11.6845,0.000345244
1062.68,11.6845,0.00034641
1064,11.6845,0.000348663
1066,11.6846,0.000357551
1066.65,11.6846,0.000359318
1068,11.6846,0.000363021
1070,11.6847,0.000369175
1070.62,11.6847,0.000371097
1072,11.6847,0.000375328
1074,11.6847,0.000380798
1074.62,11.6848,0.000384604
1076,11.6848,0.000393105
1078,11.6848,0.000399258
1078.63,11.6848,0.000400973
1080,11.6849,0.000404728
1082,11.6849,0.000413617
1082.65,11.6849,0.000416508
1084,11.685,0.000422505
1086,11.685,0.000431394
1086.69,11.685,0.000433514
1088,11.6851,0.000437548
1090,11.6851,0.000449171
1090.74,11.6851,0.000451456
1092,11.6851,0.000455325
1094,11.6852,0.000464213
1094.81,11.6852,0.00046671
1096,11.6852,0.000470367
1098,11.6853,0.000479256
1098.89,11.6853,0.000483236
1100,11.6853,0.000488145
1102,11.6854,0.000494299
1102.99,11.6854,0.000497019
1104,11.6854,0.000499769
1106,11.6854,0.000505923
1107.11,11.6855,0.000509336
1108,11.6855,0.000512077
1110,11.6855,0.000514813
1111.24,11.6856,0.000516931
1112,11.6856,0.000518232
1114,11.6856,0.000518233
1115.38,11.6857,0.000518234
1116,11.6857,0.000518234
1118,11.6857,0.000518235
1119.54,11.6858,0.000515596
1120,11.6858,0.000514818
1122,11.6858,0.000512084
1123.72,11.6858,0.000509144
1124,11.6859,0.000508666
1126,11.6859,0.000503198
1127.91,11.6859,0.000497316
1128,11.6859,0.000497046
1130,11.686,0.000490893
1132,11.686,0.000485425
1132.12,11.686,0.000484894
1134,11.6861,0.000476538
1136,11.6861,0.000464232
1136.34,11.6861,0.000462709
1138,11.6862,0.000455345
1140,11.6862,0.000443723
1140.58,11.6862,0.000438551
1142,11.6863,0.000425947
1144,11.6863,0.000413641
1144.84,11.6863,0.000407636
1146,11.6864,0.000399284
1148,11.6864,0.000386978
1149.11,11.6864,0.000382058
1150,11.6864,0.000378091
1152,11.6865,0.000369204
1153.39,11.6865,0.000363011
1154,11.6865,0.000360316
1156,11.6866,0.000351428
1157.7,11.6866,0.000343893
1158,11.6866,0.000342541
1160,11.6867,0.000336388
1162,11.6867,0.000333654
1162.01,11.6867,0.000333593
1164,11.6868,0.000324766
1166,11.6868,0.000318613
1166.35,11.6868,0.000317063
1168,11.6869,0.000309726
1170,11.6869,0.000303573
1170.7,11.6869,0.000302616
1172,11.687,0.000300839
1174,11.687,0.000291951
1175.07,11.687,0.000288668
1176,11.6871,0.000285798
1178,11.6871,0.000280328
1179.45,11.6871,0.000275867
1180,11.6871,0.000274175
1182,11.6872,0.000265288
1183.85,11.6872,0.000259598
1184,11.6872,0.000259134
1186,11.6873,0.000252981
1188,11.6873,0.000244093
1188.27,11.6873,0.000242914
1190,11.6874,0.000235205
1192,11.6874,0.000226317
1192.7,11.6875,0.000223213
1194,11.6875,0.000217429
1196,11.6875,0.000211276
1197.15,11.6876,0.000204607
1198,11.6876,0.000199653
1200,11.6876,0.000190764
1201.61,11.6877,0.000183597
1202,11.6877,0.000181876
1204,11.6877,0.000175723
1206,11.6878,0.000166834
1206.09,11.6878,0.000166543
1208,11.6878,0.000160681
1210,11.6879,0.000155211
1210.59,11.6879,0.00015257
1212,11.6879,0.000146323
1214,11.688,0.000142904
1215.11,11.688,0.000139868
1216,11.688,0.000137435
1218,11.6881,0.000131281
1219.64,11.6881,0.000131281
1220,11.6881,0.000131281
1222,11.6882,0.000131282
1224,11.6882,0.000125128
1224.19,11.6882,0.000125128
1226,11.6883,0.000125128
1228,11.6883,0.000125129
1228.76,11.6883,0.000125129
1230,11.6884,0.000125129
1232,11.6884,0.000125129
1233.34,11.6884,0.000127425
1234,11.6885,0.000128548
1236,11.6885,0.000128549
1237.94,11.6886,0.000128549
1238,11.6886,0.000128549
1240,11.6886,0.000131284
1242,11.6887,0.000131285
1242.56,11.6887,0.000131285
1244,11.6887,0.000131285
1246,11.6888,0.00013402
1247.2,11.6888,0.00013402
1248,11.6888,0.00013402
1250,11.6889,0.00013744
1251.85,11.6889,0.00013744
1252,11.6889,0.00013744
1254,11.689,0.000140175
1256,11.689,0.000140176
1256.52,11.689,0.000140884
1258,11.6891,0.000142911
1260,11.6891,0.00014633
1261.2,11.6891,0.000147979
1262,11.6892,0.000149066
1264,11.6892,0.000151801
1265.91,11.6893,0.000155066
1266,11.6893,0.000155221
1268,11.6893,0.000160691
1270,11.6894,0.000160692
1270.63,11.6894,0.000162637
1272,11.6894,0.000166846
1274,11.6895,0.000170266
1275.37,11.6895,0.000172142
1276,11.6895,0.000173001
1278,11.6896,0.000173001
1280,11.6896,0.000181891
1280.13,11.6896,0.000182068
1282,11.6897,0.000184627
1284,11.6897,0.000188046
1284.9,11.6897,0.000189284
1286,11.6898,0.000190782
1288,11.6898,0.000193518
1289.7,11.6899,0.00019642
1290,11.6899,0.000196937
1292,11.6899,0.000199673
1294,11.69,0.000202408
1294.51,11.69,0.000202409
1296,11.69,0.000202409
1298,11.6901,0.000205828
1299.34,11.6901,0.000205829
1300,11.6901,0.000205829
1302,11.6902,0.000205829
1304,11.6902,0.00020583
1304.18,11.6902,0.000205516
1306,11.6903,0.000202411
1308,11.6903,0.000202412
1309.05,11.6904,0.000200977
1310,11.6904,0.000199677
1312,11.6905,0.000196942
1313.93,11.6905,0.00019364
1314,11.6905,0.000193523
1316,11.6906,0.000188053
1318,11.6906,0.000181899
1318.83,11.6906,0.000180759
1320,11.6907,0.000179164
1322,11.6907,0.00017301
1323.75,11.6908,0.000167617
1324,11.6908,0.000166856
1326,11.6908,0.000160702
1328,11.6909,0.000157967
1328.69,11.6909,0.00015584
1330,11.6909,0.000151812
1332,11.691,0.000146342
1333.65,11.691,0.000143526
1334,11.691,0.000142923
1336,11.6911,0.000137453
1338,11.6911,0.000134034
1338.62,11.6912,0.000134034
1340,11.6912,0.000134034
1342,11.6913,0.000131299
1343.61,11.6913,0.000131299
1344,11.6913,0.000131299
1346,11.6914,0.0001313
1348,11.6914,0.0001313
1348.63,11.6914,0.0001313
1350,11.6915,0.0001313
1352,11.6915,0.000131301
1353.66,11.6916,0.000133569
1354,11.6916,0.000134036
1356,11.6916,0.000134037
1358,11.6917,0.000137456
1358.71,11.6917,0.000137456
1360,11.6917,0.000137457
1362,11.6918,0.000140192
1363.78,11.6918,0.000142621
1364,11.6919,0.000142928
1366,11.6919,0.000142929
1368,11.692,0.000142929
1368.86,11.692,0.000142929
1370,11.692,0.000142929
1372,11.6921,0.000146349
1373.97,11.6921,0.000142983
1374,11.6921,0.00014293
1376,11.6922,0.00014293
1378,11.6922,0.000142931
1379.09,11.6923,0.000144803
1380,11.6923,0.00014635
1382,11.6923,0.000142931
1384,11.6924,0.000142932
1384.24,11.6924,0.000142932
1386,11.6925,0.000142932
1388,11.6925,0.000142932
1389.4,11.6926,0.000142932
1390,11.6926,0.000142933
1392,11.6926,0.000142933
1394,11.6927,0.000142933
1394.58,11.6927,0.000142933
1396,11.6927,0.000142934
1398,11.6928,0.000142934
1399.79,11.6928,0.000142934
1400,11.6929,0.000142934
1402,11.6929,0.000142935
1404,11.693,0.000142935
1405.01,11.693,0.000142935
1406,11.693,0.000142935
1408,11.6931,0.000142936
1410,11.6931,0.000142936
1410.25,11.6931,0.000142936
1412,11.6932,0.000142936
1414,11.6932,0.000142937
1415.51,11.6933,0.00014552
1416,11.6933,0.000146357
1418,11.6934,0.000146357
1420,11.6934,0.000149093
1420.79,11.6934,0.000150175
1422,11.6935,0.000151829
1424,11.6935,0.000155249
1426,11.6936,0.000157985
1426.09,11.6936,0.000158263
1428,11.6936,0.000164141
1430,11.6937,0.000170296
1431.41,11.6937,0.000172226
1432,11.6938,0.000173032
1434,11.6938,0.000181924
1436,11.6939,0.00018466
1436.75,11.6939,0.000185943
1438,11.6939,0.00018808
1440,11.694,0.000196972
1442,11.694,0.000199708
1442.11,11.6941,0.000199708
1444,11.6941,0.000199708
1446,11.6942,0.000202445
1447.49,11.6942,0.000202445
1448,11.6942,0.000202445
1450,11.6943,0.00019971
1452,11.6943,0.000196975
1452.89,11.6944,0.000195455
1454,11.6944,0.000193555
1456,11.6945,0.000188084
1458,11.6945,0.000179194
1458.31,11.6945,0.000177825
1460,11.6946,0.000170303
1462,11.6946,0.000160728
1463.75,11.6947,0.000150568
1464,11.6947,0.000149101
1466,11.6948,0.00014021
1468,11.6948,0.000131319
1469.21,11.6948,0.000125948
1470,11.6949,0.000122428
1472,11.6949,0.000113537
1474,11.695,0.000104646
1474.69,11.695,0.000102526
1476,11.695,9.84903e-05
1478,11.6951,8.9599e-05
1480,11.6952,8.34436e-05
1480.19,11.6952,8.29258e-05
1482,11.6952,7.79721e-05
1484,11.6953,7.18166e-05
1485.71,11.6953,6.67265e-05
1486,11.6953,6.58662e-05
1488,11.6954,5.99158e-05
1490,11.6955,5.39654e-05
1491.25,11.6955,5.02368e-05
1492,11.6955,4.8015e-05
1494,11.6956,4.80151e-05
1496,11.6956,3.90551e-05
1496.82,11.6957,3.90552e-05
1498,11.6957,3.90552e-05
1500,11.6958,3.61142e-05
1502,11.6958,3.31048e-05
1502.4,11.6958,3.25176e-05
1504,11.6959,3.01637e-05
1506,11.6959,3.01638e-05
1508,11.696,3.01591e-05
1510,11.6961,2.71544e-05
1512,11.6961,2.71545e-05
1513.63,11.6962,2.47592e-05
1514,11.6962,2.42134e-05
1516,11.6962,2.42134e-05
1518,11.6963,2.12039e-05
1519.27,11.6963,2.1204e-05
1520,11.6964,2.1204e-05
1522,11.6964,1.82628e-05
1524,11.6965,2.12041e-05
1524.94,11.6965,1.9818e-05
1526,11.6966,1.82629e-05
1528,11.6966,1.8263e-05
1530,11.6967,1.8263e-05
1530.63,11.6967,1.8263e-05
1532,11.6967,1.82631e-05
1534,11.6968,1.82631e-05
1536,11.6969,1.52535e-05
1536.34,11.6969,1.52535e-05
1538,11.6969,1.52535e-05
1540,11.697,1.52536e-05
1542,11.697,1.52536e-05
1542.07,11.697,1.52536e-05
1544,11.6971,1.52537e-05
1546,11.6972,1.52537e-05
1547.82,11.6972,1.52537e-05
1548,11.6972,1.52537e-05
1550,11.6973,1.52538e-05
1552,11.6974,1.52538e-05
1553.6,11.6974,1.52539e-05
1554,11.6974,1.52539e-05
1556,11.6975,1.52539e-05
1558,11.6975,1.52539e-05
1559.39,11.6976,1.5254e-05
1560,11.6976,1.5254e-05
1562,11.6977,1.5254e-05
1564,11.6977,1.52541e-05
1565.21,11.6978,1.52541e-05
1566,11.6978,1.52541e-05
1568,11.6979,1.52542e-05
1570,11.6979,1.52542e-05
1571.05,11.698,1.52542e-05
1572,11.698,1.52542e-05
1574,11.698,1.52543e-05
1576,11.6981,1.52543e-05
1576.91,11.6981,1.52543e-05
1578,11.6982,1.52544e-05
1580,11.6982,1.52544e-05
1582,11.6983,1.52544e-05
1582.79,11.6983,1.52545e-05
1584,11.6984,1.52545e-05
1586,11.6984,1.52545e-05
1588,11.6985,1.52546e-05
1588.69,11.6985,1.6301e-05
1590,11.6986,1.82645e-05
1592,11.6986,1.82645e-05
1594,11.6987,1.82646e-05
1594.62,11.6987,1.82646e-05
1596,11.6988,1.82646e-05
1598,11.6988,1.82647e-05
1600,11.6989,1.82647e-05
1600.57,11.6989,1.82647e-05
1606.54,11.6991,1.82649e-05
1612.53,11.6993,1.82651e-05
1618.55,11.6995,1.82652e-05
1624.59,11.6997,1.82654e-05
1630.65,11.6999,1.82655e-05
1636.73,11.7001,1.82657e-05
1642.83,11.7003,1.82658e-05
1648.96,11.7005,1.8266e-05
1655.11,11.7007,1.82661e-05
1661.29,11.7009,1.82663e-05
1667.48,11.7011,1.82665e-05
1673.7,11.7013,1.82666e-05
1679.95,11.7015,1.82668e-05
1686.21,11.7017,1.8267e-05
1692.5,11.7019,1.82671e-05
1698.82,11.7022,1.82673e-05
1705.15,11.7024,1.82675e-05
1711.52,11.7026,1.82676e-05
1717.9,11.7028,1.82678e-05
1724.31,11.703,1.8268e-05
1730.74,11.7033,1.82682e-05
1737.2,11.7035,1.82683e-05
1743.68,11.7037,1.82685e-05
1750.18,11.7039,1.82687e-05
1756.71,11.7042,1.82689e-05
1763.26,11.7044,1.8269e-05
1769.84,11.7046,1.82692e-05
1776.44,11.7049,1.82694e-05
1783.07,11.7051,1.82696e-05
1789.72,11.7053,1.82698e-05
1796.4,11.7056,1.827e-05
1803.1,11.7058,1.82702e-05
1809.82,11.7061,1.82703e-05
1816.57,11.7063,1.82705e-05
1823.35,11.7066,1.82707e-05
1830.15,11.7068,1.82709e-05
1836.98,11.7071,1.82711e-05
1843.83,11.7073,1.82713e-05
1850.71,11.7076,1.82715e-05
1857.61,11.7078,1.82717e-05
1864.54,11.7081,1.82719e-05
1871.5,11.7083,1.82721e-05
1878.48,11.7086,1.82723e-05
1885.49,11.7089,1.82725e-05
1892.52,11.7091,1.82727e-05
1899.58,11.7094,1.8273e-05
1906.66,11.7097,1.82732e-05
1913.78,11.71,1.82734e-05
1920.92,11.7102,1.82736e-05
1928.08,11.7105,1.82738e-05
1935.27,11.7108,1.8274e-05
1942.49,11.7111,1.82742e-05
1949.74,11.7114,1.82745e-05
1957.01,11.7116,1.82747e-05
1964.31,11.7119,1.82749e-05
1971.64,11.7122,1.82751e-05
1978.99,11.7125,1.82754e-05
1986.38,11.7128,1.82756e-05
1993.79,11.7131,1.82758e-05
2001.22,11.7134,1.82761e-05
2008.69,11.7137,1.82763e-05
2016.18,11.714,1.82765e-05
2023.7,11.7143,1.82768e-05
2031.25,11.7146,1.8277e-05
2038.83,11.7149,1.82773e-05
2046.43,11.7152,1.82775e-05
2054.07,11.7156,1.82777e-05
2061.73,11.7159,1.8278e-05
2069.42,11.7162,1.82782e-05
2077.14,11.7165,1.82785e-05
2084.89,11.7168,1.82787e-05
2092.66,11.7172,1.8279e-05
2100.47,11.7175,1.82793e-05
2108.31,11.7178,1.82795e-05
2116.17,11.7182,1.82798e-05
2124.06,11.7185,1.828e-05
2131.99,11.7188,1.82803e-05
2139.94,11.7192,1.82806e-05
2147.92,11.7195,1.82808e-05
2155.93,11.7199,1.82811e-05
2163.98,11.7202,1.82814e-05
2172.05,11.7206,1.82817e-05
2180.15,11.7209,1.82819e-05
2188.28,11.7213,1.82822e-05
2196.45,11.7216,1.82825e-05
2204.64,11.722,1.82828e-05
2212.86,11.7224,1.82831e-05
2221.12,11.7227,1.82833e-05
2229.4,11.7231,1.82836e-05
2237.72,11.7235,1.82839e-05
2246.07,11.7238,1.82842e-05
2254.45,11.7242,1.82845e-05
2262.86,11.7246,1.82848e-05
2271.3,11.725,1.82851e-05
2279.77,11.7254,1.82854e-05
2288.27,11.7258,1.82857e-05
2296.81,11.7262,1.8286e-05
2305.38,11.7266,1.82863e-05
2313.98,11.727,1.82866e-05
2322.61,11.7274,1.8287e-05
2331.27,11.7278,1.82873e-05
2339.97,11.7282,1.82876e-05
2348.7,11.7286,1.82879e-05
2357.46,11.729,1.82882e-05
2366.25,11.7294,1.82886e-05
2375.08,11.7298,1.82889e-05
2383.94,11.7303,1.82892e-05
2392.83,11.7307,1.82896e-05
2401.76,11.7311,1.82899e-05
2410.72,11.7316,1.82902e-05
2419.71,11.732,1.82906e-05
2428.73,11.7324,1.82909e-05
2437.79,11.7329,1.82913e-05
2446.89,11.7333,1.82916e-05
2456.02,11.7338,1.8292e-05
2465.18,11.7342,1.82923e-05
2474.37,11.7347,1.82927e-05
2483.6,11.7351,1.8293e-05
2492.87,11.7356,1.82934e-05
2502.17,11.7361,1.82937e-05
2511.5,11.7365,1.82941e-05
2520.87,11.737,1.82945e-05
2530.27,11.7375,1.82949e-05
2539.71,11.738,1.82952e-05
2549.18,11.7385,1.82956e-05
2558.69,11.7389,1.8296e-05
2568.24,11.7394,1.82964e-05
2577.82,11.7399,1.82968e-05
2587.43,11.7404,1.82971e-05
2597.09,11.7409,1.82975e-05
2606.77,11.7414,1.82979e-05
2616.5,11.742,1.82983e-05
2626.26,11.7425,1.82987e-05
2636.05,11.743,1.82991e-05
2645.89,11.7435,1.82995e-05
2655.76,11.744,1.83e-05
2665.66,11.7446,1.83004e-05
2675.61,11.7451,1.83008e-05
2685.59,11.7456,1.83012e-05
2695.61,11.7462,1.83016e-05
2705.66,11.7467,1.8302e-05
2715.75,11.7473,1.83025e-05
2725.88,11.7478,1.83029e-05
2736.05,11.7484,1.83033e-05
2746.26,11.749,1.83038e-05
2756.5,11.7495,1.83042e-05
2766.79,11.7501,1.83047e-05
2777.11,11.7507,1.83051e-05
2787.47,11.7512,1.83056e-05
2797.86,11.7518,1.8306e-05
2808.3,11.7524,1.83065e-05
2818.78,11.753,1.83069e-05
2829.29,11.7536,1.83074e-05
2839.85,11.7542,1.83079e-05
2850.44,11.7548,1.83083e-05
2861.07,11.7554,1.83088e-05
2871.74,11.756,1.83093e-05
2882.46,11.7567,1.83098e-05
2893.21,11.7573,1.83103e-05
2904,11.7579,1.83108e-05
2914.83,11.7585,1.83113e-05
2925.71,11.7592,1.83118e-05
2936.62,11.7598,1.83123e-05
2947.57,11.7605,1.83128e-05
2958.57,11.7611,1.83133e-05
2969.61,11.7618,1.83138e-05
2980.68,11.7625,1.83143e-05
2991.8,11.7631,1.83148e-05
3002.96,11.7638,1.83153e-05
3014.16,11.7645,1.83159e-05
3025.41,11.7652,1.83164e-05
3036.69,11.7658,1.83169e-05
3048.02,11.7665,1.83175e-05
3059.39,11.7672,1.8318e-05
3070.8,11.7679,1.83186e-05
3082.26,11.7686,1.83191e-05
3093.76,11.7694,1.83197e-05
3105.3,11.7701,1.83202e-05
3116.88,11.7708,1.83208e-05
3128.51,11.7715,1.83214e-05
3140.18,11.7723,1.83219e-05
3151.89,11.773,1.83225e-05
3163.65,11.7738,1.83231e-05
3175.45,11.7745,1.83237e-05
3187.29,11.7753,1.83243e-05
3199.18,11.776,1.83249e-05
3211.12,11.7768,1.83255e-05
3223.1,11.7776,1.83261e-05
3235.12,11.7784,1.83267e-05
3247.19,11.7791,1.83273e-05
3259.3,11.7799,1.83279e-05
3271.46,11.7807,1.83285e-05
3283.66,11.7815,1.83291e-05
3295.91,11.7824,1.83298e-05
3308.2,11.7832,1.83304e-05
3320.54,11.784,1.83311e-05
3332.93,11.7848,1.83317e-05
3345.36,11.7857,1.83324e-05
3357.84,11.7865,1.8333e-05
3370.37,11.7873,1.83337e-05
3382.94,11.7882,1.83343e-05
3395.56,11.7891,1.8335e-05
3408.23,11.7899,1.83357e-05
3420.94,11.7908,1.83364e-05
3433.7,11.7917,1.8337e-05
3446.51,11.7926,1.83377e-05
3459.37,11.7935,1.83384e-05
3472.27,11.7944,1.83391e-05
3485.22,11.7953,1.83398e-05
3498.22,11.7962,1.83405e-05
3511.27,11.7971,1.83412e-05
3524.37,11.798,1.8342e-05
3537.52,11.799,1.83427e-05
3550.71,11.7999,1.83434e-05
3563.96,11.8009,1.83442e-05
3577.25,11.8018,1.83449e-05
3590.6,11.8028,1.83457e-05
3603.99,11.8037,1.83464e-05
3617.43,11.8047,1.83472e-05
3630.93,11.8057,1.83479e-05
3644.47,11.8067,1.83487e-05
3658.07,11.8077,1.83495e-05
3671.71,11.8087,1.83503e-05
3685.41,11.8097,1.83511e-05
3699.16,11.8107,1.83518e-05
3712.96,11.8118,1.83526e-05
3726.81,11.8128,1.83534e-05
3740.71,11.8138,1.83543e-05
3754.66,11.8149,1.83551e-05
3768.67,11.816,1.83559e-05
3782.73,11.817,1.83567e-05
3796.84,11.8181,1.83576e-05
3811,11.8192,1.83584e-05
3825.21,11.8203,1.83593e-05
3839.48,11.8214,1.83601e-05
3853.81,11.8225,1.8361e-05
3868.18,11.8236,1.83618e-05
3882.61,11.8247,1.83627e-05
3897.09,11.8259,1.83636e-05
3911.63,11.827,1.83645e-05
3926.22,11.8282,1.83654e-05
3940.87,11.8293,1.83663e-05
3955.57,11.8305,1.83672e-05
3970.32,11.8317,1.83681e-05
3985.13,11.8329,1.8369e-05
4000,11.8341,1.837e-05
