# source: refractiveindex.info database (CC0), main/VO2/nk/Beaini-100C.yml
# freq_cm1,eps_real,eps_imag
400,58.0087,242.873
400.16,57.9876,242.732
400.32,57.9689,242.592
400.481,57.9546,242.452
400.641,57.9384,242.315
400.802,57.9247,242.179
400.962,57.911,242.044
401.123,57.8948,241.907
401.284,57.8791,241.774
401.445,57.859,241.641
401.606,57.8389,241.509
401.768,57.8149,241.382
401.929,57.7884,241.253
402.091,57.758,241.128
402.253,57.7257,241.007
402.414,57.6895,240.89
402.576,57.6513,240.776
402.739,57.6049,240.667
402.901,57.5565,240.56
403.063,57.5067,240.461
403.226,57.4506,240.365
403.388,57.3925,240.271
403.551,57.335,240.181
403.714,57.2731,240.092
403.877,57.2117,240.008
404.04,57.1503,239.924
404.204,57.0865,239.837
404.367,57.0252,239.753
404.531,56.9663,239.67
404.694,56.907,239.583
404.858,56.8521,239.496
405.022,56.7967,239.404
405.186,56.7457,239.312
405.351,56.6986,239.215
405.515,56.6559,239.117
405.68,56.6166,239.01
405.844,56.5818,238.902
406.009,56.5527,238.788
406.174,56.5281,238.672
406.339,56.5074,238.552
406.504,56.4861,238.427
406.669,56.4737,238.302
406.835,56.4588,238.174
407,56.4464,238.049
407.166,56.4358,237.921
407.332,56.4278,237.795
407.498,56.4173,237.667
407.664,56.4092,237.541
407.83,56.4017,237.42
407.997,56.3941,237.298
408.163,56.3865,237.177
408.33,56.3751,237.06
408.497,56.3661,236.946
408.664,56.3552,236.834
408.831,56.3423,236.724
408.998,56.3275,236.617
409.165,56.3133,236.515
409.333,56.2971,236.414
409.5,56.277,236.319
409.668,56.255,236.226
409.836,56.2311,236.136
410.004,56.2077,236.05
410.172,56.178,235.967
410.341,56.1488,235.888
410.509,56.1152,235.81
410.678,56.0841,235.734
410.846,56.0492,235.663
411.015,56.0142,235.591
411.184,55.9773,235.523
411.353,55.9405,235.454
411.523,55.8993,235.386
411.692,55.8586,235.322
411.862,55.8198,235.255
412.031,55.7772,235.194
412.201,55.7341,235.128
412.371,55.6915,235.067
412.541,55.6484,235.001
412.712,55.6058,234.94
412.882,55.5608,234.876
413.052,55.5159,234.813
413.223,55.4709,234.75
413.394,55.4259,234.686
413.565,55.3785,234.621
413.736,55.3355,234.555
413.907,55.2901,234.488
414.079,55.2446,234.42
414.25,55.1968,234.351
414.422,55.1533,234.28
414.594,55.1074,234.208
414.766,55.0591,234.135
414.938,55.0151,234.06
415.11,54.9707,233.981
415.282,54.9282,233.9
415.455,54.8833,233.817
415.628,54.8384,233.734
415.8,54.7973,233.646
415.973,54.7543,233.561
416.146,54.7128,233.469
416.32,54.6713,233.377
416.493,54.6298,233.284
416.667,54.5878,233.188
416.84,54.5502,233.091
417.014,54.5082,232.994
417.188,54.4682,232.896
417.362,54.4301,232.794
417.537,54.3896,232.691
417.711,54.3515,232.59
417.885,54.311,232.487
418.06,54.2705,232.384
418.235,54.232,232.278
418.41,54.1915,232.175
418.585,54.153,232.07
418.76,54.1121,231.962
418.936,54.0736,231.857
419.111,54.0332,231.754
419.287,53.9923,231.647
419.463,53.952,231.544
419.639,53.9092,231.439
419.815,53.8688,231.336
419.992,53.8242,231.234
420.168,53.7795,231.131
420.345,53.7354,231.033
420.521,53.6888,230.933
420.698,53.6428,230.838
420.875,53.5968,230.742
421.053,53.5465,230.647
421.23,53.4967,230.557
421.408,53.4469,230.466
421.585,53.3971,230.375
421.763,53.3455,230.287
421.941,53.2938,230.199
422.119,53.2403,230.113
422.297,53.1867,230.027
422.476,53.1332,229.942
422.654,53.0821,229.858
422.833,53.0267,229.775
423.012,52.9756,229.691
423.191,52.9203,229.608
423.37,52.8692,229.524
423.549,52.8163,229.442
423.729,52.7653,229.359
423.908,52.7143,229.275
424.088,52.6614,229.194
424.268,52.6124,229.108
424.448,52.5615,229.024
424.628,52.5124,228.938
424.809,52.4634,228.852
424.989,52.4145,228.766
425.17,52.3674,228.677
425.351,52.3204,228.589
425.532,52.2733,228.5
425.713,52.2306,228.412
425.894,52.1855,228.321
426.076,52.1404,228.23
426.257,52.0954,228.139
426.439,52.0546,228.048
426.621,52.0096,227.957
426.803,51.9665,227.864
426.985,51.9277,227.771
427.168,51.8846,227.678
427.35,51.8434,227.582
427.533,51.8022,227.487
427.716,51.7635,227.394
427.899,51.7223,227.298
428.082,51.6812,227.203
428.266,51.6444,227.107
428.449,51.6033,227.012
428.633,51.5641,226.914
428.816,51.525,226.817
429,51.4877,226.717
429.185,51.4509,226.621
429.369,51.4137,226.521
429.553,51.3746,226.424
429.738,51.3374,226.324
429.923,51.3002,226.224
430.108,51.263,226.124
430.293,51.2277,226.022
430.478,51.1906,225.922
430.663,51.1553,225.82
430.849,51.1201,225.718
431.034,51.0848,225.615
431.22,51.0472,225.511
431.406,51.012,225.409
431.593,50.9768,225.307
431.779,50.9412,225.201
431.965,50.906,225.099
432.152,50.8727,224.995
432.339,50.8352,224.891
432.526,50.8001,224.789
432.713,50.7645,224.683
432.9,50.7293,224.581
433.088,50.6919,224.477
433.276,50.6563,224.371
433.463,50.6212,224.269
433.651,50.5838,224.165
433.839,50.5463,224.062
434.028,50.5094,223.962
434.216,50.472,223.859
434.405,50.4327,223.757
434.594,50.3958,223.658
434.783,50.3565,223.557
434.972,50.3173,223.456
435.161,50.2761,223.357
435.35,50.235,223.258
435.54,50.1982,223.159
435.73,50.1552,223.063
435.92,50.1141,222.964
436.11,50.0731,222.865
436.3,50.0301,222.769
436.491,49.9891,222.67
436.681,49.9485,222.576
436.872,49.9056,222.48
437.063,49.8628,222.383
437.254,49.8218,222.285
437.445,49.7789,222.189
437.637,49.7384,222.094
437.828,49.6956,221.998
438.02,49.6528,221.902
438.212,49.61,221.806
438.404,49.5696,221.712
438.596,49.5268,221.616
438.789,49.484,221.52
438.982,49.4455,221.423
439.174,49.4028,221.327
439.367,49.3624,221.233
439.56,49.3216,221.135
439.754,49.2808,221.037
439.947,49.2405,220.943
440.141,49.1997,220.844
440.335,49.1613,220.748
440.529,49.1229,220.652
440.723,49.084,220.551
440.917,49.0457,220.455
441.112,49.0073,220.359
441.306,48.9708,220.26
441.501,48.9325,220.164
441.696,48.8937,220.063
441.891,48.8554,219.967
442.087,48.8189,219.869
442.282,48.7806,219.772
442.478,48.7442,219.674
442.674,48.7078,219.576
442.87,48.6719,219.481
443.066,48.6355,219.383
443.262,48.5973,219.287
443.459,48.5609,219.189
443.656,48.5227,219.093
443.853,48.4869,218.999
444.05,48.4506,218.9
444.247,48.4124,218.804
444.444,48.3742,218.708
444.642,48.3384,218.614
444.84,48.3003,218.519
445.038,48.2621,218.423
445.236,48.2245,218.331
445.434,48.1864,218.235
445.633,48.1483,218.139
445.831,48.1106,218.048
446.03,48.0726,217.952
446.229,48.0327,217.859
446.429,47.9951,217.767
446.628,47.957,217.671
446.828,47.9171,217.578
447.027,47.8773,217.485
447.227,47.8397,217.393
447.427,47.8018,217.298
447.628,47.7619,217.205
447.828,47.7221,217.111
448.029,47.6846,217.02
448.229,47.6448,216.927
448.43,47.6069,216.831
448.632,47.5671,216.738
448.833,47.5273,216.645
449.035,47.4876,216.552
449.236,47.4497,216.456
449.438,47.41,216.363
449.64,47.3722,216.268
449.843,47.3325,216.175
450.045,47.2946,216.079
450.248,47.255,215.986
450.45,47.2172,215.891
450.653,47.1771,215.794
450.857,47.1393,215.699
451.06,47.1015,215.603
451.264,47.0615,215.506
451.467,47.0256,215.409
451.671,46.9879,215.314
451.875,46.9497,215.214
452.08,46.912,215.119
452.284,46.8739,215.02
452.489,46.8358,214.921
452.694,46.8,214.823
452.899,46.7637,214.722
453.104,46.7257,214.622
453.309,46.6899,214.525
453.515,46.6537,214.424
453.721,46.6156,214.324
453.926,46.5776,214.225
454.133,46.5414,214.124
454.339,46.5057,214.027
454.545,46.4696,213.925
454.752,46.4316,213.826
454.959,46.3955,213.725
455.166,46.3575,213.626
455.373,46.3196,213.527
455.581,46.2835,213.426
455.789,46.2456,213.327
455.996,46.2077,213.228
456.204,46.1698,213.129
456.413,46.1319,213.03
456.621,46.0959,212.929
456.83,46.0557,212.829
457.038,46.0179,212.73
457.247,45.9819,212.629
457.457,45.9441,212.53
457.666,45.9081,212.429
457.875,45.8722,212.328
458.085,45.8363,212.227
458.295,45.798,212.124
458.505,45.7621,212.023
458.716,45.7262,211.922
458.926,45.6922,211.819
459.137,45.6582,211.716
459.348,45.6242,211.613
459.559,45.5879,211.508
459.77,45.5558,211.403
459.982,45.5236,211.297
460.193,45.4915,211.192
460.405,45.4594,211.087
460.617,45.4291,210.979
460.829,45.3966,210.87
461.042,45.3682,210.76
461.255,45.338,210.653
461.467,45.3115,210.541
461.681,45.2831,210.431
461.894,45.2566,210.319
462.107,45.2301,210.207
462.321,45.2054,210.093
462.535,45.1808,209.979
462.749,45.1543,209.867
462.963,45.1297,209.753
463.177,45.1051,209.639
463.392,45.0804,209.525
463.607,45.0558,209.411
463.822,45.0312,209.297
464.037,45.0066,209.183
464.253,44.9802,209.072
464.468,44.9538,208.96
464.684,44.9274,208.849
464.9,44.901,208.737
465.116,44.8727,208.628
465.333,44.8445,208.519
465.549,44.8145,208.412
465.766,44.7826,208.307
465.983,44.7507,208.203
466.2,44.7147,208.099
466.418,44.6792,207.999
466.636,44.6437,207.899
466.853,44.6023,207.802
467.071,44.5632,207.706
467.29,44.5222,207.613
467.508,44.4754,207.523
467.727,44.4285,207.433
467.946,44.3839,207.344
468.165,44.3334,207.258
468.384,44.283,207.173
468.604,44.2325,207.087
468.823,44.178,207.002
469.043,44.1257,206.918
469.263,44.0717,206.837
469.484,44.0172,206.752
469.704,43.9609,206.669
469.925,43.9069,206.588
470.146,43.8525,206.502
470.367,43.7963,206.419
470.588,43.7419,206.334
470.81,43.6876,206.249
471.032,43.6351,206.162
471.254,43.5826,206.074
471.476,43.5279,205.985
471.698,43.4773,205.896
471.921,43.4285,205.804
472.144,43.3816,205.71
472.367,43.3365,205.613
472.59,43.2932,205.515
472.813,43.25,205.416
473.037,43.2105,205.313
473.261,43.1727,205.208
473.485,43.1368,205.101
473.709,43.1051,204.993
473.934,43.0728,204.881
474.158,43.0425,204.767
474.383,43.0162,204.652
474.608,42.9876,204.536
474.834,42.9632,204.419
475.059,42.9365,204.301
475.285,42.9139,204.182
475.511,42.889,204.061
475.737,42.8682,203.94
475.964,42.8456,203.822
476.19,42.8248,203.701
476.417,42.804,203.58
476.644,42.7833,203.459
476.872,42.7625,203.338
477.099,42.7399,203.22
477.327,42.7196,203.103
477.555,42.697,202.984
477.783,42.6745,202.866
478.011,42.6523,202.752
478.24,42.628,202.635
478.469,42.604,202.523
478.698,42.5761,202.412
478.927,42.5485,202.304
479.157,42.521,202.197
479.386,42.4916,202.091
479.616,42.4583,201.987
479.846,42.4271,201.884
480.077,42.3942,201.783
480.307,42.3595,201.685
480.538,42.3248,201.586
480.769,42.2901,201.488
481,42.2554,201.389
481.232,42.2189,201.293
481.464,42.1824,201.197
481.696,42.146,201.101
481.928,42.1095,201.005
482.16,42.0731,200.909
482.393,42.0367,200.813
482.625,42.002,200.715
482.859,41.9656,200.619
483.092,41.9333,200.522
483.325,41.8987,200.424
483.559,41.8642,200.326
483.793,41.8314,200.226
484.027,41.8005,200.123
484.262,41.7718,200.022
484.496,41.7409,199.92
484.731,41.7136,199.813
484.966,41.6863,199.706
485.201,41.6631,199.599
485.437,41.6394,199.488
485.673,41.6157,199.376
485.909,41.5961,199.265
486.145,41.5761,199.149
486.381,41.5578,199.032
486.618,41.5418,198.916
486.855,41.5236,198.798
487.092,41.5053,198.68
487.329,41.4911,198.562
487.567,41.4747,198.443
487.805,41.4605,198.325
488.043,41.4458,198.203
488.281,41.4294,198.083
488.52,41.4152,197.965
488.759,41.397,197.848
488.998,41.3805,197.728
489.237,41.3645,197.613
489.476,41.3463,197.495
489.716,41.3286,197.382
489.956,41.3068,197.269
490.196,41.285,197.157
490.436,41.2654,197.046
490.677,41.2401,196.937
490.918,41.217,196.831
491.159,41.1881,196.727
491.4,41.1592,196.623
491.642,41.1307,196.523
491.884,41.0983,196.424
492.126,41.0623,196.329
492.368,41.0285,196.236
492.611,40.9925,196.141
492.854,40.953,196.05
493.097,40.9156,195.962
493.34,40.8761,195.871
493.583,40.8348,195.783
493.827,40.7958,195.697
494.071,40.7545,195.608
494.315,40.7133,195.52
494.56,40.6725,195.436
494.805,40.6313,195.348
495.05,40.5901,195.26
495.295,40.5511,195.173
495.54,40.5117,195.083
495.786,40.4723,194.993
496.032,40.4352,194.904
496.278,40.3976,194.812
496.524,40.3618,194.717
496.771,40.3283,194.625
497.018,40.2961,194.526
497.265,40.2639,194.427
497.512,40.2375,194.325
497.76,40.2089,194.222
498.008,40.1839,194.115
498.256,40.1646,194.005
498.504,40.1449,193.891
498.753,40.1292,193.776
499.002,40.1131,193.658
499.251,40.0987,193.537
499.5,40.0901,193.414
499.75,40.0793,193.29
500,40.0703,193.163
500.25,40.0652,193.035
500.501,40.058,192.906
500.751,40.0546,192.777
501.002,40.0491,192.646
501.253,40.0436,192.515
501.505,40.0403,192.386
501.756,40.0348,192.255
502.008,40.0314,192.126
502.26,40.0259,191.995
502.513,40.0226,191.866
502.765,40.0153,191.737
503.018,40.0083,191.613
503.271,39.9975,191.488
503.525,39.9888,191.366
503.778,39.9766,191.248
504.032,39.9605,191.131
504.286,39.9448,191.017
504.541,39.9251,190.904
504.796,39.9041,190.797
505.051,39.8796,190.694
505.306,39.8512,190.592
505.561,39.8232,190.494
505.817,39.7917,190.4
506.073,39.758,190.304
506.329,39.723,190.215
506.586,39.688,190.125
506.842,39.653,190.035
507.099,39.6162,189.948
507.357,39.5777,189.863
507.614,39.5389,189.774
507.872,39.5004,189.689
508.13,39.462,189.604
508.388,39.4253,189.517
508.647,39.3869,189.432
508.906,39.3502,189.344
509.165,39.3153,189.255
509.424,39.2805,189.166
509.684,39.2495,189.076
509.944,39.2182,188.982
510.204,39.1886,188.887
510.465,39.1591,188.791
510.725,39.133,188.691
510.986,39.1109,188.591
511.247,39.0883,188.487
511.509,39.0676,188.38
511.771,39.0486,188.272
512.033,39.0352,188.161
512.295,39.0197,188.048
512.558,39.0059,187.933
512.821,38.9943,187.82
513.084,38.9841,187.701
513.347,38.976,187.584
513.611,38.9657,187.465
513.875,38.9554,187.346
514.139,38.9491,187.227
514.403,38.9423,187.104
514.668,38.9359,186.984
514.933,38.9274,186.864
515.198,38.9227,186.742
515.464,38.9142,186.621
515.73,38.9078,186.502
515.996,38.901,186.379
516.262,38.8928,186.263
516.529,38.8843,186.142
516.796,38.874,186.023
517.063,38.8641,185.909
517.331,38.8521,185.792
517.598,38.8405,185.68
517.866,38.825,185.568
518.135,38.8116,185.458
518.403,38.7926,185.35
518.672,38.7741,185.247
518.941,38.7516,185.143
519.211,38.7275,185.042
519.481,38.702,184.947
519.751,38.6744,184.85
520.021,38.6451,184.756
520.291,38.6161,184.665
520.562,38.5834,184.575
520.833,38.5489,184.486
521.105,38.5144,184.398
521.376,38.4799,184.31
521.648,38.4476,184.224
521.921,38.4114,184.138
522.193,38.377,184.05
522.466,38.3408,183.964
522.739,38.3082,183.874
523.013,38.2738,183.786
523.286,38.2428,183.693
523.56,38.2119,183.601
523.834,38.1828,183.507
524.109,38.1532,183.409
524.384,38.1275,183.31
524.659,38.1052,183.207
524.934,38.0847,183.102
525.21,38.066,182.996
525.486,38.0485,182.883
525.762,38.0366,182.767
526.039,38.0265,182.65
526.316,38.0198,182.528
526.593,38.0144,182.401
526.87,38.0111,182.275
527.148,38.0113,182.145
527.426,38.0114,182.015
527.704,38.0129,181.879
527.983,38.0165,181.745
528.262,38.0218,181.609
528.541,38.027,181.473
528.821,38.034,181.335
529.101,38.0409,181.197
529.381,38.0458,181.057
529.661,38.0544,180.917
529.942,38.0613,180.779
530.223,38.0682,180.641
530.504,38.0768,180.501
530.786,38.0836,180.363
531.067,38.0888,180.227
531.35,38.096,180.094
531.632,38.1011,179.958
531.915,38.1028,179.827
532.198,38.1044,179.695
532.481,38.1065,179.568
532.765,38.103,179.443
533.049,38.1016,179.32
533.333,38.093,179.202
533.618,38.0848,179.087
533.903,38.0728,178.973
534.188,38.0595,178.865
534.474,38.0428,178.761
534.759,38.0244,178.659
535.045,38.0043,178.559
535.332,37.9808,178.464
535.619,37.9573,178.368
535.906,37.9342,178.276
536.193,37.9074,178.185
536.481,37.8809,178.098
536.769,37.8523,178.009
537.057,37.8259,177.921
537.346,37.7994,177.834
537.634,37.773,177.747
537.924,37.7466,177.659
538.213,37.7219,177.57
538.503,37.6972,177.481
538.793,37.6742,177.389
539.084,37.6532,177.3
539.374,37.634,177.208
539.665,37.6161,177.11
539.957,37.6003,177.014
540.249,37.5862,176.916
540.541,37.5755,176.814
540.833,37.5647,176.712
541.126,37.5574,176.606
541.419,37.5521,176.501
541.712,37.5465,176.393
542.005,37.5446,176.284
542.299,37.5406,176.174
542.594,37.5404,176.063
542.888,37.5418,175.951
543.183,37.5433,175.838
543.478,37.5464,175.723
543.774,37.5517,175.61
544.07,37.5548,175.496
544.366,37.5616,175.381
544.662,37.5664,175.264
544.959,37.5733,175.149
545.256,37.5801,175.034
545.554,37.5886,174.917
545.852,37.5971,174.8
546.15,37.6056,174.683
546.448,37.6161,174.568
546.747,37.6246,174.451
547.046,37.6351,174.336
547.345,37.6456,174.221
547.645,37.654,174.104
547.945,37.6666,173.991
548.246,37.6754,173.878
548.546,37.6858,173.763
548.847,37.6967,173.652
549.149,37.7054,173.539
549.451,37.7145,173.43
549.753,37.7237,173.321
550.055,37.7328,173.212
550.358,37.7402,173.106
550.661,37.748,173.003
550.964,37.7538,172.898
551.268,37.7616,172.795
551.572,37.7677,172.694
551.876,37.7738,172.593
552.181,37.7782,172.494
552.486,37.7847,172.397
552.792,37.7892,172.298
553.097,37.794,172.203
553.403,37.7967,172.107
553.71,37.8015,172.012
554.017,37.8063,171.917
554.324,37.8111,171.822
554.631,37.8159,171.727
554.939,37.821,171.636
555.247,37.8258,171.541
555.556,37.8326,171.448
555.864,37.8374,171.353
556.174,37.8442,171.26
556.483,37.8489,171.166
556.793,37.8557,171.073
557.103,37.862,170.976
557.414,37.8688,170.883
557.724,37.8772,170.788
558.036,37.8836,170.691
558.347,37.8903,170.598
558.659,37.8966,170.502
558.971,37.905,170.407
559.284,37.9113,170.31
559.597,37.918,170.218
559.91,37.9243,170.121
560.224,37.9306,170.025
560.538,37.9372,169.932
560.852,37.9435,169.835
561.167,37.9481,169.741
561.482,37.9506,169.645
561.798,37.9552,169.551
562.114,37.9598,169.457
562.43,37.9623,169.361
562.746,37.9669,169.266
563.063,37.9677,169.173
563.38,37.9686,169.079
563.698,37.9694,168.985
564.016,37.9702,168.891
564.334,37.9694,168.8
564.653,37.9686,168.708
564.972,37.9678,168.617
565.291,37.9653,168.527
565.611,37.9608,168.436
565.931,37.9583,168.346
566.251,37.9542,168.259
566.572,37.948,168.17
566.893,37.9422,168.085
567.215,37.936,167.996
567.537,37.9282,167.909
567.859,37.9208,167.826
568.182,37.913,167.739
568.505,37.9035,167.654
568.828,37.8977,167.569
569.152,37.8899,167.482
569.476,37.8804,167.398
569.801,37.8726,167.311
570.125,37.8668,167.226
570.451,37.859,167.139
570.776,37.8528,167.05
571.102,37.8466,166.962
571.429,37.8441,166.873
571.755,37.8411,166.78
572.082,37.8382,166.687
572.41,37.8389,166.594
572.738,37.8392,166.497
573.066,37.8395,166.401
573.394,37.8451,166.301
573.723,37.8503,166.199
574.053,37.8591,166.095
574.383,37.8659,165.991
574.713,37.8759,165.882
575.043,37.8896,165.773
575.374,37.9033,165.663
575.705,37.9165,165.551
576.037,37.9317,165.44
576.369,37.9486,165.326
576.701,37.9654,165.213
577.034,37.9802,165.099
577.367,37.9986,164.984
577.701,38.017,164.868
578.035,38.0337,164.755
578.369,38.0541,164.642
578.704,38.0708,164.529
579.039,38.0892,164.414
579.374,38.1058,164.301
579.71,38.1229,164.192
580.046,38.1379,164.082
580.383,38.155,163.972
580.72,38.1704,163.865
581.058,38.1842,163.76
581.395,38.1963,163.658
581.734,38.2084,163.555
582.072,38.2173,163.456
582.411,38.2246,163.359
582.751,38.2319,163.262
583.09,38.238,163.171
583.431,38.242,163.079
583.771,38.2464,162.99
584.112,38.2493,162.903
584.454,38.2485,162.817
584.795,38.2513,162.73
585.138,38.2529,162.648
585.48,38.2541,162.564
585.823,38.2537,162.481
586.166,38.2553,162.4
586.51,38.2585,162.317
586.854,38.2601,162.236
587.199,38.2617,162.155
587.544,38.2649,162.072
587.889,38.2665,161.991
588.235,38.2733,161.907
588.582,38.2765,161.824
588.928,38.2833,161.741
589.275,38.2917,161.655
589.623,38.3,161.57
589.971,38.312,161.484
590.319,38.3236,161.395
590.667,38.3371,161.307
591.017,38.3522,161.217
591.366,38.369,161.125
591.716,38.3877,161.035
592.066,38.406,160.942
592.417,38.4279,160.847
592.768,38.4481,160.755
593.12,38.47,160.661
593.472,38.4934,160.565
593.824,38.5172,160.473
594.177,38.5406,160.377
594.53,38.566,160.282
594.884,38.5913,160.188
595.238,38.6151,160.095
595.593,38.6404,160.001
595.948,38.6657,159.907
596.303,38.6914,159.816
596.659,38.7151,159.723
597.015,38.7408,159.633
597.372,38.7664,159.542
597.729,38.7905,159.453
598.086,38.8145,159.365
598.444,38.8369,159.278
598.802,38.8594,159.192
599.161,38.8822,159.109
599.52,38.9014,159.026
599.88,38.9226,158.945
600.24,38.9402,158.865
600.601,38.9583,158.788
600.962,38.9711,158.713
601.323,38.986,158.641
601.685,38.9993,158.57
602.047,39.0094,158.503
602.41,39.0195,158.436
602.773,39.026,158.37
603.136,39.0314,158.309
603.5,39.0367,158.249
603.865,39.0405,158.19
604.23,39.0443,158.131
604.595,39.0465,158.075
604.961,39.0471,158.02
605.327,39.0493,157.964
605.694,39.0484,157.911
606.061,39.049,157.856
606.428,39.0496,157.802
606.796,39.0466,157.748
607.165,39.0472,157.693
607.533,39.0478,157.639
607.903,39.0485,157.584
608.273,39.0486,157.526
608.643,39.0508,157.469
609.013,39.0545,157.411
609.385,39.0563,157.351
609.756,39.0631,157.288
610.128,39.068,157.224
610.501,39.0764,157.16
610.874,39.0844,157.092
611.247,39.0939,157.022
611.621,39.107,156.951
611.995,39.1197,156.877
612.37,39.1339,156.801
612.745,39.1481,156.725
613.121,39.1638,156.647
613.497,39.1812,156.567
613.874,39.1984,156.487
614.251,39.2173,156.405
614.628,39.2361,156.323
615.006,39.2549,156.241
615.385,39.2733,156.156
615.764,39.2936,156.072
616.143,39.312,155.987
616.523,39.3323,155.903
616.903,39.3521,155.815
617.284,39.3704,155.73
617.665,39.3887,155.645
618.047,39.4085,155.557
618.429,39.4267,155.472
618.812,39.445,155.387
619.195,39.4632,155.301
619.579,39.4778,155.217
619.963,39.4944,155.133
620.347,39.5091,155.049
620.732,39.5221,154.966
621.118,39.5356,154.887
621.504,39.5471,154.806
621.891,39.555,154.726
622.278,39.5634,154.649
622.665,39.5702,154.574
623.053,39.5769,154.5
623.441,39.5802,154.425
623.83,39.5839,154.355
624.22,39.5856,154.283
624.61,39.5877,154.214
625,39.5863,154.146
625.391,39.5868,154.079
625.782,39.5839,154.013
626.174,39.5809,153.947
626.566,39.5784,153.884
626.959,39.5739,153.82
627.353,39.5698,153.76
627.746,39.5657,153.699
628.141,39.5596,153.637
628.536,39.5556,153.577
628.931,39.5499,153.518
629.327,39.5443,153.459
629.723,39.5387,153.401
630.12,39.5351,153.344
630.517,39.5294,153.286
630.915,39.5258,153.229
631.313,39.5222,153.172
631.712,39.5185,153.115
632.111,39.5133,153.06
632.511,39.5097,153.003
632.911,39.5081,152.948
633.312,39.5064,152.892
633.714,39.5047,152.837
634.115,39.5015,152.784
634.518,39.5019,152.73
634.921,39.5022,152.676
635.324,39.5045,152.624
635.728,39.5048,152.57
636.132,39.5071,152.518
636.537,39.5094,152.466
636.943,39.5121,152.417
637.349,39.5164,152.367
637.755,39.5207,152.316
638.162,39.5269,152.267
638.57,39.5312,152.216
638.978,39.5375,152.167
639.386,39.5437,152.118
639.795,39.5519,152.071
640.205,39.5581,152.022
640.615,39.5664,151.974
641.026,39.5761,151.925
641.437,39.5843,151.877
641.849,39.5925,151.83
642.261,39.6007,151.782
642.674,39.6104,151.733
643.087,39.6186,151.685
643.501,39.6303,151.637
643.915,39.6385,151.59
644.33,39.6502,151.542
644.745,39.6583,151.494
645.161,39.67,151.447
645.578,39.6782,151.399
645.995,39.6863,151.352
646.412,39.6965,151.306
646.831,39.7046,151.258
647.249,39.7128,151.211
647.668,39.7209,151.164
648.088,39.7275,151.118
648.508,39.7356,151.071
648.929,39.7403,151.024
649.351,39.7434,150.979
649.773,39.75,150.933
650.195,39.753,150.889
650.618,39.7542,150.842
651.042,39.7557,150.799
651.466,39.7568,150.753
651.89,39.7564,150.708
652.316,39.7525,150.664
652.742,39.7501,150.618
653.168,39.7461,150.574
653.595,39.7422,150.53
654.022,39.7383,150.486
654.45,39.7324,150.441
654.879,39.7249,150.397
655.308,39.7175,150.354
655.738,39.7081,150.309
656.168,39.7007,150.265
656.599,39.6913,150.22
657.03,39.6819,150.175
657.462,39.671,150.132
657.895,39.6616,150.087
658.328,39.6487,150.043
658.762,39.6378,150
659.196,39.6249,149.955
659.631,39.612,149.911
660.066,39.5991,149.866
660.502,39.5867,149.825
660.939,39.5738,149.781
661.376,39.5594,149.738
661.813,39.5431,149.694
662.252,39.5287,149.652
662.691,39.5158,149.607
663.13,39.4999,149.567
663.57,39.4855,149.524
664.011,39.4711,149.482
664.452,39.4552,149.441
664.894,39.4409,149.399
665.336,39.425,149.359
665.779,39.4111,149.32
666.223,39.3952,149.279
666.667,39.3793,149.239
667.111,39.3639,149.202
667.557,39.35,149.163
668.003,39.3326,149.124
668.449,39.3172,149.087
668.896,39.3018,149.05
669.344,39.2863,149.013
669.792,39.2694,148.978
670.241,39.2505,148.942
670.691,39.2336,148.907
671.141,39.2167,148.872
671.592,39.1983,148.839
672.043,39.1798,148.806
672.495,39.1614,148.773
672.948,39.143,148.74
673.401,39.1231,148.709
673.854,39.1032,148.678
674.309,39.0813,148.645
674.764,39.0614,148.614
675.219,39.0414,148.583
675.676,39.018,148.553
676.133,38.9966,148.524
676.59,38.9732,148.493
677.048,38.9499,148.463
677.507,38.9265,148.432
677.966,38.9016,148.404
678.426,38.8763,148.371
678.887,38.8514,148.343
679.348,38.8246,148.313
679.81,38.7978,148.283
680.272,38.7694,148.255
680.735,38.7426,148.225
681.199,38.7139,148.193
681.663,38.6836,148.163
682.128,38.6533,148.134
682.594,38.6211,148.102
683.06,38.5889,148.071
683.527,38.5567,148.04
683.995,38.5245,148.009
684.463,38.4903,147.976
684.932,38.4547,147.946
685.401,38.4205,147.913
685.871,38.3829,147.881
686.342,38.3453,147.849
686.813,38.3078,147.816
687.285,38.2702,147.784
687.758,38.2307,147.751
688.231,38.1912,147.717
688.705,38.1501,147.685
689.18,38.1107,147.651
689.655,38.0697,147.62
690.131,38.0267,147.586
690.608,37.9857,147.555
691.085,37.9413,147.523
691.563,37.8984,147.49
692.042,37.854,147.459
692.521,37.8111,147.425
693.001,37.7686,147.396
693.481,37.7243,147.364
693.963,37.6799,147.333
694.444,37.6355,147.302
694.927,37.5912,147.27
695.41,37.5468,147.239
695.894,37.5059,147.207
696.379,37.4616,147.176
696.864,37.4207,147.144
697.35,37.378,147.111
697.837,37.3371,147.079
698.324,37.2943,147.046
698.812,37.2531,147.01
699.301,37.2118,146.975
699.79,37.1706,146.94
700.28,37.1309,146.903
700.771,37.0912,146.866
701.262,37.0511,146.825
701.754,37.0109,146.784
702.247,36.9689,146.742
702.741,36.9288,146.702
703.235,36.8864,146.656
703.73,36.8444,146.614
704.225,36.8019,146.569
704.722,36.7595,146.523
705.219,36.7152,146.476
705.716,36.6674,146.429
706.215,36.6212,146.381
706.714,36.5734,146.334
707.214,36.5253,146.284
707.714,36.4756,146.236
708.215,36.424,146.186
708.717,36.371,146.139
709.22,36.3175,146.087
709.723,36.2606,146.037
710.227,36.2037,145.986
710.732,36.1434,145.936
711.238,36.0847,145.883
711.744,36.021,145.834
712.251,35.9588,145.782
712.758,35.8917,145.732
713.267,35.8261,145.681
713.776,35.7576,145.633
714.286,35.6886,145.582
714.796,35.6167,145.535
715.308,35.5428,145.487
715.82,35.469,145.438
716.332,35.3937,145.391
716.846,35.3169,145.347
717.36,35.2382,145.3
717.875,35.158,145.256
718.391,35.0794,145.209
718.907,34.9958,145.165
719.424,34.9138,145.119
719.942,34.8303,145.075
720.461,34.7483,145.029
720.981,34.663,144.984
721.501,34.5795,144.94
722.022,34.4942,144.894
722.543,34.409,144.849
723.066,34.3237,144.803
723.589,34.2366,144.756
724.113,34.1529,144.708
724.638,34.0658,144.661
725.163,33.9803,144.612
725.689,33.8963,144.561
726.216,33.8124,144.51
726.744,33.7285,144.459
727.273,33.6427,144.407
727.802,33.5619,144.352
728.332,33.4776,144.297
728.863,33.3984,144.24
729.395,33.3173,144.182
729.927,33.2377,144.122
730.46,33.1597,144.06
730.994,33.0817,143.998
731.529,33.0034,143.932
732.064,32.9266,143.865
732.601,32.8498,143.798
733.138,32.7731,143.73
733.676,32.6979,143.661
734.214,32.6209,143.59
734.754,32.5435,143.516
735.294,32.4681,143.443
735.835,32.3908,143.369
736.377,32.3131,143.291
736.92,32.234,143.216
737.463,32.1564,143.138
738.007,32.077,143.059
738.552,31.9943,142.98
739.098,31.913,142.9
739.645,31.8319,142.819
740.192,31.7454,142.738
740.741,31.661,142.657
741.29,31.5728,142.574
741.84,31.4865,142.492
742.39,31.395,142.41
742.942,31.3035,142.327
743.494,31.2121,142.244
744.048,31.1174,142.162
744.602,31.0212,142.081
745.156,30.9232,141.999
745.712,30.8218,141.917
746.269,30.7224,141.837
746.826,30.6193,141.754
747.384,30.5166,141.674
747.943,30.4121,141.593
748.503,30.3042,141.512
749.064,30.1999,141.431
749.625,30.0921,141.35
750.188,29.9826,141.267
750.751,29.8751,141.186
751.315,29.7657,141.104
751.88,29.6545,141.02
752.445,29.5452,140.937
753.012,29.4357,140.851
753.58,29.3247,140.767
754.148,29.2153,140.681
754.717,29.1056,140.592
755.287,28.9964,140.506
755.858,28.8868,140.417
756.43,28.7789,140.326
757.002,28.6691,140.233
757.576,28.5628,140.14
758.15,28.4547,140.046
758.725,28.3498,139.947
759.301,28.2467,139.851
759.878,28.1415,139.749
760.456,28.0382,139.649
761.035,27.9381,139.546
761.615,27.8361,139.44
762.195,27.7358,139.333
762.777,27.6389,139.226
763.359,27.5417,139.116
763.942,27.4427,139.003
764.526,27.3457,138.893
765.111,27.2517,138.779
765.697,27.156,138.663
766.284,27.0622,138.549
766.871,26.9682,138.431
767.46,26.8757,138.312
768.049,26.7833,138.193
768.64,26.691,138.073
769.231,26.5984,137.951
769.823,26.5078,137.83
770.416,26.4154,137.707
771.01,26.3245,137.583
771.605,26.2356,137.461
772.201,26.1464,137.335
772.798,26.0558,137.21
773.395,25.9649,137.083
773.994,25.876,136.957
774.593,25.7871,136.831
775.194,25.6965,136.704
775.795,25.6059,136.577
776.398,25.517,136.448
777.001,25.4281,136.319
777.605,25.3392,136.19
778.21,25.252,136.059
778.816,25.1633,135.931
779.423,25.0745,135.799
780.031,24.9871,135.665
780.64,24.9017,135.532
781.25,24.8145,135.399
781.861,24.729,135.263
782.473,24.6434,135.128
783.085,24.5562,134.991
783.699,24.4724,134.854
784.314,24.3883,134.713
784.929,24.3061,134.575
785.546,24.2222,134.434
786.164,24.1398,134.293
786.782,24.059,134.149
787.402,23.9783,134.005
788.022,23.8959,133.86
788.644,23.8169,133.715
789.266,23.7376,133.566
789.889,23.6584,133.418
790.514,23.5826,133.269
791.139,23.5065,133.118
791.766,23.4287,132.964
792.393,23.3528,132.813
793.021,23.28,132.657
793.651,23.2039,132.503
794.281,23.1295,132.346
794.913,23.0583,132.19
795.545,22.9855,132.031
796.178,22.9127,131.873
796.813,22.8397,131.712
797.448,22.77,131.551
798.085,22.6987,131.388
798.722,22.6292,131.227
799.361,22.558,131.064
800,22.4898,130.898
800.641,22.4202,130.734
801.282,22.3522,130.569
801.925,22.2825,130.401
802.568,22.2161,130.234
803.213,22.148,130.065
803.859,22.0832,129.896
804.505,22.0152,129.728
805.153,21.9503,129.556
805.802,21.8855,129.384
806.452,21.8207,129.212
807.103,21.7574,129.039
807.754,21.6943,128.866
808.407,21.6312,128.693
809.061,21.5696,128.518
809.717,21.5096,128.342
810.373,21.4496,128.165
811.03,21.3911,127.987
811.688,21.3328,127.81
812.348,21.2759,127.63
813.008,21.2192,127.451
813.67,21.1624,127.272
814.332,21.1087,127.089
814.996,21.0536,126.909
815.661,20.9999,126.727
816.327,20.9496,126.544
816.993,20.8961,126.362
817.661,20.8458,126.18
818.331,20.7973,126
819.001,20.7486,125.816
819.672,20.7002,125.636
820.345,20.6533,125.454
821.018,20.6082,125.274
821.693,20.5631,125.094
822.368,20.5198,124.915
823.045,20.4766,124.737
823.723,20.435,124.56
824.402,20.3953,124.385
825.083,20.3538,124.208
825.764,20.3158,124.035
826.446,20.2762,123.86
827.13,20.2382,123.687
827.815,20.2018,123.512
828.5,20.1654,123.337
829.187,20.1276,123.164
829.876,20.0912,122.989
830.565,20.0563,122.813
831.255,20.0184,122.638
831.947,19.9819,122.46
832.639,19.9471,122.285
833.333,19.9089,122.106
834.028,19.874,121.928
834.725,19.839,121.749
835.422,19.8056,121.569
836.12,19.7721,121.389
836.82,19.7384,121.206
837.521,19.7096,121.025
838.223,19.6791,120.842
838.926,19.6501,120.658
839.631,19.6256,120.471
840.336,19.6011,120.285
841.043,19.581,120.094
841.751,19.5639,119.903
842.46,19.5512,119.707
843.17,19.5413,119.508
843.882,19.5359,119.307
844.595,19.5347,119.102
845.309,19.538,118.894
846.024,19.5442,118.683
846.74,19.5548,118.471
847.458,19.5653,118.259
848.176,19.5775,118.048
848.896,19.5899,117.841
849.618,19.6022,117.633
850.34,19.6134,117.431
851.064,19.6216,117.232
851.789,19.6318,117.038
852.515,19.6404,116.846
853.242,19.6508,116.655
853.971,19.6599,116.469
854.701,19.6737,116.285
855.432,19.6846,116.103
856.164,19.6986,115.922
856.898,19.7111,115.743
857.633,19.7269,115.566
858.369,19.7443,115.391
859.107,19.7617,115.216
859.845,19.7807,115.043
860.585,19.8012,114.871
861.326,19.8234,114.7
862.069,19.8455,114.53
862.813,19.8706,114.359
863.558,19.8957,114.189
864.304,19.9226,114.023
865.052,19.9505,113.853
865.801,19.98,113.684
866.551,20.0112,113.517
867.303,20.0436,113.348
868.056,20.0773,113.177
868.81,20.1124,113.005
869.565,20.149,112.835
870.322,20.1856,112.664
871.08,20.2248,112.491
871.84,20.2639,112.317
872.6,20.303,112.144
873.362,20.3433,111.969
874.126,20.3819,111.793
874.891,20.4234,111.617
875.657,20.4649,111.441
876.424,20.5046,111.263
877.193,20.5473,111.086
877.963,20.5868,110.909
878.735,20.6279,110.733
879.507,20.6689,110.557
880.282,20.7099,110.382
881.057,20.7507,110.207
881.834,20.7931,110.033
882.613,20.8354,109.859
883.392,20.8776,109.685
884.173,20.9213,109.513
884.956,20.9663,109.339
885.74,21.0115,109.169
886.525,21.058,108.997
887.311,21.1073,108.824
888.099,21.1552,108.654
888.889,21.2073,108.481
889.68,21.2609,108.31
890.472,21.3143,108.14
891.266,21.372,107.967
892.061,21.4312,107.796
892.857,21.4945,107.623
893.655,21.5607,107.449
894.454,21.6294,107.273
895.255,21.7039,107.096
896.057,21.7808,106.916
896.861,21.8592,106.738
897.666,21.9404,106.559
898.473,22.0231,106.381
899.281,22.1043,106.206
900.09,22.1843,106.034
900.901,22.2632,105.868
901.713,22.3397,105.708
902.527,22.415,105.552
903.342,22.4875,105.4
904.159,22.559,105.252
904.977,22.6293,105.109
905.797,22.697,104.969
906.618,22.7648,104.832
907.441,22.8329,104.698
908.265,22.9012,104.567
909.091,22.9681,104.438
909.918,23.0352,104.311
910.747,23.1022,104.185
911.577,23.1708,104.06
912.409,23.2396,103.938
913.242,23.3083,103.815
914.077,23.3785,103.695
914.913,23.4489,103.577
915.751,23.5222,103.459
916.59,23.5941,103.342
917.431,23.6659,103.226
918.274,23.7421,103.11
919.118,23.817,102.996
919.963,23.8918,102.882
920.81,23.9709,102.769
921.659,24.0484,102.655
922.509,24.129,102.543
923.361,24.2095,102.432
924.214,24.2929,102.32
925.069,24.3773,102.206
925.926,24.4617,102.093
926.784,24.5492,101.982
927.644,24.6363,101.868
928.505,24.7249,101.755
929.368,24.815,101.644
930.233,24.9063,101.531
931.099,24.9962,101.419
931.966,25.0888,101.308
932.836,25.1802,101.198
933.707,25.2701,101.089
934.579,25.3628,100.98
935.454,25.453,100.874
936.33,25.5446,100.77
937.207,25.6333,100.666
938.086,25.7235,100.563
938.967,25.8124,100.462
939.85,25.8999,100.362
940.734,25.9861,100.264
941.62,26.0738,100.167
942.507,26.1599,100.069
943.396,26.2446,99.973
944.287,26.3309,99.8777
945.18,26.4142,99.7829
946.074,26.499,99.6892
946.97,26.5838,99.5956
947.867,26.6669,99.5007
948.767,26.7531,99.4082
949.668,26.8377,99.3145
950.57,26.9225,99.2237
951.475,27.0102,99.1324
952.381,27.0965,99.0428
953.289,27.184,98.9515
954.198,27.2717,98.863
955.11,27.3623,98.7741
956.023,27.4527,98.6852
956.938,27.5431,98.5963
957.854,27.6351,98.5086
958.773,27.7285,98.4221
959.693,27.8231,98.3339
960.615,27.9193,98.2469
961.538,28.0166,98.1583
962.464,28.1138,98.0697
963.391,28.2125,97.9822
964.32,28.31,97.8963
965.251,28.4102,97.81
966.184,28.5079,97.7269
967.118,28.6043,97.6454
968.054,28.7023,97.565
968.992,28.7965,97.4894
969.932,28.8895,97.4154
970.874,28.9801,97.3447
971.817,29.0681,97.2771
972.763,29.1554,97.2139
973.71,29.2414,97.1523
974.659,29.3249,97.0939
975.61,29.4072,97.0371
976.562,29.487,96.9835
977.517,29.5669,96.9299
978.474,29.6443,96.8795
979.432,29.722,96.8318
980.392,29.7982,96.783
981.354,29.8747,96.7369
982.318,29.95,96.6924
983.284,30.0253,96.6479
984.252,30.0977,96.6038
985.222,30.1718,96.5609
986.193,30.2446,96.5195
987.167,30.3174,96.4782
988.142,30.3902,96.4368
989.12,30.4617,96.397
990.099,30.5361,96.3567
991.08,30.6076,96.3169
992.063,30.6779,96.2786
993.049,30.7494,96.2387
994.036,30.8196,96.2004
995.025,30.8899,96.1621
996.016,30.9618,96.1249
997.009,31.0308,96.0882
998.004,31.101,96.0498
999.001,31.17,96.013
1000,31.2406,95.9773
1001,31.3095,95.9405
1002,31.3784,95.9036
1003.01,31.4474,95.8667
1004.02,31.5151,95.8314
1005.03,31.584,95.7945
1006.04,31.6516,95.7591
1007.05,31.7193,95.7238
1008.06,31.7881,95.6868
1009.08,31.8546,95.653
1010.1,31.9222,95.6176
1011.12,31.9886,95.5837
1012.15,32.055,95.5499
1013.17,32.1214,95.516
1014.2,32.1866,95.4838
1015.23,32.2506,95.4531
1016.26,32.313,95.4213
1017.29,32.3758,95.3922
1018.33,32.4375,95.3648
1019.37,32.4991,95.3373
1020.41,32.5596,95.3114
1021.45,32.6177,95.2888
1022.49,32.6758,95.2662
1023.54,32.7327,95.2452
1024.59,32.7884,95.2258
1025.64,32.843,95.208
1026.69,32.8964,95.1919
1027.75,32.9487,95.1773
1028.81,33.0009,95.1628
1029.87,33.0508,95.1515
1030.93,33.1024,95.1413
1031.99,33.1511,95.1316
1033.06,33.2004,95.1247
1034.13,33.2479,95.1167
1035.2,33.296,95.1114
1036.27,33.3429,95.1077
1037.34,33.3898,95.1041
1038.42,33.4367,95.1004
1039.5,33.4841,95.0995
1040.58,33.5315,95.0986
1041.67,33.5761,95.0982
1042.75,33.624,95.1
1043.84,33.6702,95.1007
1044.93,33.7181,95.1026
1046.03,33.7648,95.1061
1047.12,33.8115,95.1096
1048.22,33.8599,95.1142
1049.32,33.9067,95.1177
1050.42,33.9551,95.1223
1051.52,34.0023,95.1285
1052.63,34.0496,95.1347
1053.74,34.0963,95.1382
1054.85,34.1436,95.1444
1055.97,34.1892,95.1494
1057.08,34.2348,95.1545
1058.2,34.2805,95.1595
1059.32,34.3261,95.1645
1060.45,34.3685,95.1672
1061.57,34.4125,95.1711
1062.7,34.4532,95.1726
1063.83,34.4955,95.1753
1064.96,34.5358,95.174
1066.1,34.5732,95.1732
1067.24,34.6118,95.1707
1068.38,34.6476,95.1687
1069.52,34.6828,95.164
1070.66,34.7181,95.1592
1071.81,34.7501,95.1521
1072.96,34.7821,95.145
1074.11,34.8129,95.1395
1075.27,34.8416,95.1301
1076.43,34.8692,95.1223
1077.59,34.8978,95.1129
1078.75,34.9237,95.1039
1079.91,34.9468,95.0955
1081.08,34.9699,95.087
1082.25,34.993,95.0786
1083.42,35.0144,95.069
1084.6,35.0335,95.0627
1085.78,35.0521,95.0536
1086.96,35.0696,95.0461
1088.14,35.0859,95.0403
1089.32,35.1006,95.0334
1090.51,35.1141,95.0281
1091.7,35.1276,95.0227
1092.9,35.1394,95.0163
1094.09,35.1501,95.0115
1095.29,35.1609,95.0067
1096.49,35.1704,95.0035
1097.69,35.1783,94.9992
1098.9,35.1851,94.9965
1100.11,35.193,94.9922
1101.32,35.1997,94.9896
1102.54,35.2048,94.9858
1103.75,35.2088,94.9836
1104.97,35.2127,94.9815
1106.19,35.2167,94.9793
1107.42,35.2206,94.9772
1108.65,35.2218,94.9755
1109.88,35.2257,94.9733
1111.11,35.2269,94.9717
1112.35,35.2269,94.9717
1113.59,35.228,94.97
1114.83,35.2264,94.9689
1116.07,35.2264,94.9689
1117.32,35.2247,94.9677
1118.57,35.2219,94.9682
1119.82,35.2203,94.9671
1121.08,35.2175,94.9676
1122.33,35.2135,94.9697
1123.6,35.2107,94.9703
1124.86,35.2051,94.9713
1126.13,35.2012,94.9734
1127.4,35.1944,94.9761
1128.67,35.1877,94.9787
1129.94,35.1809,94.9814
1131.22,35.1742,94.984
1132.5,35.1662,94.9883
1133.79,35.1572,94.9943
1135.07,35.1476,94.9975
1136.36,35.1374,95.0051
1137.66,35.1284,95.011
1138.95,35.1165,95.0175
1140.25,35.1047,95.024
1141.55,35.0945,95.0316
1142.86,35.0814,95.0397
1144.16,35.0696,95.0461
1145.48,35.0566,95.0542
1146.79,35.0424,95.064
1148.11,35.0277,95.0709
1149.43,35.0147,95.0791
1150.75,35.0006,95.0888
1152.07,34.9847,95.0974
1153.4,34.9701,95.1044
1154.73,34.9559,95.1141
1156.07,34.9412,95.1211
1157.41,34.9254,95.1297
1158.75,34.9107,95.1366
1160.09,34.8944,95.1424
1161.44,34.8786,95.151
1162.79,34.8623,95.1568
1164.14,34.8476,95.1637
1165.5,34.8313,95.1695
1166.86,34.8149,95.1753
1168.22,34.797,95.1799
1169.59,34.7806,95.1857
1170.96,34.7627,95.1903
1172.33,34.7447,95.1949
1173.71,34.7267,95.1996
1175.09,34.7087,95.2042
1176.47,34.6891,95.2077
1177.86,34.6695,95.2111
1179.25,34.6471,95.2151
1180.64,34.6274,95.2185
1182.03,34.605,95.2225
1183.43,34.5809,95.2253
1184.83,34.5568,95.2281
1186.24,34.5328,95.2309
1187.65,34.507,95.2325
1189.06,34.4801,95.2358
1190.48,34.4516,95.2379
1191.9,34.4231,95.24
1193.32,34.3929,95.2409
1194.74,34.3599,95.2424
1196.17,34.327,95.2438
1197.6,34.2923,95.2441
1199.04,34.2566,95.246
1200.48,34.2192,95.2467
1201.92,34.1817,95.2475
1203.37,34.1415,95.2487
1204.82,34.1013,95.2499
1206.27,34.0583,95.2516
1207.73,34.0136,95.2521
1209.19,33.969,95.2526
1210.65,33.9215,95.2536
1212.12,33.8741,95.2546
1213.59,33.8255,95.2572
1215.07,33.7752,95.2586
1216.55,33.725,95.26
1218.03,33.6719,95.2619
1219.51,33.6189,95.2638
1221,33.5658,95.2657
1222.49,33.51,95.268
1223.99,33.4542,95.2703
1225.49,33.3967,95.2715
1226.99,33.3397,95.2754
1228.5,33.2811,95.2781
1230.01,33.2209,95.2797
1231.53,33.1594,95.2829
1233.05,33.0992,95.2844
1234.57,33.0378,95.2876
1236.09,32.9736,95.2912
1237.62,32.9106,95.2931
1239.16,32.8475,95.2951
1240.69,32.7834,95.2986
1242.24,32.7175,95.301
1243.78,32.6517,95.3033
1245.33,32.5859,95.3056
1246.88,32.5185,95.3067
1248.44,32.4511,95.3078
1250,32.3825,95.3106
1251.56,32.3151,95.3116
1253.13,32.2477,95.3127
1254.71,32.1786,95.3125
1256.28,32.1085,95.314
1257.86,32.0394,95.3138
1259.45,31.9688,95.3124
1261.03,31.8982,95.311
1262.63,31.8276,95.3095
1264.22,31.757,95.3081
1265.82,31.6864,95.3066
1267.43,31.6158,95.3051
1269.04,31.5447,95.3008
1270.65,31.4737,95.2964
1272.26,31.4027,95.292
1273.89,31.3317,95.2876
1275.51,31.2607,95.2832
1277.14,31.1893,95.276
1278.77,31.1179,95.2687
1280.41,31.0481,95.2626
1282.05,30.9779,95.2537
1283.7,30.9061,95.2436
1285.35,30.8371,95.233
1287,30.7681,95.2224
1288.66,30.6975,95.2106
1290.32,30.6281,95.1971
1291.99,30.5587,95.1837
1293.66,30.4877,95.169
1295.34,30.4168,95.1544
1297.02,30.3458,95.1397
1298.7,30.2749,95.1249
1300.39,30.2035,95.1074
1302.08,30.131,95.0915
1303.78,30.0585,95.0755
1305.48,29.9861,95.0596
1307.19,29.912,95.0424
1308.9,29.8352,95.0256
1310.62,29.7612,95.0084
1312.34,29.6828,94.9904
1314.06,29.6048,94.9752
1315.79,29.5253,94.9587
1317.52,29.4442,94.9411
1319.26,29.3631,94.9234
1321,29.278,94.9077
1322.75,29.1926,94.8892
1324.5,29.106,94.8723
1326.26,29.0178,94.8542
1328.02,28.9269,94.8364
1329.79,28.8355,94.8159
1331.56,28.7415,94.7957
1333.33,28.6458,94.7743
1335.11,28.549,94.7544
1336.9,28.4502,94.7306
1338.69,28.3503,94.7083
1340.48,28.25,94.6832
1342.28,28.1486,94.6596
1344.09,28.0456,94.6348
1345.9,27.941,94.6088
1347.71,27.8361,94.5799
1349.53,27.7316,94.5538
1351.35,27.6268,94.5249
1353.18,27.5193,94.4963
1355.01,27.4145,94.4673
1356.85,27.3086,94.4399
1358.7,27.204,94.4108
1360.54,27.1006,94.38
1362.4,26.9976,94.3521
1364.26,26.8959,94.3225
1366.12,26.7942,94.2928
1367.99,26.6957,94.2655
1369.86,26.5956,94.237
1371.74,26.5012,94.2077
1373.63,26.4056,94.1799
1375.52,26.3112,94.1505
1377.41,26.2169,94.1211
1379.31,26.1253,94.0913
1381.22,26.0323,94.0602
1383.13,25.9408,94.0303
1385.04,25.849,93.9976
1386.96,25.7573,93.9649
1388.89,25.6667,93.9306
1390.82,25.5735,93.8967
1392.76,25.4815,93.8611
1394.7,25.3895,93.8255
1396.65,25.2973,93.7871
1398.6,25.2038,93.7503
1400.56,25.1101,93.7106
1402.52,25.0136,93.6714
1404.49,24.9184,93.6305
1406.47,24.8216,93.5884
1408.45,24.7234,93.545
1410.44,24.6252,93.5017
1412.43,24.5243,93.4586
1414.43,24.4247,93.414
1416.43,24.3208,93.3685
1418.44,24.2182,93.3214
1420.45,24.1128,93.2747
1422.48,24.0076,93.2279
1424.5,23.9008,93.1798
1426.53,23.7926,93.1306
1428.57,23.6844,93.0813
1430.62,23.5747,93.0307
1432.66,23.4639,92.9817
1434.72,23.3529,92.9299
1436.78,23.2403,92.8769
1438.85,23.1294,92.825
1440.92,23.0155,92.7707
1443,22.9016,92.7163
1445.09,22.7878,92.6619
1447.18,22.6726,92.6063
1449.28,22.5586,92.5491
1451.38,22.4448,92.4919
1453.49,22.3294,92.4334
1455.6,22.2127,92.3737
1457.73,22.0987,92.3136
1459.85,21.9833,92.2523
1461.99,21.8664,92.1897
1464.13,21.7497,92.1272
1466.28,21.6342,92.063
1468.43,21.5185,91.9961
1470.59,21.4044,91.9304
1472.75,21.2874,91.8623
1474.93,21.1732,91.7938
1477.1,21.0575,91.724
1479.29,20.9429,91.65
1481.48,20.8286,91.5787
1483.68,20.7141,91.5047
1485.88,20.601,91.4291
1488.1,20.4864,91.3523
1490.31,20.3732,91.274
1492.54,20.26,91.1957
1494.77,20.1467,91.1146
1497.01,20.0334,91.0335
1499.25,19.9215,90.9509
1501.5,19.8082,90.8671
1503.76,19.6964,90.7845
1506.02,19.583,90.698
1508.3,19.4712,90.6126
1510.57,19.358,90.5261
1512.86,19.2476,90.4392
1515.15,19.1344,90.35
1517.45,19.0227,90.2619
1519.76,18.9124,90.1724
1522.07,18.7995,90.0831
1524.39,18.6879,89.9923
1526.72,18.5764,89.9016
1529.05,18.4623,89.8111
1531.39,18.351,89.7203
1533.74,18.2384,89.6284
1536.1,18.1259,89.5364
1538.46,18.015,89.4456
1540.83,17.9012,89.3524
1543.21,17.789,89.2605
1545.6,17.677,89.1685
1547.99,17.5648,89.0738
1550.39,17.453,88.9819
1552.8,17.3398,88.8887
1555.21,17.2282,88.7967
1557.63,17.1165,88.7021
1560.06,17.0036,88.6089
1562.5,16.8921,88.5142
1564.95,16.7822,88.4208
1567.4,16.671,88.3262
1569.86,16.5598,88.2315
1572.33,16.45,88.1354
1574.8,16.3391,88.0408
1577.29,16.2296,87.9447
1579.78,16.1216,87.8499
1582.28,16.0122,87.7538
1584.79,15.903,87.6577
1587.3,15.7966,87.5615
1589.83,15.6888,87.464
1592.36,15.5826,87.3677
1594.9,15.4762,87.2688
1597.44,15.3715,87.1711
1600,15.2654,87.0722
1602.56,15.1621,86.9731
1605.14,15.0588,86.874
1607.72,14.957,86.7735
1610.31,14.854,86.6744
1612.9,14.7535,86.5725
1615.51,14.652,86.4721
1618.12,14.5518,86.3702
1620.75,14.4529,86.2669
1623.38,14.3541,86.1637
1626.02,14.2554,86.0604
1628.66,14.1581,85.9558
1631.32,14.0622,85.8524
1633.99,13.9651,85.7478
1636.66,13.8707,85.6431
1639.34,13.7751,85.5372
1642.04,13.6809,85.4325
1644.74,13.5866,85.3252
1647.45,13.4951,85.2177
1650.17,13.4025,85.1117
1652.89,13.3112,85.0043
1655.63,13.22,84.897
1658.37,13.1301,84.7882
1661.13,13.0404,84.6796
1663.89,12.9507,84.5709
1666.67,12.8611,84.4623
1669.45,12.7729,84.3523
1672.24,12.6848,84.2424
1675.04,12.5968,84.1325
1677.85,12.5114,84.0225
1680.67,12.4248,83.9113
1683.5,12.3383,83.8002
1686.34,12.252,83.6891
1689.19,12.1683,83.5778
1692.05,12.0821,83.4668
1694.92,11.9972,83.3544
1697.79,11.9125,83.2421
1700.68,11.8278,83.1299
1703.58,11.7433,83.0177
1706.48,11.6601,82.9041
1709.4,11.5744,82.7908
1712.33,11.4913,82.6774
1715.27,11.4071,82.5628
1718.21,11.3231,82.4508
1721.17,11.239,82.3363
1724.14,11.155,82.2219
1727.12,11.0712,82.1075
1730.1,10.9874,81.9932
1733.1,10.9038,81.8789
1736.11,10.8203,81.7647
1739.13,10.7355,81.6493
1742.16,10.6509,81.534
1745.2,10.5663,81.4187
1748.25,10.4819,81.3035
1751.31,10.3976,81.1883
1754.39,10.312,81.072
1757.47,10.2265,80.9557
1760.56,10.14,80.8409
1763.67,10.0548,80.7247
1766.78,9.96849,80.61
1769.91,9.88215,80.4928
1773.05,9.79474,80.3769
1776.2,9.70865,80.2598
1779.36,9.62148,80.144
1782.53,9.53442,80.0284
1785.71,9.44734,79.9102
1788.91,9.35919,79.7934
1792.11,9.27236,79.6754
1795.33,9.18445,79.5587
1798.56,9.09667,79.4421
1801.8,9.00887,79.323
1805.05,8.92134,79.2065
1808.32,8.83379,79.0875
1811.59,8.74517,78.9699
1814.88,8.65787,78.851
1818.18,8.57069,78.7322
1821.49,8.48113,78.6136
1824.82,8.39421,78.4948
1828.15,8.30609,78.375
1831.5,8.21942,78.2564
1834.86,8.13156,78.1367
1838.24,8.04383,78.017
1841.62,7.95741,77.8961
1845.02,7.86863,77.7753
1848.43,7.78247,77.6545
1851.85,7.69525,77.535
1855.29,7.60804,77.4132
1858.74,7.52096,77.2913
1862.2,7.43532,77.1708
1865.67,7.3485,77.049
1869.16,7.263,76.9261
1872.66,7.17644,76.8045
1876.17,7.0899,76.6805
1879.7,7.00361,76.559
1883.24,6.91863,76.4363
1886.79,6.83249,76.3125
1890.36,6.74778,76.19
1893.94,6.6619,76.0663
1897.53,6.57616,75.9426
1901.14,6.49174,75.8178
1904.76,6.40626,75.6943
1908.4,6.3221,75.5696
1912.05,6.2368,75.4438
1915.71,6.15173,75.3205
1919.39,6.06669,75.1948
1923.08,5.98425,75.0691
1926.78,5.89948,74.9435
1930.5,5.81485,74.818
1934.24,5.73154,74.6913
1937.98,5.64836,74.5647
1941.75,5.56532,74.4382
1945.53,5.48241,74.3117
1949.32,5.39964,74.1853
1953.12,5.31574,74.0578
1956.95,5.23324,73.9315
1960.78,5.15079,73.8029
1964.64,5.06974,73.6755
1968.5,4.98639,73.5483
1972.39,4.90561,73.4211
1976.28,4.82372,73.2928
1980.2,4.74196,73.1646
1984.13,4.66158,73.0376
1988.07,4.5801,72.9095
1992.03,4.49875,72.7814
1996.01,4.41754,72.6535
2000,4.33647,72.5256
2004.01,4.25678,72.399
2008.03,4.17591,72.2689
2012.07,4.09526,72.1413
2016.13,4.01474,72.0137
2020.2,3.93436,71.8862
2024.29,3.85528,71.7576
2028.4,3.77395,71.6291
2032.52,3.69399,71.5018
2036.66,3.61294,71.3735
2040.82,3.53203,71.2452
2044.99,3.45126,71.117
2049.18,3.37064,70.9889
2053.39,3.29015,70.8609
2057.61,3.20981,70.7329
2061.86,3.12723,70.6051
2066.12,3.0448,70.4773
2070.39,2.96489,70.3496
2074.69,2.88159,70.2232
2079,2.79959,70.0956
2083.33,2.71654,69.967
2087.68,2.63367,69.8408
2092.05,2.5486,69.7148
2096.44,2.46483,69.5876
2100.84,2.38006,69.4616
2105.26,2.29424,69.3346
2109.7,2.20741,69.2088
2114.16,2.12075,69.0831
2118.64,2.03308,68.9587
2123.14,1.94437,68.8332
2127.66,1.85467,68.7089
2132.2,1.76395,68.5835
2136.75,1.67223,68.4594
2141.33,1.58068,68.3353
2145.92,1.4858,68.2125
2150.54,1.39224,68.0885
2155.17,1.29537,67.9658
2159.83,1.19867,67.8431
2164.5,1.09982,67.7205
2169.2,0.999991,67.5992
2173.91,0.898017,67.4778
2178.65,0.796213,67.3542
2183.41,0.693441,67.2318
2188.18,0.588538,67.1095
2192.98,0.48498,66.986
2197.8,0.379299,66.8625
2202.64,0.273808,66.7368
2207.51,0.16736,66.6099
2212.39,0.0611148,66.4831
2217.29,-0.0460792,66.3529
2222.22,-0.151911,66.2215
2227.17,-0.25868,66.0891
2232.14,-0.364084,65.9556
2237.14,-0.470409,65.8186
2242.15,-0.576503,65.6794
2247.19,-0.681221,65.5392
2252.25,-0.784551,65.3956
2257.34,-0.888787,65.2509
2262.44,-0.990475,65.1017
2267.57,-1.09078,64.9515
2272.73,-1.19083,64.7991
2277.9,-1.28947,64.6434
2283.11,-1.38558,64.4856
2288.33,-1.47915,64.3256
2293.58,-1.57247,64.1635
2298.85,-1.66325,63.9993
2304.15,-1.75261,63.8318
2309.47,-1.84063,63.6657
2314.81,-1.92724,63.4963
2320.19,-2.01247,63.326
2325.58,-2.09632,63.1548
2331,-2.17879,62.9826
2336.45,-2.25879,62.8106
2341.92,-2.33967,62.6377
2347.42,-2.41808,62.465
2352.94,-2.49513,62.2914
2358.49,-2.56973,62.118
2364.07,-2.64525,61.9458
2369.67,-2.71833,61.774
2375.3,-2.78897,61.6023
2380.95,-2.86163,61.4308
2386.63,-2.93078,61.2607
2392.34,-3.00082,61.0896
2398.08,-3.07064,60.9187
2403.85,-3.14139,60.7491
2409.64,-3.20974,60.5797
2415.46,-3.28008,60.4104
2421.31,-3.35128,60.2402
2427.18,-3.4234,60.0713
2433.09,-3.49643,59.9036
2439.02,-3.57031,59.7349
2444.99,-3.64728,59.5674
2450.98,-3.72508,59.399
2457,-3.80476,59.2285
2463.05,-3.88644,59.0602
2469.14,-3.96998,58.8899
2475.25,-4.05536,58.7176
2481.39,-4.14264,58.5453
2487.56,-4.23182,58.3731
2493.77,-4.32064,58.1989
2500,-4.41134,58.0248
2506.27,-4.50382,57.8486
2512.56,-4.59602,57.6726
2518.89,-4.68782,57.4947
2525.25,-4.78036,57.3158
2531.65,-4.8726,57.137
2538.07,-4.96341,56.9575
2544.53,-5.05384,56.7759
2551.02,-5.14395,56.5946
2557.54,-5.23153,56.4114
2564.1,-5.31669,56.2286
2570.69,-5.40045,56.0449
2577.32,-5.48168,55.8594
2583.98,-5.56052,55.6743
2590.67,-5.63696,55.4895
2597.4,-5.71091,55.3029
2604.17,-5.78248,55.1166
2610.97,-5.85169,54.9308
2617.8,-5.91953,54.7441
2624.67,-5.98601,54.5567
2631.58,-6.05004,54.3676
2638.52,-6.11271,54.1778
2645.5,-6.17304,53.9884
2652.52,-6.23302,53.7971
2659.57,-6.29166,53.6052
2666.67,-6.34895,53.4126
2673.8,-6.40381,53.2183
2680.97,-6.45844,53.0243
2688.17,-6.51065,52.8287
2695.42,-6.5625,52.6313
2702.7,-6.61097,52.4334
2710.03,-6.65909,52.2338
2717.39,-6.70589,52.0336
2724.8,-6.7503,51.8317
2732.24,-6.79341,51.6293
2739.73,-6.83522,51.4263
2747.25,-6.87466,51.2217
2754.82,-6.91388,51.0175
2762.43,-6.95277,50.8117
2770.08,-6.98943,50.6064
2777.78,-7.02589,50.4014
2785.52,-7.06201,50.1948
2793.3,-7.09807,49.9906
2801.12,-7.13485,49.7857
2808.99,-7.17251,49.5821
2816.9,-7.20903,49.3799
2824.86,-7.24733,49.178
2832.86,-7.28543,48.9764
2840.91,-7.32438,48.7761
2849,-7.36326,48.5782
2857.14,-7.40285,48.3795
2865.33,-7.44327,48.1822
2873.56,-7.48348,47.9851
2881.84,-7.52347,47.7884
2890.17,-7.56324,47.5921
2898.55,-7.60384,47.397
2906.98,-7.64317,47.2014
2915.45,-7.68139,47.0072
2923.98,-7.72133,46.8132
2932.55,-7.76,46.6186
2941.18,-7.79652,46.4246
2949.85,-7.83475,46.2307
2958.58,-7.87084,46.0373
2967.36,-7.90672,45.8444
2976.19,-7.94135,45.6508
2985.07,-7.97472,45.4568
2994.01,-8.00789,45.2632
3003,-8.03791,45.0692
3012.05,-8.06861,44.8745
3021.15,-8.09513,44.6787
3030.3,-8.12044,44.4824
3039.51,-8.1435,44.2847
3048.78,-8.16346,44.0868
3058.1,-8.18207,43.8865
3067.48,-8.1976,43.686
3076.92,-8.21179,43.4832
3086.42,-8.22191,43.2794
3095.98,-8.23189,43.0759
3105.59,-8.23971,42.8713
3115.26,-8.24639,42.6663
3125,-8.25294,42.4617
3134.8,-8.25937,42.2576
3144.65,-8.26669,42.0548
3154.57,-8.27388,41.8525
3164.56,-8.28113,41.6524
3174.6,-8.29008,41.4527
3184.71,-8.2999,41.2542
3194.89,-8.30959,41.0561
3205.13,-8.32032,40.8612
3215.43,-8.33173,40.6656
3225.81,-8.34399,40.4714
3236.25,-8.35629,40.2793
3246.75,-8.37124,40.0883
3257.33,-8.38522,39.8988
3267.97,-8.40103,39.7112
3278.69,-8.41946,39.5247
3289.47,-8.43691,39.3395
3300.33,-8.45716,39.1571
3311.26,-8.47821,38.9759
3322.26,-8.50026,38.7976
3333.33,-8.52488,38.6203
3344.48,-8.55146,38.4467
3355.7,-8.58058,38.274
3367,-8.61066,38.1042
3378.38,-8.6425,37.9363
3389.83,-8.67432,37.7704
3401.36,-8.70768,37.6046
3412.97,-8.74005,37.4401
3424.66,-8.77318,37.2766
3436.43,-8.80416,37.1119
3448.28,-8.83416,36.9485
3460.21,-8.86107,36.7831
3472.22,-8.88681,36.6173
3484.32,-8.90774,36.4497
3496.5,-8.92637,36.2792
3508.77,-8.93927,36.1063
3521.13,-8.94839,35.9324
3533.57,-8.95237,35.7535
3546.1,-8.95241,35.5721
3558.72,-8.94874,35.3898
3571.43,-8.9419,35.204
3584.23,-8.9314,35.0175
3597.12,-8.91967,34.829
3610.11,-8.90505,34.6387
3623.19,-8.88849,34.4476
3636.36,-8.87168,34.2553
3649.64,-8.85388,34.0627
3663,-8.83678,33.8698
3676.47,-8.81869,33.6767
3690.04,-8.80129,33.4832
3703.7,-8.78478,33.2909
3717.47,-8.7715,33.0988
3731.34,-8.76001,32.9086
3745.32,-8.75263,32.7192
3759.4,-8.74955,32.5322
3773.58,-8.74889,32.3463
3787.88,-8.75317,32.1618
3802.28,-8.75983,31.9782
3816.79,-8.76884,31.7957
3831.42,-8.78088,31.6131
3846.15,-8.79432,31.4308
3861,-8.80984,31.2479
3875.97,-8.82583,31.0645
3891.05,-8.84226,30.8807
3906.25,-8.85983,30.6955
3921.57,-8.8776,30.5083
3937.01,-8.89602,30.3224
3952.57,-8.91463,30.1344
3968.25,-8.93364,29.946
3984.06,-8.95282,29.7557
4000,-8.97172,29.5659
4016.06,-8.99077,29.3742
4032.26,-9.01019,29.1821
4048.58,-9.02909,28.989
4065.04,-9.0468,28.7958
4081.63,-9.06464,28.6008
4098.36,-9.08282,28.4054
4115.23,-9.09806,28.2086
4132.23,-9.11212,28.0119
4149.38,-9.12541,27.8126
4166.67,-9.13515,27.613
4184.1,-9.14089,27.41
4201.68,-9.14201,27.2045
4219.41,-9.13657,26.9939
4237.29,-9.12251,26.7793
4255.32,-9.10029,26.5585
4273.5,-9.06961,26.3339
4291.85,-9.03459,26.1071
4310.34,-8.99785,25.8801
4329,-8.96109,25.6541
4347.83,-8.92456,25.4304
4366.81,-8.88971,25.2089
4385.96,-8.85592,24.9904
4405.29,-8.82403,24.7754
4424.78,-8.79293,24.5619
4444.44,-8.76369,24.3519
4464.29,-8.73714,24.1458
4484.3,-8.71158,23.9426
4504.5,-8.69063,23.7423
4524.89,-8.67172,23.5467
4545.45,-8.65817,23.3545
4566.21,-8.64937,23.1664
4587.16,-8.64633,22.9843
4608.29,-8.65096,22.807
4629.63,-8.66181,22.6349
4651.16,-8.67724,22.4666
4672.9,-8.69614,22.3002
4694.84,-8.71445,22.1329
4716.98,-8.72976,21.9631
4739.34,-8.73592,21.7879
4761.9,-8.72526,21.5998
4784.69,-8.68862,21.3939
4807.69,-8.61729,21.1634
4830.92,-8.5181,20.9129
4854.37,-8.39911,20.6502
4878.05,-8.27862,20.3842
4901.96,-8.16751,20.1256
4926.11,-8.08046,19.8822
4950.5,-8.02496,19.66
4975.12,-8.00006,19.4595
5000,-7.99527,19.2723
5025.13,-8.00284,19.0933
5050.51,-8.01533,18.9184
5076.14,-8.02669,18.7437
5102.04,-8.03015,18.5647
5128.21,-8.01828,18.3766
5154.64,-7.98302,18.1742
5181.35,-7.91677,17.9539
5208.33,-7.82369,17.7182
5235.6,-7.70993,17.4703
5263.16,-7.58489,17.2173
5291.01,-7.46086,16.9661
5319.15,-7.35122,16.7275
5347.59,-7.26824,16.5085
5376.34,-7.20835,16.3057
5405.41,-7.16042,16.1138
5434.78,-7.11306,15.9252
5464.48,-7.05602,15.7315
5494.51,-6.974,15.5245
5524.86,-6.85648,15.2977
5555.56,-6.71861,15.0606
5586.59,-6.58053,14.8262
5617.98,-6.457,14.6041
5649.72,-6.35522,14.4
5681.82,-6.27781,14.2146
5714.29,-6.21755,14.0449
5747.13,-6.16763,13.8866
5780.35,-6.12247,13.7349
5813.95,-6.0777,13.5878
5847.95,-6.02947,13.4428
5882.35,-5.97228,13.2973
5917.16,-5.89628,13.1429
5952.38,-5.77126,12.9618
5988.02,-5.57038,12.736
6024.1,-5.37868,12.5197
6060.61,-5.2437,12.3451
6097.56,-5.14669,12.1994
6134.97,-5.06977,12.0699
6172.84,-5.00438,11.9518
6211.18,-4.94574,11.8403
6250,-4.89357,11.7343
6289.31,-4.84758,11.6301
6329.11,-4.8071,11.5273
6369.43,-4.77303,11.4233
6410.26,-4.74645,11.3162
6451.61,-4.72765,11.203
6493.51,-4.71994,11.0811
6535.95,-4.72424,10.9463
6578.95,-4.73801,10.8021
6622.52,-4.75808,10.6558
6666.67,-4.77263,10.5216
6711.41,-4.75516,10.4409
6756.76,-4.56085,10.636
6802.72,-4.23486,11.0199
6849.32,-4.14026,11.059
6896.55,-4.11569,10.9968
6944.44,-4.11263,10.9015
6993.01,-4.11627,10.7931
7042.25,-4.12091,10.6786
7092.2,-4.12048,10.5622
7142.86,-4.1113,10.4445
7194.24,-4.08816,10.3229
7246.38,-4.03957,10.1911
7299.27,-3.94702,10.034
7352.94,-3.76889,9.82274
7407.41,-3.53092,9.57269
7462.69,-3.37765,9.384
7518.8,-3.27171,9.23089
7575.76,-3.18035,9.09135
7633.59,-3.0901,8.95587
7692.31,-2.99075,8.81555
7751.94,-2.85581,8.65186
7812.5,-2.61998,8.41536
7874.02,-2.36196,8.16187
7936.51,-2.22518,7.99966
8000,-2.12496,7.86622
8064.52,-2.03489,7.74182
8130.08,-1.94448,7.61842
8196.72,-1.84972,7.49213
8264.46,-1.75014,7.36385
8333.33,-1.64715,7.23383
8403.36,-1.5405,7.10174
8474.58,-1.43075,6.96718
8547.01,-1.31615,6.82924
8620.69,-1.19867,6.68999
8695.65,-1.0843,6.55298
8771.93,-0.976571,6.42259
8849.56,-0.874789,6.29767
8928.57,-0.776491,6.17617
9009.01,-0.680913,6.05877
9090.91,-0.586512,5.94406
9174.31,-0.493261,5.83198
9259.26,-0.399757,5.7218
9345.79,-0.303275,5.61084
9433.96,-0.199949,5.49578
9523.81,-0.0875413,5.37458
9615.38,0.031104,5.24875
9708.74,0.154565,5.11915
9803.92,0.283678,4.98561
9900.99,0.419685,4.84472
10000,0.563579,4.69437
10101,0.710774,4.53858
10204.1,0.848616,4.39244
10309.3,0.968631,4.26663
10416.7,1.07356,4.1595
10526.3,1.17192,4.06265
10638.3,1.27166,3.96725
10752.7,1.38204,3.86425
10869.6,1.52531,3.72061
10989,1.71792,3.50577
11111.1,1.83956,3.4063
11236,1.93853,3.35349
11363.6,2.03417,3.31357
11494.3,2.1307,3.27749
11627.9,2.23111,3.23997
11764.7,2.33779,3.19356
11904.8,2.46306,3.11477
12048.2,2.72992,2.71453
12195.1,2.84581,2.65223
12345.7,2.95691,2.6196
12500,3.07672,2.59773
12658.2,3.20921,2.58226
12820.5,3.35067,2.56807
12987,3.49329,2.54927
13157.9,3.6362,2.52114
13333.3,3.7845,2.47132
13513.5,4.06171,1.91354
13698.6,4.20063,1.88107
13888.9,4.33944,1.86295
14084.5,4.48147,1.85147
14285.7,4.62911,1.84504
14492.8,4.78206,1.84191
14705.9,4.94072,1.84129
14925.4,5.10199,1.84316
15151.5,5.26423,1.84642
15384.6,5.42648,1.85102
15625,5.58867,1.85707
15873,5.75315,1.86506
16129,5.91996,1.8751
16393.4,6.09005,1.88793
16666.7,6.26443,1.90432
16949.2,6.44432,1.92406
17241.4,6.62963,1.94882
17543.9,6.82242,1.98068
17857.1,7.02054,2.02122
18181.8,7.22259,2.07388
18518.5,7.42572,2.1438
18867.9,7.62649,2.23918
19230.8,7.81873,2.38036
19607.8,7.98347,2.65542
20000,8.05063,3.3823
