# source: refractiveindex.info database (CC0), main/ZnO/nk/Querry.yml
# freq_cm1,eps_real,eps_imag
180,7.08226,0.644688
190,7.26193,0.587946
200,7.41396,0.5886
210,7.56914,0.682992
220,7.68398,0.71595
230,7.83939,0.739992
240,7.99068,0.7641
250,8.18637,0.727456
260,8.4811,0.74041
270,8.81509,0.790552
280,9.19569,0.892584
290,9.61478,1.00602
300,10.1621,1.16225
310,10.7288,1.45765
320,11.3318,1.72851
330,12.0547,2.01375
340,13.2027,2.19489
350,15.1541,2.86212
360,17.5496,4.50172
370,20.8645,7.78334
380,22.5852,15.0048
390,20.5997,23.4547
400,12.2662,33.2503
410.001,-4.35016,35.129
420,-15.494,22.5291
430,-14.296,12.2863
439.999,-11.2777,7.16742
450,-8.46708,4.8091
460.001,-6.57466,3.74387
470,-5.34526,3.0912
480.001,-4.49103,2.58163
489.999,-3.83323,2.11109
500,-3.25992,1.67862
510.001,-2.71879,1.30022
519.999,-2.2089,0.998432
530.001,-1.7407,0.7722
540.001,-1.32553,0.598932
550.001,-0.946305,0.472472
560.001,-0.613899,0.38446
569.999,-0.319077,0.320436
579.999,-0.06768,0.278702
589.998,0.150944,0.231
599.999,0.375057,0.191824
610.002,0.5696,0.19125
620.001,0.725781,0.18898
630.001,0.866687,0.181584
640,1.00009,0.178712
650.001,1.12257,0.182836
660.001,1.22283,0.186312
669.999,1.31561,0.1909
679.999,1.39293,0.191646
689.998,1.4706,0.18225
700.001,1.54674,0.189392
710,1.61265,0.185712
719.999,1.67429,0.189216
730.002,1.72945,0.187014
740.001,1.77746,0.18423
750.002,1.82922,0.173312
760,1.88678,0.1705
770.001,1.93382,0.172608
780.001,1.97849,0.177408
790.002,2.01824,0.176328
800,2.05813,0.180936
809.999,2.09286,0.179552
820.001,2.12776,0.18104
830,2.16589,0.182652
839.997,2.1979,0.195888
850,2.21859,0.199794
860.001,2.24224,0.206862
869.996,2.25725,0.207552
880.003,2.27534,0.20838
889.996,2.29074,0.20301
900.001,2.3153,0.19799
910.001,2.33043,0.201696
919.997,2.34624,0.190092
929.999,2.37096,0.188002
940,2.3864,0.188612
950.001,2.41143,0.183372
959.997,2.42676,0.190198
969.998,2.43624,0.18744
979.998,2.45828,0.185142
990.001,2.47363,0.195176
1000,2.47388,0.18888
1010,2.48672,0.183048
1020,2.50581,0.180576
1030,2.51203,0.183976
1040,2.51883,0.171504
1050,2.53176,0.165568
1060,2.54791,0.1597
1070,2.5608,0.156898
1080,2.57362,0.15729
1090,2.58336,0.154368
1100,2.59008,0.1449
1110,2.60629,0.14212
1120,2.61599,0.142384
1129.99,2.62579,0.139406
1140,2.63553,0.139664
1149.99,2.64545,0.133414
1160,2.6553,0.1304
1170,2.6717,0.12753
1180,2.68136,0.134316
1189.99,2.688,0.1312
1200,2.69785,0.13144
1209.99,2.70121,0.128232
1220,2.71768,0.128622
1230,2.72404,0.138684
1240,2.7176,0.13192
1250,2.73435,0.122396
1260,2.7375,0.12909
1270,2.74428,0.122618
1280,2.75091,0.122766
1290.01,2.75755,0.122914
1300,2.7642,0.123062
1310,2.77078,0.12654
1319.99,2.77419,0.123284
1330,2.77759,0.120024
1340,2.79102,0.11697
1350,2.79748,0.127148
1369.99,2.78753,0.12358
1380,2.79777,0.113764
1390.01,2.81124,0.110682
1399.99,2.81774,0.120888
1410,2.81117,0.114036
1419.99,2.82797,0.114376
1430,2.82797,0.114376
1440.01,2.83133,0.114444
1449.99,2.82474,0.107584
1460,2.83489,0.104408
1470,2.83826,0.10447
1479.99,2.84844,0.10128
1490,2.8619,0.104904
1499.99,2.85852,0.104842
1510,2.86874,0.10164
1520.01,2.87213,0.1017
1530.01,2.87213,0.1017
1540,2.8857,0.10194
1550,2.8959,0.10212
1559.99,2.89572,0.112332
1570.01,2.88564,0.105338
1580,2.89244,0.105462
1590,2.89244,0.105462
1600,2.8959,0.10212
1609.99,2.90613,0.1023
1620.01,2.90954,0.10236
1629.99,2.90959,0.098948
1639.99,2.9199,0.095704
1650,2.92998,0.106144
1660,2.92314,0.10602
1670.01,2.93347,0.10278
1679.99,2.93341,0.106206
1689.99,2.93004,0.10272
1699.99,2.94369,0.106392
1709.99,2.93677,0.109696
1719.99,2.93335,0.109632
1730.01,2.93341,0.106206
1740.01,2.93347,0.10278
1750,2.93359,0.095928
1760.01,2.95079,0.092772
1770.01,2.9645,0.096432
1779.99,2.96789,0.099934
1790,2.97128,0.10344
1799.99,2.97128,0.10344
1809.99,2.97818,0.10356
1820,2.97473,0.1035
1829.99,2.98163,0.10362
1839.99,2.98842,0.110656
1850,2.98151,0.110528
1860.02,2.97811,0.107012
1870,2.98848,0.107198
1880.02,2.98842,0.110656
1890,2.99188,0.11072
1899.98,2.99188,0.11072
1910,2.99527,0.114246
1920.01,2.99181,0.11418
1930.02,2.99527,0.114246
1940.01,2.99527,0.114246
1950,2.99527,0.114246
1960.02,3.0022,0.114378
1970.02,3.00567,0.114444
1980,3.0056,0.117912
1990.01,3.00546,0.124848
2000,2.9916,0.12456
2010.01,2.98829,0.117572
2020,2.98829,0.117572
2030,2.98835,0.114114
2039.98,2.99181,0.11418
2050.02,2.99527,0.114246
2059.99,2.99181,0.11418
2070.01,3.00227,0.110912
2080,2.99873,0.114312
2090,2.9988,0.110848
2100,2.99873,0.114312
2110.02,2.99527,0.114246
2119.99,2.99188,0.11072
2130.02,3.00227,0.110912
2140,2.99886,0.107384
2149.98,3.00926,0.10757
2160.01,3.0092,0.11104
2170,3.0092,0.11104
2179.98,3.01615,0.111168
2190,3.01615,0.111168
2199.98,3.01267,0.111104
2209.99,3.01615,0.111168
2220,3.00573,0.110976
2230,3.01267,0.111104
2239.99,3.01267,0.111104
2250.02,3.01621,0.107694
2259.99,3.01962,0.111232
2269.99,3.01962,0.111232
2279.98,3.01962,0.111232
2290.01,3.0231,0.111296
2300.01,3.01962,0.111232
2310,3.02658,0.11136
2320.02,3.03006,0.111424
2330.02,3.02303,0.114774
2340,3.01962,0.111232
2350.01,3.0231,0.111296
2359.99,3.03012,0.107942
2370.01,3.03354,0.111488
2379.99,3.03012,0.107942
2390,3.04045,0.115104
2399.98,3.03006,0.111424
2409.99,3.03354,0.111488
2420.02,3.04051,0.111616
2430.02,3.04045,0.115104
2439.98,3.03696,0.115038
2450.02,3.03696,0.115038
2460.02,3.03348,0.114972
2469.99,3.03354,0.111488
2479.97,3.04051,0.111616
2489.98,3.04394,0.11517
2500,3.03689,0.118524
2509.98,3.03348,0.114972
2519.97,3.04045,0.115104
2529.98,3.04045,0.115104
2540.01,3.04387,0.11866
2549.98,3.04387,0.11866
2559.97,3.04038,0.118592
2569.97,3.03341,0.118456
2579.98,3.02644,0.11832
2590,3.03348,0.114972
2599.97,3.04387,0.11866
2610.01,3.03689,0.118524
2620,3.02644,0.11832
2629.99,3.03696,0.115038
2639.99,3.04038,0.118592
2649.99,3.03341,0.118456
2660,3.02986,0.12187
2670.01,3.02644,0.11832
2680.03,3.03689,0.118524
2689.98,3.02637,0.1218
2700,3.02297,0.118252
2710.03,3.02644,0.11832
2719.98,3.02993,0.118388
2730,3.02637,0.1218
2740.03,3.02303,0.114774
2749.97,3.03689,0.118524
2759.99,3.02644,0.11832
2770.01,3.02993,0.118388
2780.02,3.01601,0.118116
2790.02,3.02651,0.11484
2800.02,3.02986,0.12187
2810.01,3.01254,0.118048
2820,3.01955,0.114708
2829.98,3.02637,0.1218
2840.02,3.01247,0.12152
2849.98,3.0056,0.117912
2860,2.99873,0.114312
2870.02,3.00567,0.114444
2880.02,3.01261,0.114576
2890.01,3.01608,0.114642
2899.98,3.00567,0.114444
2910.02,3.00914,0.11451
2919.96,2.99527,0.114246
2929.97,2.99534,0.110784
2939.97,2.9988,0.110848
2950.03,3.0092,0.11104
2959.98,3.0092,0.11104
2970,3.0092,0.11104
2980,3.00227,0.110912
2989.98,3.00579,0.107508
3000.03,3.01267,0.111104
3009.96,3.01962,0.111232
3019.96,3.01608,0.114642
3030.03,3.00227,0.110912
3039.98,3.0092,0.11104
3049.99,3.01267,0.111104
3059.98,3.00914,0.11451
3070.03,3.0022,0.114378
3079.96,2.99188,0.11072
3090.04,3.00227,0.110912
3100.01,3.0022,0.114378
3110.03,2.98842,0.110656
3120.03,2.98848,0.107198
3129.99,2.9988,0.110848
3140.01,2.99188,0.11072
3150,2.98502,0.107136
3159.96,2.99194,0.10726
3169.97,2.99534,0.110784
3179.95,2.98842,0.110656
3190,2.98502,0.107136
3200,2.98157,0.107074
3209.96,2.98502,0.107136
3219.99,2.97805,0.110464
3229.97,2.97811,0.107012
3240.02,2.9746,0.1104
3250.02,2.96438,0.10332
3259.98,2.97128,0.10344
3270,2.97818,0.10356
3279.98,2.96438,0.10332
3290.01,2.97473,0.1035
3300,2.96094,0.10326
3310.05,2.96789,0.099934
3320.05,2.97128,0.10344
3330,2.961,0.099818
3340.01,2.96789,0.099934
3349.97,2.96094,0.10326
3359.99,2.94725,0.099586
3369.95,2.94731,0.096152
3379.98,2.95074,0.096208
3389.95,2.94736,0.092718
3399.97,2.95079,0.092772
3409.94,2.95423,0.092826
3419.97,2.94736,0.092718
3429.94,2.94398,0.089232
3439.97,2.94403,0.0858
3449.94,2.96122,0.08605
3459.97,2.95777,0.086
3470.05,2.95434,0.08595
3479.96,2.95434,0.08595
3490.04,2.95777,0.086
3500.05,2.95782,0.08256
3510,2.95782,0.08256
3520.01,2.96127,0.082608
3529.95,2.96127,0.082608
3539.95,2.96127,0.082608
3550,2.95443,0.079074
3559.99,2.9648,0.075768
3570.03,2.97859,0.075944
3579.99,2.9751,0.07935
3590.02,2.96825,0.075812
3599.97,2.97859,0.075944
3609.98,2.97859,0.075944
3620.04,2.99246,0.07266
3630.03,2.99588,0.076164
3639.94,2.99934,0.076208
3650.03,3.00281,0.076252
3660.05,2.99934,0.076208
3669.99,3.00974,0.07634
3679.99,3.00623,0.079764
3690.04,3.00627,0.076296
3700,3.00978,0.07287
3710.02,3.02368,0.073038
3719.96,3.04454,0.07678
3729.95,3.05148,0.080362
3740,3.05493,0.083904
3749.95,3.04091,0.0872
3759.96,3.03399,0.083616
3770.03,3.04794,0.083808
3780,3.0444,0.08725
3790.03,3.04794,0.083808
3799.97,3.05488,0.0874
3809.96,3.05138,0.08735
3820,3.04784,0.090792
3829.95,3.03737,0.090636
3839.95,3.05133,0.090844
3850,3.04086,0.090688
3859.96,3.05133,0.090844
3869.97,3.03732,0.094122
3880.03,3.04086,0.090688
3889.99,3.03737,0.090636
3900,3.04435,0.09074
3910.07,3.04081,0.094176
3920.03,3.04435,0.09074
3930.05,3.04779,0.094284
3939.96,3.0443,0.09423
3950.07,3.0443,0.09423
3959.93,3.0443,0.09423
3969.99,3.03732,0.094122
3979.94,3.04424,0.09772
3989.95,3.03378,0.097552
4000,3.02682,0.09744
4016.06,3.02339,0.093906
4032.26,3.02339,0.093906
4048.58,3.02339,0.093906
4065.04,3.02339,0.093906
4081.63,3.01992,0.093852
4098.36,3.01992,0.093852
4115.23,3.01992,0.093852
4132.23,3.01992,0.093852
4149.38,3.01992,0.093852
4166.67,3.01644,0.093798
4184.1,3.01644,0.093798
4201.68,3.01297,0.093744
4219.41,3.01297,0.093744
4237.29,3.01297,0.093744
4255.32,3.01297,0.093744
4273.5,3.01297,0.093744
4291.85,3.0095,0.09369
4310.34,3.0095,0.09369
4329,3.0095,0.09369
4347.83,3.0095,0.09369
4366.81,3.00603,0.093636
4385.96,3.00608,0.090168
4405.29,3.00608,0.090168
4424.78,3.00608,0.090168
4444.44,3.00608,0.090168
4464.29,3.00608,0.090168
4484.3,3.00261,0.090116
4504.5,3.00261,0.090116
4524.89,3.00261,0.090116
4545.45,3.00261,0.090116
4566.21,3.00261,0.090116
4587.16,3.00261,0.090116
4608.29,2.99915,0.090064
4629.63,2.99915,0.090064
4651.16,2.99915,0.090064
4672.9,2.99915,0.090064
4694.84,2.99569,0.090012
4716.98,2.99569,0.090012
4739.34,2.99222,0.08996
4761.9,2.99222,0.08996
4784.69,2.99569,0.090012
4807.69,2.99222,0.08996
4830.92,2.99222,0.08996
4854.37,2.99222,0.08996
4878.05,2.99222,0.08996
4901.96,2.98877,0.089908
4926.11,2.98877,0.089908
4950.5,2.98531,0.089856
4975.12,2.98536,0.0864
5000,2.98536,0.0864
5025.13,2.98536,0.0864
5050.51,2.98536,0.0864
5076.14,2.98536,0.0864
5102.04,2.98536,0.0864
5128.21,2.98536,0.0864
5154.64,2.9819,0.08635
5181.35,2.97845,0.0863
5208.33,2.97845,0.0863
5235.6,2.975,0.08625
5263.16,2.975,0.08625
5291.01,2.97155,0.0862
5319.15,2.9681,0.08615
5347.59,2.96466,0.0861
5376.34,2.96471,0.082656
5405.41,2.9716,0.082752
5434.78,2.975,0.08625
5464.48,2.9681,0.08615
5494.51,2.96122,0.08605
5524.86,2.95782,0.08256
5555.56,2.96471,0.082656
5586.59,2.96815,0.082704
5617.98,2.96471,0.082656
5649.72,2.96471,0.082656
5681.82,2.96127,0.082608
5714.29,2.96127,0.082608
5747.13,2.95782,0.08256
5780.35,2.95782,0.08256
5813.95,2.95439,0.082512
5847.95,2.95095,0.082464
5882.35,2.95095,0.082464
5917.16,2.94751,0.082416
5952.38,2.94751,0.082416
5988.02,2.94751,0.082416
6024.1,2.94751,0.082416
6060.61,2.94408,0.082368
6097.56,2.94408,0.082368
6134.97,2.94065,0.08232
6172.84,2.93722,0.082272
6211.18,2.93722,0.082272
6250,2.93722,0.082272
6289.31,2.93037,0.082176
6329.11,2.93041,0.078752
6369.43,2.93384,0.078798
6410.26,2.93384,0.078798
6451.61,2.93041,0.078752
6493.51,2.92015,0.078614
6535.95,2.92015,0.078614
6578.95,2.92699,0.078706
6622.52,2.92357,0.07866
6666.67,2.92015,0.078614
6711.41,2.92015,0.078614
6756.76,2.91674,0.078568
6802.72,2.91674,0.078568
6849.32,2.91332,0.078522
6896.55,2.91332,0.078522
6944.44,2.90991,0.078476
6993.01,2.9065,0.07843
7042.25,2.90313,0.074976
7092.2,2.90313,0.074976
7142.86,2.89973,0.074932
7194.24,2.89632,0.074888
7246.38,2.89632,0.074888
7299.27,2.89292,0.074844
7352.94,2.89292,0.074844
7407.41,2.88952,0.0748
7462.69,2.88612,0.074756
7518.8,2.88272,0.074712
7575.76,2.87933,0.074668
7633.59,2.87933,0.074668
7692.31,2.87593,0.074624
7751.94,2.87254,0.07458
7812.5,2.87254,0.07458
7874.02,2.86915,0.074536
7936.51,2.86581,0.071106
8000,2.86242,0.071064
8064.52,2.85904,0.071022
8130.08,2.85566,0.07098
8196.72,2.85228,0.070938
8264.46,2.8489,0.070896
8333.33,2.84553,0.070854
8403.36,2.83878,0.07077
8474.58,2.83541,0.070728
8547.01,2.83205,0.070686
8620.69,2.82868,0.070644
8695.65,2.82532,0.070602
8771.93,2.82196,0.07056
8849.56,2.81524,0.070476
8928.57,2.80523,0.067
9009.01,2.79853,0.06692
9090.91,2.79518,0.06688
9174.31,2.79184,0.06684
9259.26,2.78516,0.06676
9345.79,2.78182,0.06672
9433.96,2.77519,0.063308
9523.81,2.76853,0.063232
9615.38,2.76521,0.063194
9708.74,2.76188,0.063156
9803.92,2.75192,0.063042
9900.99,2.7486,0.063004
10000,2.74197,0.062928
10101,2.73539,0.059544
10204.1,2.72878,0.059472
10309.3,2.72218,0.0594
10416.7,2.71558,0.059328
10526.3,2.70899,0.059256
10638.3,2.69912,0.059148
10752.7,2.69259,0.055794
10869.6,2.68275,0.055692
10989,2.67621,0.055624
11111.1,2.6664,0.055522
11236,2.65661,0.05542
11363.6,2.64687,0.052064
11494.3,2.63712,0.051968
11627.9,2.63063,0.051904
11764.7,2.62094,0.04857
11904.8,2.61446,0.04851
12048.2,2.61123,0.04848
12195.1,2.6048,0.045192
12345.7,2.59835,0.045136
12500,2.59835,0.045136
12658.2,2.5919,0.04508
12820.5,2.58868,0.045052
12987,2.5855,0.041808
13157.9,2.57907,0.041756
13333.3,2.57265,0.041704
13513.5,2.56624,0.041652
13698.6,2.56306,0.038424
13888.9,2.55666,0.038376
14084.5,2.55027,0.038328
14285.7,2.54707,0.038304
14492.8,2.54069,0.038256
14705.9,2.53434,0.035024
14925.4,2.52798,0.03498
15151.5,2.52162,0.034936
15384.6,2.51845,0.034914
15625,2.51528,0.034892
15873,2.50896,0.03168
16129,2.50579,0.03166
16393.4,2.49946,0.03162
16666.7,2.49314,0.03158
16949.2,2.48683,0.03154
17241.4,2.48052,0.0315
17543.9,2.47425,0.028314
17857.1,2.46796,0.028278
18181.8,2.46482,0.02826
18511.7,2.45854,0.028224
18867.9,2.45228,0.028188
19230.8,2.4429,0.025008
19607.8,2.43666,0.024976
20000,2.43354,0.02496
20408.2,2.43042,0.024944
20833.3,2.42107,0.024896
21276.6,2.41176,0.021742
21739.1,2.40245,0.0217
22222.2,2.39626,0.021672
22727.3,2.39316,0.021658
23255.8,2.39008,0.018552
23809.5,2.39317,0.018564
24390.2,2.40246,0.0186
25000,2.42421,0.018684
25641,2.47115,0.018864
26315.8,2.60496,0.019368
27027,2.64705,0.029286
27777.8,2.44912,0.0313
28571.4,2.31946,0.024368
29411.8,2.27401,0.021112
30303,2.24695,0.020986
31250,2.20816,0.017832
32258.1,2.17854,0.017712
33333.3,2.15794,0.01469
34482.8,2.12866,0.01459
35714.3,2.10538,0.01451
37037,2.08512,0.011552
38461.5,2.06208,0.011488
40000,2.04488,0.01144
41666.7,2.03062,0.00855
43478.3,2.01923,0.008526
45454.5,2.01071,0.008508
47619,2.00788,0.008502
