# source: refractiveindex.info database (CC0), main/ZnSe/nk/Querry.yml
# freq_cm1,eps_real,eps_imag
460.001,5.09405,0.0060298
480.001,5.17562,0.00351396
500,5.24868,0.0019391
519.999,5.30842,0.000847411
540.001,5.36849,0.000472205
560.001,5.41958,0.000390638
579.999,5.46157,0.000365974
599.999,5.49902,0.000260295
620.001,5.5272,0.000263312
640,5.55545,0.000151791
660.001,5.57904,7.18048e-05
679.999,5.59796,3.12312e-05
700.001,5.61216,1.61092e-05
719.999,5.63113,8.0682e-06
740.001,5.64538,5.2272e-06
760,5.65964,3.3306e-06
780.001,5.67392,3.3348e-06
800,5.68346,3.8144e-06
820.001,5.69777,3.3418e-06
839.997,5.70254,3.8208e-06
860.001,5.7121,3.824e-06
880.003,5.72166,3.8272e-06
900.001,5.72645,3.8288e-06
919.997,5.73602,3.832e-06
940,5.73602,4.311e-06
959.997,5.74561,4.3146e-06
979.998,5.7504,4.3164e-06
1000,5.7552,4.3182e-06
1020,5.7552,5.2778e-06
1040,5.76,5.28e-06
1060,5.7648,4.802e-06
1080,5.7648,4.802e-06
1100,5.7648,5.2822e-06
1120,5.7696,4.804e-06
1140,5.77441,4.806e-06
1160,5.77922,4.3272e-06
1180,5.77922,4.3272e-06
1200,5.78402,4.329e-06
1220,5.78884,4.3308e-06
1240,5.78884,3.8496e-06
1260,5.78884,4.3308e-06
1280,5.79365,4.3326e-06
1300,5.79846,3.8528e-06
1319.99,5.79846,3.8528e-06
1340,5.80328,3.8544e-06
1360.01,5.80328,3.8544e-06
1380,5.80328,3.8544e-06
1399.99,5.8081,3.856e-06
1419.99,5.8081,3.374e-06
1440.01,5.81292,3.8576e-06
1460,5.81292,3.3754e-06
1479.99,5.81292,3.3754e-06
1499.99,5.81774,3.3768e-06
1520.01,5.81774,3.3768e-06
1540,5.82257,3.8608e-06
1559.99,5.82257,3.8608e-06
1580,5.82257,3.8608e-06
1600,5.82257,4.826e-06
1620.01,5.82257,5.7912e-06
1639.99,5.82257,5.3086e-06
1660,5.82257,4.3434e-06
1679.99,5.82257,3.3782e-06
1699.99,5.82257,2.8956e-06
1719.99,5.8274,2.8968e-06
1740.01,5.8274,2.8968e-06
1760.01,5.8274,2.8968e-06
1779.99,5.8274,2.414e-06
1799.99,5.8274,2.414e-06
1820,5.83222,2.415e-06
1839.99,5.83222,2.415e-06
1860.02,5.83222,2.415e-06
1880.02,5.83222,2.415e-06
1899.98,5.83222,2.415e-06
1920.01,5.83222,1.932e-06
1940.01,5.83222,1.932e-06
1960.02,5.83222,1.932e-06
1980,5.83222,1.932e-06
2000,5.83222,1.932e-06
2020,5.83222,1.932e-06
2039.98,5.83222,1.932e-06
2059.99,5.83222,1.932e-06
2080,5.83222,1.449e-06
2100,5.83222,1.449e-06
2119.99,5.83222,1.449e-06
2140,5.83222,1.449e-06
2160.01,5.83222,1.449e-06
2179.98,5.83222,1.449e-06
2199.98,5.83222,9.66e-07
2220,5.83222,9.66e-07
2239.99,5.83706,9.664e-07
2259.99,5.83706,9.664e-07
2279.98,5.83706,9.664e-07
2300.01,5.83706,4.832e-07
2320.02,5.84189,4.834e-07
2340,5.84189,4.834e-07
2359.99,5.84189,4.834e-07
2379.99,5.84189,0
2399.98,5.84189,0
2420.02,5.83706,0
2439.98,5.84189,0
2460.02,5.83706,0
2479.97,5.8274,0
2500,5.83706,0
2519.97,5.83223,0
2540.01,5.8274,0
2559.97,5.8274,0
2579.98,5.8274,0
2599.97,5.8274,0
2620,5.8274,0
2639.99,5.82257,0
2660,5.82257,0
2680.03,5.8274,0
2700,5.8274,0
2719.98,5.8274,0
2740.03,5.82257,0
2759.99,5.82257,0
2780.02,5.82257,0
2800.02,5.82257,0
2820,5.82257,0
2840.02,5.8274,0
2860,5.8274,0
2880.02,5.8274,0
2899.98,5.8274,0
2919.96,5.83223,0
2939.97,5.83706,0
2959.98,5.8274,0
2980,5.8274,0
3000.03,5.82257,0
3019.96,5.82257,0
3039.98,5.8274,0
3059.98,5.82257,0
3079.96,5.8274,0
3100.01,5.8274,0
3120.03,5.8274,0
3140.01,5.83223,0
3159.96,5.83223,0
3179.95,5.83223,0
3200,5.83706,0
3219.99,5.83706,0
3240.02,5.83706,0
3259.98,5.83706,0
3279.98,5.83706,0
3300,5.83706,0
3320.05,5.83706,0
3340.01,5.84189,0
3359.99,5.83706,0
3379.98,5.84189,0
3399.97,5.84189,0
3419.97,5.84189,0
3439.97,5.84672,0
3459.97,5.84672,0
3479.96,5.84672,0
3500.05,5.84672,0
3520.01,5.85156,0
3539.95,5.84672,0
3559.99,5.84672,0
3579.99,5.84672,0
3599.97,5.84672,0
3620.04,5.85156,0
3639.94,5.85156,0
3660.05,5.85156,0
3679.99,5.85156,0
3700,5.85156,0
3719.96,5.85156,0
3740,5.8564,0
3759.96,5.8564,0
3780,5.8564,0
3799.97,5.8564,0
3820,5.8564,0
3839.95,5.86124,0
3859.96,5.86124,0
3880.03,5.86124,0
3900,5.86124,0
3920.03,5.86124,0
3939.96,5.86124,0
3959.93,5.86124,0
3979.94,5.86124,0
4000,5.86124,0
4032.26,5.86608,0
4065.04,5.86608,0
4098.36,5.86608,0
4132.23,5.86608,0
4166.67,5.87093,0
4201.68,5.87093,0
4237.29,5.87093,0
4273.5,5.87578,0
4310.34,5.87578,0
4347.83,5.87578,0
4385.96,5.87578,0
4424.78,5.88062,0
4464.29,5.88062,0
4504.5,5.88548,0
4545.45,5.88062,0
4587.16,5.88548,0
4629.63,5.88548,0
4672.9,5.89033,0
4716.98,5.89033,0
4761.9,5.89518,0
4807.69,5.89518,0
4854.37,5.89518,0
4901.96,5.90004,0
4950.5,5.9049,0
5000,5.90976,0
5050.51,5.90976,0
5102.04,5.90976,0
5154.64,5.90976,0
5208.33,5.91462,0
5263.16,5.91462,0
5319.15,5.91462,0
5376.34,5.91462,0
5434.78,5.91949,0
5494.51,5.92436,0
5555.56,5.92923,0
5617.98,5.92923,0
5681.82,5.9341,0
5747.13,5.9341,0
5813.95,5.93897,0
5882.35,5.93897,0
5952.38,5.94384,0
6024.1,5.94384,0
6097.56,5.94872,0
6172.84,5.94872,0
6250,5.9536,0
6329.11,5.95848,0
6410.26,5.95848,0
6493.51,5.96825,0
6578.95,5.97314,0
6666.67,5.97314,0
6756.76,5.97314,0
6849.32,5.97802,0
6944.44,5.97802,0
7042.25,5.98292,0
7142.86,5.98781,0
7246.38,5.98781,0
7352.94,5.9927,0
7462.69,5.9927,0
7575.76,5.9976,0
7692.31,5.9976,0
7812.5,6.0025,4.9e-07
7936.51,6.0074,4.902e-07
8064.52,6.0123,4.904e-07
8196.72,6.01721,4.906e-07
8333.33,6.02212,4.908e-07
8474.58,6.02212,4.908e-07
8620.69,6.03194,4.912e-07
8771.93,6.03194,4.912e-07
8928.57,6.03685,4.914e-07
9090.91,6.04176,4.916e-07
9259.26,6.04176,4.916e-07
9433.96,6.04176,4.916e-07
9615.38,6.04668,4.918e-07
9803.92,6.04668,4.918e-07
10000,6.0516,9.84e-07
10204.1,6.05652,9.844e-07
10416.7,6.06144,9.848e-07
10638.3,6.0713,9.856e-07
10869.6,6.0713,9.856e-07
11111.1,6.0713,9.856e-07
11363.6,6.08116,9.864e-07
11627.9,6.09102,9.872e-07
11904.8,6.1009,9.88e-07
12195.1,6.13058,9.904e-07
12500,6.16032,1.4892e-06
12820.5,6.19512,1.4934e-06
13157.9,6.23501,1.4982e-06
13513.5,6.27002,1.5024e-06
13888.9,6.3001,1.506e-06
14285.7,6.33026,1.5096e-06
14705.9,6.35544,1.5126e-06
15151.5,6.39078,2.0224e-06
15625,6.43637,2.0296e-06
16129,6.4923,2.0384e-06
16666.7,6.5536,2.56e-06
17241.4,6.64608,3.0936e-06
17857.1,6.73922,4.1536e-06
18518.5,6.8644,7.86e-06
19230.8,7.0225,2.279e-05
20000,7.25225,6.51706e-05
